2025-12-30 17:10:17,425 [INFO] Activator:176 - 


2025-12-30 17:10:17,428 [INFO] Activator:177 - !SESSION log4j initialized
2025-12-30 17:10:20,901 [INFO] LogOutputStream:77 - [STDOUT_REDIRECT] 
2025-12-30 17:10:24,258 [INFO] ApplicationProperties:184 - Using Application install path: C:\ST\STM32CubeIDE_1.19.0\STM32CubeIDE\plugins\com.st.stm32cube.common.mx_6.15.0.202507011659
2025-12-30 17:10:24,293 [INFO] DbMcusXml:78 - Set database path to: C:\ST\STM32CubeIDE_1.19.0\STM32CubeIDE\plugins\com.st.stm32cube.common.mx_6.15.0.202507011659\\db\/mcu/
2025-12-30 17:10:24,293 [INFO] ApiDb:274 - Set plugin database path to: C:\ST\STM32CubeIDE_1.19.0\STM32CubeIDE\plugins\com.st.stm32cube.common.mx_6.15.0.202507011659\\db\/plugins/boardmanager/
2025-12-30 17:10:24,298 [WARN] ApiDb:259 - Overriding images path with different value:  => C:\ST\STM32CubeIDE_1.19.0\STM32CubeIDE\plugins\com.st.stm32cube.common.mx_6.15.0.202507011659\\db\/plugins/mcufinder/images/
2025-12-30 17:10:24,311 [INFO] ApiDb:250 - Set database path to: C:\Users\Admin\.stmcufinder\plugins\mcufinder//mcu/
2025-12-30 17:10:24,314 [INFO] DbMcusAds:125 - Set database path to: C:\Users\Admin\.stmcufinder\plugins\mcufinder//mcu/
2025-12-30 17:10:24,319 [INFO] CrossReferenceDbSqlite:203 - Set database path to: C:\Users\Admin\.stmcufinder\plugins\mcufinder//mcu/cs/
2025-12-30 17:10:24,576 [INFO] RulesReader:64 - Compatibility file has been processed (317 Rules)
2025-12-30 17:10:24,737 [INFO] DbMcusXml:78 - Set database path to: C:\ST\STM32CubeIDE_1.19.0\STM32CubeIDE\plugins\com.st.stm32cube.common.mx_6.15.0.202507011659\\db\/mcu/
2025-12-30 17:10:24,737 [INFO] ApiDb:274 - Set plugin database path to: C:\ST\STM32CubeIDE_1.19.0\STM32CubeIDE\plugins\com.st.stm32cube.common.mx_6.15.0.202507011659\\db\/plugins/boardmanager/
2025-12-30 17:10:24,737 [INFO] ApiDb:261 - Set plugin images path to: C:\ST\STM32CubeIDE_1.19.0\STM32CubeIDE\plugins\com.st.stm32cube.common.mx_6.15.0.202507011659\\db\/plugins/mcufinder/images/
2025-12-30 17:10:24,738 [WARN] DbFile:41 - Overriding database path with different value: C:\Users\Admin\.stmcufinder\plugins\mcufinder/ => C:\Users\Admin\.stmcufinder\plugins\mcufinder
2025-12-30 17:10:24,738 [INFO] ApiDb:250 - Set database path to: C:\Users\Admin\.stmcufinder\plugins\mcufinder//mcu/
2025-12-30 17:10:24,738 [WARN] DbFile:41 - Overriding database path with different value: C:\Users\Admin\.stmcufinder\plugins\mcufinder/ => C:\Users\Admin\.stmcufinder\plugins\mcufinder
2025-12-30 17:10:24,739 [INFO] DbMcusAds:125 - Set database path to: C:\Users\Admin\.stmcufinder\plugins\mcufinder//mcu/
2025-12-30 17:10:24,739 [WARN] DbFile:41 - Overriding database path with different value: C:\Users\Admin\.stmcufinder\plugins\mcufinder/ => C:\Users\Admin\.stmcufinder\plugins\mcufinder
2025-12-30 17:10:24,739 [WARN] DbFile:41 - Overriding database path with different value: C:\Users\Admin\.stmcufinder\plugins\mcufinder/ => C:\Users\Admin\.stmcufinder\plugins\mcufinder
2025-12-30 17:10:24,739 [INFO] CrossReferenceDbSqlite:203 - Set database path to: C:\Users\Admin\.stmcufinder\plugins\mcufinder//mcu/cs/
2025-12-30 17:10:24,874 [INFO] MainPanel:274 - HeapMemory: 268435456
2025-12-30 17:10:25,011 [INFO] DbMcusXml:78 - Set database path to: C:\ST\STM32CubeIDE_1.19.0\STM32CubeIDE\plugins\com.st.stm32cube.common.mx_6.15.0.202507011659\\db\/mcu/
2025-12-30 17:10:25,011 [INFO] ApiDb:274 - Set plugin database path to: C:\ST\STM32CubeIDE_1.19.0\STM32CubeIDE\plugins\com.st.stm32cube.common.mx_6.15.0.202507011659\\db\/plugins/boardmanager/
2025-12-30 17:10:25,011 [INFO] ApiDb:261 - Set plugin images path to: C:\ST\STM32CubeIDE_1.19.0\STM32CubeIDE\plugins\com.st.stm32cube.common.mx_6.15.0.202507011659\\db\/plugins/mcufinder/images/
2025-12-30 17:10:25,012 [WARN] DbFile:41 - Overriding database path with different value: C:\Users\Admin\.stmcufinder\plugins\mcufinder/ => C:\Users\Admin\.stmcufinder\plugins\mcufinder
2025-12-30 17:10:25,013 [INFO] ApiDb:250 - Set database path to: C:\Users\Admin\.stmcufinder\plugins\mcufinder//mcu/
2025-12-30 17:10:25,013 [WARN] DbFile:41 - Overriding database path with different value: C:\Users\Admin\.stmcufinder\plugins\mcufinder/ => C:\Users\Admin\.stmcufinder\plugins\mcufinder
2025-12-30 17:10:25,013 [INFO] DbMcusAds:125 - Set database path to: C:\Users\Admin\.stmcufinder\plugins\mcufinder//mcu/
2025-12-30 17:10:25,014 [WARN] DbFile:41 - Overriding database path with different value: C:\Users\Admin\.stmcufinder\plugins\mcufinder/ => C:\Users\Admin\.stmcufinder\plugins\mcufinder
2025-12-30 17:10:25,014 [WARN] DbFile:41 - Overriding database path with different value: C:\Users\Admin\.stmcufinder\plugins\mcufinder/ => C:\Users\Admin\.stmcufinder\plugins\mcufinder
2025-12-30 17:10:25,014 [INFO] CrossReferenceDbSqlite:203 - Set database path to: C:\Users\Admin\.stmcufinder\plugins\mcufinder//mcu/cs/
2025-12-30 17:10:25,052 [INFO] ApplicationProperties:184 - Using Application install path: C:\ST\STM32CubeIDE_1.19.0\STM32CubeIDE\plugins\com.st.stm32cube.common.mx_6.15.0.202507011659
2025-12-30 17:10:25,054 [INFO] PluginManage:196 - Search for loadable plugins [exclusion list=, ]
2025-12-30 17:10:25,056 [INFO] PluginManage:310 - Check plugin analytics
2025-12-30 17:10:25,525 [INFO] AnalyticsPlugin:253 - Accepted Software Licenses: 
2025-12-30 17:10:25,526 [INFO] AnalyticsPlugin:255 - Accepted CMSIS Pack Licenses: 
2025-12-30 17:10:25,526 [INFO] AnalyticsPlugin:257 - Accepted Firmware Licenses: FW.F4.1.28.0
2025-12-30 17:10:25,535 [INFO] PluginManage:359 - Loaded plugin analytics (category:tool,tabindex:-1)
2025-12-30 17:10:25,536 [INFO] PluginManage:310 - Check plugin cadmodel
2025-12-30 17:10:25,544 [INFO] CADModel:105 - Init CAD model plugin
2025-12-30 17:10:25,545 [INFO] PluginManage:359 - Loaded plugin cadmodel (category:power,tabindex:5)
2025-12-30 17:10:25,546 [INFO] PluginManage:310 - Check plugin clock
2025-12-30 17:10:25,564 [INFO] PluginManage:359 - Loaded plugin clock (category:base,tabindex:2)
2025-12-30 17:10:25,565 [INFO] PluginManage:310 - Check plugin ddr
2025-12-30 17:10:25,568 [INFO] PluginManage:359 - Loaded plugin ddr (category:tool,tabindex:6)
2025-12-30 17:10:25,569 [INFO] PluginManage:310 - Check plugin filemanager
2025-12-30 17:10:25,953 [INFO] PluginManage:359 - Loaded plugin filemanager (category:base,tabindex:10)
2025-12-30 17:10:25,954 [INFO] PluginManage:310 - Check plugin ipmanager
2025-12-30 17:10:25,971 [INFO] PluginManage:359 - Loaded plugin ipmanager (category:base,tabindex:5)
2025-12-30 17:10:25,972 [INFO] PluginManage:310 - Check plugin lpbam
2025-12-30 17:10:25,989 [INFO] PluginManage:359 - Loaded plugin lpbam (category:base,tabindex:0)
2025-12-30 17:10:25,989 [INFO] PluginManage:310 - Check plugin memorymap
2025-12-30 17:10:26,013 [INFO] PluginManage:359 - Loaded plugin memorymap (category:base,tabindex:4)
2025-12-30 17:10:26,013 [INFO] PluginManage:310 - Check plugin pinoutandconfiguration
2025-12-30 17:10:26,029 [INFO] PluginManage:359 - Loaded plugin pinoutandconfiguration (category:base,tabindex:1)
2025-12-30 17:10:26,030 [INFO] PluginManage:310 - Check plugin pinoutconfig
2025-12-30 17:10:26,168 [WARN] SupportedApi:132 - Cannot load RTOS API schema: s4s-elt-must-match.1: The content of 'definitions' must match (annotation?, (simpleType | complexType)?, (unique | key | keyref)*)). A problem was found starting at: attribute.
2025-12-30 17:10:26,383 [INFO] PluginManage:359 - Loaded plugin pinoutconfig (category:base,tabindex:0)
2025-12-30 17:10:26,384 [INFO] PluginManage:310 - Check plugin power
2025-12-30 17:10:26,401 [INFO] PluginManage:359 - Loaded plugin power (category:power,tabindex:4)
2025-12-30 17:10:26,401 [INFO] PluginManage:310 - Check plugin projectmanager
2025-12-30 17:10:26,432 [INFO] PluginManage:359 - Loaded plugin projectmanager (category:projectmanager,tabindex:4)
2025-12-30 17:10:26,433 [INFO] PluginManage:310 - Check plugin rif
2025-12-30 17:10:26,456 [INFO] PluginManage:359 - Loaded plugin rif (category:base,tabindex:3)
2025-12-30 17:10:26,457 [INFO] PluginManage:310 - Check plugin thirdparty
2025-12-30 17:10:26,677 [INFO] PluginManage:359 - Loaded plugin thirdparty (category:base,tabindex:-1)
2025-12-30 17:10:26,677 [INFO] PluginManage:310 - Check plugin tools
2025-12-30 17:10:26,677 [WARN] IntegrityCheckThread:84 - waiting for thirdparty lock release [integrity check]
2025-12-30 17:10:26,678 [INFO] IntegrityCheckThread:86 - entering critical section [integrity check]
2025-12-30 17:10:26,678 [INFO] ThirdPartyUpdaterWithRetryManager:70 - Updater plugin not ready yet. [1/15]
2025-12-30 17:10:26,681 [INFO] PluginManage:359 - Loaded plugin tools (category:base,tabindex:7)
2025-12-30 17:10:26,682 [INFO] PluginManage:310 - Check plugin tutovideos
2025-12-30 17:10:26,926 [INFO] PluginManage:359 - Loaded plugin tutovideos (category:base,tabindex:-1)
2025-12-30 17:10:26,927 [INFO] PluginManage:310 - Check plugin updater
2025-12-30 17:10:26,962 [INFO] PluginManage:359 - Loaded plugin updater (category:base,tabindex:12)
2025-12-30 17:10:26,962 [INFO] PluginManage:310 - Check plugin userauth
2025-12-30 17:10:26,968 [INFO] UserAuth:118 - Init User Auth plugin
2025-12-30 17:10:26,969 [INFO] PluginManage:359 - Loaded plugin userauth (category:base,tabindex:14)
2025-12-30 17:10:26,970 [INFO] PluginManage:283 - PluginManage : Loaded plugins [18]
2025-12-30 17:10:27,353 [INFO] PinOutPanel:1589 - setPackage(No Configuration,No Configuration)
2025-12-30 17:10:27,514 [INFO] CADModel:165 - CPN selected for project level
2025-12-30 17:10:27,514 [INFO] CADModel:114 - Register for checkConnection events
2025-12-30 17:10:27,538 [INFO] IPUIPlugin:80 - create IPUIPlugin
2025-12-30 17:10:27,538 [INFO] PluginManager:220 - loadIPPluginJar : add adc
2025-12-30 17:10:27,542 [INFO] IPUIPlugin:80 - create IPUIPlugin
2025-12-30 17:10:27,542 [INFO] PluginManager:220 - loadIPPluginJar : add aes
2025-12-30 17:10:27,547 [INFO] IPUIPlugin:80 - create IPUIPlugin
2025-12-30 17:10:27,547 [INFO] PluginManager:220 - loadIPPluginJar : add can
2025-12-30 17:10:27,550 [INFO] IPUIPlugin:80 - create IPUIPlugin
2025-12-30 17:10:27,550 [INFO] PluginManager:220 - loadIPPluginJar : add comp
2025-12-30 17:10:27,553 [INFO] IPUIPlugin:80 - create IPUIPlugin
2025-12-30 17:10:27,554 [INFO] PluginManager:220 - loadIPPluginJar : add cryp
2025-12-30 17:10:27,557 [INFO] IPUIPlugin:80 - create IPUIPlugin
2025-12-30 17:10:27,557 [INFO] PluginManager:220 - loadIPPluginJar : add ddr_ctrl_phy
2025-12-30 17:10:27,561 [INFO] IPUIPlugin:80 - create IPUIPlugin
2025-12-30 17:10:27,561 [INFO] PluginManager:220 - loadIPPluginJar : add dfsdm
2025-12-30 17:10:27,569 [INFO] IPUIPlugin:80 - create IPUIPlugin
2025-12-30 17:10:27,569 [INFO] PluginManager:220 - loadIPPluginJar : add dma
2025-12-30 17:10:27,573 [INFO] IPUIPlugin:80 - create IPUIPlugin
2025-12-30 17:10:27,573 [INFO] PluginManager:220 - loadIPPluginJar : add dma3
2025-12-30 17:10:27,578 [INFO] IPUIPlugin:80 - create IPUIPlugin
2025-12-30 17:10:27,578 [INFO] PluginManager:220 - loadIPPluginJar : add extmemmanager
2025-12-30 17:10:27,581 [INFO] IPUIPlugin:80 - create IPUIPlugin
2025-12-30 17:10:27,581 [INFO] PluginManager:220 - loadIPPluginJar : add fatfs
2025-12-30 17:10:27,589 [INFO] IPUIPlugin:80 - create IPUIPlugin
2025-12-30 17:10:27,589 [INFO] PluginManager:220 - loadIPPluginJar : add fmc
2025-12-30 17:10:27,599 [INFO] IPUIPlugin:80 - create IPUIPlugin
2025-12-30 17:10:27,599 [INFO] PluginManager:220 - loadIPPluginJar : add freertos
2025-12-30 17:10:27,603 [INFO] IPUIPlugin:80 - create IPUIPlugin
2025-12-30 17:10:27,604 [INFO] PluginManager:220 - loadIPPluginJar : add genericplugin
2025-12-30 17:10:27,607 [INFO] IPUIPlugin:80 - create IPUIPlugin
2025-12-30 17:10:27,607 [INFO] PluginManager:220 - loadIPPluginJar : add gfxmmu
2025-12-30 17:10:27,616 [INFO] IPUIPlugin:80 - create IPUIPlugin
2025-12-30 17:10:27,616 [INFO] PluginManager:220 - loadIPPluginJar : add gic
2025-12-30 17:10:27,622 [INFO] IPUIPlugin:80 - create IPUIPlugin
2025-12-30 17:10:27,623 [INFO] PluginManager:220 - loadIPPluginJar : add gpio
2025-12-30 17:10:27,627 [INFO] IPUIPlugin:80 - create IPUIPlugin
2025-12-30 17:10:27,627 [INFO] PluginManager:220 - loadIPPluginJar : add gtzc
2025-12-30 17:10:27,632 [INFO] IPUIPlugin:80 - create IPUIPlugin
2025-12-30 17:10:27,632 [INFO] PluginManager:220 - loadIPPluginJar : add hash
2025-12-30 17:10:27,637 [INFO] IPUIPlugin:80 - create IPUIPlugin
2025-12-30 17:10:27,637 [INFO] PluginManager:220 - loadIPPluginJar : add i2c
2025-12-30 17:10:27,643 [INFO] IPUIPlugin:80 - create IPUIPlugin
2025-12-30 17:10:27,644 [INFO] PluginManager:220 - loadIPPluginJar : add i2s
2025-12-30 17:10:27,655 [INFO] IPUIPlugin:80 - create IPUIPlugin
2025-12-30 17:10:27,655 [INFO] PluginManager:220 - loadIPPluginJar : add i3c
2025-12-30 17:10:27,662 [INFO] IPUIPlugin:80 - create IPUIPlugin
2025-12-30 17:10:27,663 [INFO] PluginManager:220 - loadIPPluginJar : add ipddr
2025-12-30 17:10:27,674 [INFO] IPUIPlugin:80 - create IPUIPlugin
2025-12-30 17:10:27,675 [INFO] PluginManager:220 - loadIPPluginJar : add linkedlist
2025-12-30 17:10:27,682 [INFO] IPUIPlugin:80 - create IPUIPlugin
2025-12-30 17:10:27,682 [INFO] PluginManager:220 - loadIPPluginJar : add lorawan
2025-12-30 17:10:27,685 [INFO] IPUIPlugin:80 - create IPUIPlugin
2025-12-30 17:10:27,686 [INFO] PluginManager:220 - loadIPPluginJar : add ltdc
2025-12-30 17:10:27,695 [INFO] IPUIPlugin:80 - create IPUIPlugin
2025-12-30 17:10:27,696 [INFO] PluginManager:220 - loadIPPluginJar : add mdma
2025-12-30 17:10:27,701 [INFO] IPUIPlugin:80 - create IPUIPlugin
2025-12-30 17:10:27,702 [INFO] PluginManager:220 - loadIPPluginJar : add nvic
2025-12-30 17:10:27,706 [INFO] IPUIPlugin:80 - create IPUIPlugin
2025-12-30 17:10:27,706 [INFO] PluginManager:220 - loadIPPluginJar : add opamp
2025-12-30 17:10:27,712 [INFO] IPUIPlugin:80 - create IPUIPlugin
2025-12-30 17:10:27,712 [INFO] PluginManager:220 - loadIPPluginJar : add openamp
2025-12-30 17:10:27,717 [INFO] IPUIPlugin:80 - create IPUIPlugin
2025-12-30 17:10:27,718 [INFO] PluginManager:220 - loadIPPluginJar : add pdm2pcm
2025-12-30 17:10:27,726 [INFO] IPUIPlugin:80 - create IPUIPlugin
2025-12-30 17:10:27,732 [INFO] PluginManager:220 - loadIPPluginJar : add plateformsettings
2025-12-30 17:10:27,735 [INFO] IPUIPlugin:80 - create IPUIPlugin
2025-12-30 17:10:27,735 [INFO] PluginManager:220 - loadIPPluginJar : add quadspi
2025-12-30 17:10:27,739 [INFO] IPUIPlugin:80 - create IPUIPlugin
2025-12-30 17:10:27,740 [INFO] PluginManager:220 - loadIPPluginJar : add radio
2025-12-30 17:10:27,746 [INFO] IPUIPlugin:80 - create IPUIPlugin
2025-12-30 17:10:27,746 [INFO] PluginManager:220 - loadIPPluginJar : add resmgrutility
2025-12-30 17:10:27,750 [INFO] IPUIPlugin:80 - create IPUIPlugin
2025-12-30 17:10:27,751 [INFO] PluginManager:220 - loadIPPluginJar : add sai
2025-12-30 17:10:27,754 [INFO] IPUIPlugin:80 - create IPUIPlugin
2025-12-30 17:10:27,754 [INFO] PluginManager:220 - loadIPPluginJar : add spi
2025-12-30 17:10:27,762 [INFO] IPUIPlugin:80 - create IPUIPlugin
2025-12-30 17:10:27,762 [INFO] PluginManager:220 - loadIPPluginJar : add stm32_wpan
2025-12-30 17:10:27,765 [INFO] IPUIPlugin:80 - create IPUIPlugin
2025-12-30 17:10:27,765 [INFO] PluginManager:220 - loadIPPluginJar : add tim
2025-12-30 17:10:27,769 [INFO] IPUIPlugin:80 - create IPUIPlugin
2025-12-30 17:10:27,770 [INFO] PluginManager:220 - loadIPPluginJar : add touchsensing
2025-12-30 17:10:27,773 [INFO] IPUIPlugin:80 - create IPUIPlugin
2025-12-30 17:10:27,774 [INFO] PluginManager:220 - loadIPPluginJar : add tracer_emb
2025-12-30 17:10:27,776 [INFO] IPUIPlugin:80 - create IPUIPlugin
2025-12-30 17:10:27,776 [INFO] PluginManager:220 - loadIPPluginJar : add ts
2025-12-30 17:10:27,786 [INFO] IPUIPlugin:80 - create IPUIPlugin
2025-12-30 17:10:27,787 [INFO] PluginManager:220 - loadIPPluginJar : add tsc
2025-12-30 17:10:27,790 [INFO] IPUIPlugin:80 - create IPUIPlugin
2025-12-30 17:10:27,791 [INFO] PluginManager:220 - loadIPPluginJar : add ucpd
2025-12-30 17:10:27,797 [INFO] IPUIPlugin:80 - create IPUIPlugin
2025-12-30 17:10:27,797 [INFO] PluginManager:220 - loadIPPluginJar : add usart
2025-12-30 17:10:27,801 [INFO] IPUIPlugin:80 - create IPUIPlugin
2025-12-30 17:10:27,801 [INFO] PluginManager:220 - loadIPPluginJar : add usbx
2025-12-30 17:10:27,970 [FATAL] Updater:351 - Updater called before beeing initialized
2025-12-30 17:10:28,026 [INFO] RulesReader:64 - Compatibility file has been processed (317 Rules)
2025-12-30 17:10:28,051 [INFO] RulesReader:64 - Compatibility file has been processed (317 Rules)
2025-12-30 17:10:28,069 [INFO] CADModel:165 - CPN selected for project level
2025-12-30 17:10:28,070 [INFO] CADModel:114 - Register for checkConnection events
2025-12-30 17:10:28,070 [FATAL] Updater:351 - Updater called before beeing initialized
2025-12-30 17:10:28,070 [ERROR] CADModel:125 - Updater not yet initialized, retry later 
2025-12-30 17:10:28,320 [FATAL] Updater:351 - Updater called before beeing initialized
2025-12-30 17:10:28,324 [INFO] CADModel:165 - CPN selected for project level
2025-12-30 17:10:28,324 [INFO] CADModel:114 - Register for checkConnection events
2025-12-30 17:10:28,325 [FATAL] Updater:351 - Updater called before beeing initialized
2025-12-30 17:10:28,325 [ERROR] CADModel:125 - Updater not yet initialized, retry later 
2025-12-30 17:10:28,331 [FATAL] Updater:351 - Updater called before beeing initialized
2025-12-30 17:10:28,555 [FATAL] Updater:351 - Updater called before beeing initialized
2025-12-30 17:10:28,563 [INFO] DbMcusAds:53 - JSON generation date=Tue Dec 16 04:41:46 IST 2025 (1765840306612)
2025-12-30 17:10:28,564 [FATAL] Updater:351 - Updater called before beeing initialized
2025-12-30 17:10:28,621 [WARN] DetailPanel:346 - Failed to get advertising image, set to default
2025-12-30 17:10:28,767 [FATAL] Updater:351 - Updater called before beeing initialized
2025-12-30 17:10:28,769 [FATAL] Updater:351 - Updater called before beeing initialized
2025-12-30 17:10:28,769 [FATAL] Updater:351 - Updater called before beeing initialized
2025-12-30 17:10:28,769 [WARN] DetailPanel:346 - Failed to get advertising image, set to default
2025-12-30 17:10:28,771 [FATAL] Updater:351 - Updater called before beeing initialized
2025-12-30 17:10:28,860 [ERROR] Updater:1198 - MainUpdater not yet initialized. External WinMGr cannot be set.
2025-12-30 17:10:28,863 [INFO] Updater:1134 - Updater Version found : 6.15.0
2025-12-30 17:10:28,884 [INFO] ApplicationProperties:184 - Using Application install path: C:\ST\STM32CubeIDE_1.19.0\STM32CubeIDE\plugins\com.st.stm32cube.common.mx_6.15.0.202507011659
2025-12-30 17:10:29,372 [INFO] MainUpdater:2872 - connection check result : 10
2025-12-30 17:10:29,373 [INFO] MainUpdater:289 - Updater Check For Update Now.
2025-12-30 17:10:29,374 [INFO] MicroXplorer:498 - Change Database Version : DB.6.0.150
2025-12-30 17:10:29,386 [INFO] McuFinderGlobals:63 - Set McuFinder mode to 2 (CubeIDE integrated)
2025-12-30 17:10:29,387 [INFO] UserAuth:171 - activating auth plugin
2025-12-30 17:10:29,391 [INFO] UserAuth:487 - Internet connection configuration mode: 1
2025-12-30 17:10:29,424 [INFO] JxBrowserEngine:152 - Initiate JxBrowser Engine with user profile folder
2025-12-30 17:10:29,650 [INFO] CheckServerUpdateThread:120 - End of CheckServer Thread
2025-12-30 17:10:30,132 [WARN] PackLoader:240 - Cannot read IP mode file for STMicroelectronics.FP-SNS-MOTENVWB1.1.4.0
2025-12-30 17:10:30,150 [WARN] PackLoader:240 - Cannot read IP mode file for STMicroelectronics.FP-ATR-ASTRA1.2.0.2
2025-12-30 17:10:30,170 [WARN] PackLoader:240 - Cannot read IP mode file for STMicroelectronics.X-CUBE-SMBUS.2.1.0
2025-12-30 17:10:30,271 [WARN] PackLoader:240 - Cannot read IP mode file for STMicroelectronics.X-CUBE-AZRTOS-F7.1.1.0
2025-12-30 17:10:30,331 [WARN] PackLoader:240 - Cannot read IP mode file for STMicroelectronics.FP-SNS-MOTENV1.5.1.0
2025-12-30 17:10:30,359 [WARN] PackLoader:240 - Cannot read IP mode file for WES.I-CUBE-Cesium.1.4.0
2025-12-30 17:10:30,455 [WARN] PackLoader:240 - Cannot read IP mode file for STMicroelectronics.X-CUBE-AZRTOS-H7.3.4.0
2025-12-30 17:10:30,486 [WARN] PackLoader:240 - Cannot read IP mode file for STMicroelectronics.X-CUBE-DISPLAY.3.0.0
2025-12-30 17:10:30,520 [WARN] PackLoader:240 - Cannot read IP mode file for STMicroelectronics.X-CUBE-NFC10.1.0.0
2025-12-30 17:10:30,537 [WARN] PackLoader:240 - Cannot read IP mode file for STMicroelectronics.X-CUBE-ST60.1.1.0
2025-12-30 17:10:30,557 [WARN] PackLoader:240 - Cannot read IP mode file for emotas.I-CUBE-CANOPEN.1.3.0
2025-12-30 17:10:30,572 [WARN] PackLoader:240 - Cannot read IP mode file for STMicroelectronics.X-CUBE-GNSS1.7.1.0
2025-12-30 17:10:30,593 [WARN] PackLoader:240 - Cannot read IP mode file for STMicroelectronics.FP-SNS-STBOX1.2.1.0
2025-12-30 17:10:30,608 [WARN] PackLoader:240 - Cannot read IP mode file for STMicroelectronics.FP-SNS-SMARTAG2.1.2.0
2025-12-30 17:10:30,620 [WARN] PackLoader:240 - Cannot read IP mode file for STMicroelectronics.FP-SNS-FLIGHT1.5.1.0
2025-12-30 17:10:30,643 [INFO] LogOutputStream:77 - [STDOUT_REDIRECT] 1 : Invalid condition id : UX_CORESTACK_Condition cause : null
2025-12-30 17:10:30,648 [INFO] LogOutputStream:77 - [STDOUT_REDIRECT] 1 : Invalid condition id : UX_CORESTACK_Condition cause : null
2025-12-30 17:10:30,651 [INFO] LogOutputStream:77 - [STDOUT_REDIRECT] 1 : Invalid condition id : UX_CORESTACK_Condition cause : null
2025-12-30 17:10:30,655 [INFO] LogOutputStream:77 - [STDOUT_REDIRECT] 1 : Invalid condition id : UX_CORESTACK_Condition cause : null
2025-12-30 17:10:30,659 [INFO] LogOutputStream:77 - [STDOUT_REDIRECT] 1 : Invalid condition id : UX_CORESTACK_Condition cause : null
2025-12-30 17:10:30,670 [WARN] PackLoader:240 - Cannot read IP mode file for STMicroelectronics.X-CUBE-AZRTOS-WL.2.0.0
2025-12-30 17:10:30,729 [WARN] PackLoader:240 - Cannot read IP mode file for STMicroelectronics.X-CUBE-AZRTOS-H7RS.1.2.0
2025-12-30 17:10:30,769 [WARN] PackLoader:240 - Cannot read IP mode file for STMicroelectronics.X-CUBE-BLE2.3.3.0
2025-12-30 17:10:30,828 [WARN] PackLoader:240 - Cannot read IP mode file for Infineon.AIROC-Wi-Fi-Bluetooth-STM32.1.8.0
2025-12-30 17:10:30,856 [WARN] PackLoader:240 - Cannot read IP mode file for STMicroelectronics.X-CUBE-NFC9.1.0.0
2025-12-30 17:10:30,870 [WARN] PackLoader:240 - Cannot read IP mode file for STMicroelectronics.X-CUBE-BLE1.7.1.0
2025-12-30 17:10:30,885 [WARN] PackLoader:240 - Cannot read IP mode file for STMicroelectronics.X-CUBE-FREERTOS.1.4.0
2025-12-30 17:10:30,900 [WARN] PackLoader:240 - Cannot read IP mode file for STMicroelectronics.X-CUBE-EEPRMA1.5.2.0
2025-12-30 17:10:30,906 [INFO] WebApp:169 - Instantiating new browser for Auth
2025-12-30 17:10:30,913 [WARN] PackLoader:240 - Cannot read IP mode file for Cesanta.I-CUBE-Mongoose.7.20.0
2025-12-30 17:10:30,927 [WARN] PackLoader:240 - Cannot read IP mode file for STMicroelectronics.X-CUBE-ST67W61.1.1.0
2025-12-30 17:10:31,064 [WARN] PackLoader:240 - Cannot read IP mode file for STMicroelectronics.X-CUBE-MEMS1.12.0.0
2025-12-30 17:10:31,407 [WARN] PackLoader:240 - Cannot read IP mode file for STMicroelectronics.X-CUBE-AZRTOS-G0.1.1.0
2025-12-30 17:10:31,418 [WARN] PackLoader:240 - Cannot read IP mode file for STMicroelectronics.X-CUBE-NFC4.3.0.0
2025-12-30 17:10:31,432 [WARN] PackLoader:240 - Cannot read IP mode file for EmbeddedOffice.I-CUBE-FS-RTOS.1.0.1
2025-12-30 17:10:31,442 [WARN] PackLoader:240 - Cannot read IP mode file for STMicroelectronics.X-CUBE-WB05N.2.0.0
2025-12-30 17:10:31,451 [WARN] PackLoader:240 - Cannot read IP mode file for STMicroelectronics.X-CUBE-TCPP.4.2.0
2025-12-30 17:10:31,461 [WARN] PackLoader:240 - Cannot read IP mode file for RealThread.X-CUBE-RT-Thread_Nano.4.1.1
2025-12-30 17:10:31,467 [WARN] PackLoader:240 - Cannot read IP mode file for STMicroelectronics.FP-ATR-SIGFOX1.3.2.0
2025-12-30 17:10:31,475 [WARN] PackLoader:240 - Cannot read IP mode file for ITTIA_DB.I-CUBE-ITTIADB.8.9.0
2025-12-30 17:10:31,480 [WARN] PackLoader:240 - Cannot read IP mode file for STMicroelectronics.X-CUBE-AI.10.2.0
2025-12-30 17:10:31,522 [WARN] PackLoader:240 - Cannot read IP mode file for SEGGER.I-CUBE-embOS.1.3.1
2025-12-30 17:10:31,586 [WARN] PackLoader:240 - Cannot read IP mode file for STMicroelectronics.X-CUBE-ALGOBUILD.1.4.0
2025-12-30 17:10:31,593 [WARN] PackLoader:240 - Cannot read IP mode file for STMicroelectronics.X-CUBE-PM33A1.1.0.0
2025-12-30 17:10:31,632 [WARN] PackLoader:240 - Cannot read IP mode file for STMicroelectronics.X-CUBE-AZRTOS-F4.1.1.0
2025-12-30 17:10:31,650 [WARN] PackLoader:240 - Cannot read IP mode file for STMicroelectronics.X-CUBE-ISPU.2.1.0
2025-12-30 17:10:31,685 [WARN] PackLoader:240 - Cannot read IP mode file for STMicroelectronics.X-CUBE-IPS.3.2.0
2025-12-30 17:10:31,718 [WARN] PackLoader:240 - Cannot read IP mode file for STMicroelectronics.X-CUBE-NFC12.1.0.0
2025-12-30 17:10:31,767 [WARN] PackLoader:240 - Cannot read IP mode file for STMicroelectronics.X-CUBE-AZRTOS-L5.2.0.0
2025-12-30 17:10:31,827 [WARN] PackLoader:240 - Cannot read IP mode file for STMicroelectronics.X-CUBE-NFC6.3.1.0
2025-12-30 17:10:31,844 [WARN] PackLoader:240 - Cannot read IP mode file for STMicroelectronics.X-CUBE-TOUCHGFX.4.26.0
2025-12-30 17:10:31,856 [WARN] PackLoader:240 - Cannot read IP mode file for STMicroelectronics.FP-SNS-STAIOTCFT.1.0.0
2025-12-30 17:10:31,870 [WARN] PackLoader:240 - Cannot read IP mode file for STMicroelectronics.X-CUBE-DPower.1.3.0
2025-12-30 17:10:31,911 [WARN] ConditionMgr:438 - getConditionDescription Invalid condition id : LAN8742 Phy interface Condition cause : null
2025-12-30 17:10:31,914 [WARN] PackLoader:240 - Cannot read IP mode file for STMicroelectronics.X-CUBE-AZRTOS-L4.2.0.0
2025-12-30 17:10:31,917 [WARN] ConditionMgr:1044 - genDependencies : Invalid condition id : LAN8742 Phy interface Condition cause : null
2025-12-30 17:10:31,918 [WARN] ConditionMgr:1044 - genDependencies : Invalid condition id : LAN8742 Phy interface Condition cause : null
2025-12-30 17:10:31,919 [WARN] ConditionMgr:1044 - genDependencies : Invalid condition id : LAN8742 Phy interface Condition cause : null
2025-12-30 17:10:31,935 [WARN] PackLoader:240 - Cannot read IP mode file for STMicroelectronics.X-CUBE-SFXS2LP1.4.0.0
2025-12-30 17:10:31,960 [WARN] PackLoader:240 - Cannot read IP mode file for STMicroelectronics.X-CUBE-BLEMGR.4.1.0
2025-12-30 17:10:31,995 [WARN] ConditionMgr:438 - getConditionDescription Invalid condition id : UX DEVICE CLASS RTOS Condition cause : null
2025-12-30 17:10:31,996 [WARN] ConditionMgr:438 - getConditionDescription Invalid condition id : UX DEVICE CLASS RTOS Condition cause : null
2025-12-30 17:10:32,001 [WARN] PackLoader:240 - Cannot read IP mode file for STMicroelectronics.X-CUBE-AZRTOS-WB.2.0.0
2025-12-30 17:10:32,002 [WARN] ConditionMgr:1044 - genDependencies : Invalid condition id : UX DEVICE CLASS RTOS Condition cause : null
2025-12-30 17:10:32,002 [WARN] ConditionMgr:1044 - genDependencies : Invalid condition id : UX DEVICE CLASS RTOS Condition cause : null
2025-12-30 17:10:32,003 [WARN] ConditionMgr:1044 - genDependencies : Invalid condition id : UX DEVICE CLASS RTOS Condition cause : null
2025-12-30 17:10:32,004 [WARN] ConditionMgr:1044 - genDependencies : Invalid condition id : UX DEVICE CLASS RTOS Condition cause : null
2025-12-30 17:10:32,004 [WARN] ConditionMgr:1044 - genDependencies : Invalid condition id : UX DEVICE CLASS RTOS Condition cause : null
2025-12-30 17:10:32,013 [WARN] ConditionMgr:438 - getConditionDescription Invalid condition id : Cortex-A Device cause : null
2025-12-30 17:10:32,038 [WARN] ConditionMgr:1044 - genDependencies : Invalid condition id : Cortex-A Device cause : null
2025-12-30 17:10:32,038 [WARN] ConditionMgr:1044 - genDependencies : Invalid condition id : Cortex-A Device cause : null
2025-12-30 17:10:32,038 [WARN] ConditionMgr:1044 - genDependencies : Invalid condition id : Cortex-A Device cause : null
2025-12-30 17:10:32,054 [WARN] PackLoader:240 - Cannot read IP mode file for STMicroelectronics.X-CUBE-SUBG2.5.0.0
2025-12-30 17:10:32,085 [WARN] PackLoader:240 - Cannot read IP mode file for STMicroelectronics.X-CUBE-AZRTOS-G4.2.0.0
2025-12-30 17:10:32,098 [WARN] PackLoader:240 - Cannot read IP mode file for STMicroelectronics.X-CUBE-NFC7.2.0.0
2025-12-30 17:10:32,106 [WARN] PackLoader:240 - Cannot read IP mode file for STMicroelectronics.X-CUBE-ALS.1.0.2
2025-12-30 17:10:32,119 [WARN] PackLoader:240 - Cannot read IP mode file for STMicroelectronics.X-CUBE-STSE01.1.0.0
2025-12-30 17:10:32,137 [WARN] PackLoader:240 - Cannot read IP mode file for STMicroelectronics.X-CUBE-TOF1.3.4.3
2025-12-30 17:10:32,150 [INFO] ThirdParty:978 - Integrity check success = true
2025-12-30 17:10:32,150 [INFO] IntegrityCheckThread:100 - exiting critical section [integrity check]
2025-12-30 17:10:32,150 [INFO] IntegrityCheckThread:103 - End integrity checks thread
2025-12-30 17:10:32,607 [INFO] WebApp:463 - Apply proxy settings
2025-12-30 17:10:32,608 [INFO] WebApp:548 - Chromium requires no authentication
2025-12-30 17:10:32,621 [INFO] WebApp:491 - Direct internet connection detected
2025-12-30 17:10:32,656 [INFO] WebApp:900 - Register for checkConnection events
2025-12-30 17:10:32,656 [INFO] WebApp:463 - Apply proxy settings
2025-12-30 17:10:32,657 [INFO] WebApp:548 - Chromium requires no authentication
2025-12-30 17:10:32,658 [INFO] WebApp:491 - Direct internet connection detected
2025-12-30 17:10:32,914 [INFO] WebApp:225 - Starting web application
2025-12-30 17:10:32,914 [INFO] WebApp:593 - Web application path used C:\ST\STM32CubeIDE_1.19.0\STM32CubeIDE\plugins\com.st.stm32cube.common.mx_6.15.0.202507011659\db\plugins\mcufinder\reactClient1\index.html
2025-12-30 17:10:33,496 [INFO] WebApp:191 - Connection restablished
2025-12-30 20:41:35,947 [INFO] Activator:176 - 


2025-12-30 20:41:35,953 [INFO] Activator:177 - !SESSION log4j initialized
2025-12-30 20:41:43,721 [INFO] LogOutputStream:77 - [STDOUT_REDIRECT] 
2025-12-30 20:41:48,497 [INFO] ApplicationProperties:184 - Using Application install path: C:\ST\STM32CubeIDE_1.19.0\STM32CubeIDE\plugins\com.st.stm32cube.common.mx_6.15.0.202507011659
2025-12-30 20:41:48,527 [INFO] DbMcusXml:78 - Set database path to: C:\ST\STM32CubeIDE_1.19.0\STM32CubeIDE\plugins\com.st.stm32cube.common.mx_6.15.0.202507011659\\db\/mcu/
2025-12-30 20:41:48,528 [INFO] ApiDb:274 - Set plugin database path to: C:\ST\STM32CubeIDE_1.19.0\STM32CubeIDE\plugins\com.st.stm32cube.common.mx_6.15.0.202507011659\\db\/plugins/boardmanager/
2025-12-30 20:41:48,528 [WARN] ApiDb:259 - Overriding images path with different value:  => C:\ST\STM32CubeIDE_1.19.0\STM32CubeIDE\plugins\com.st.stm32cube.common.mx_6.15.0.202507011659\\db\/plugins/mcufinder/images/
2025-12-30 20:41:48,545 [INFO] ApiDb:250 - Set database path to: C:\Users\Admin\.stmcufinder\plugins\mcufinder//mcu/
2025-12-30 20:41:48,547 [INFO] DbMcusAds:125 - Set database path to: C:\Users\Admin\.stmcufinder\plugins\mcufinder//mcu/
2025-12-30 20:41:48,553 [INFO] CrossReferenceDbSqlite:203 - Set database path to: C:\Users\Admin\.stmcufinder\plugins\mcufinder//mcu/cs/
2025-12-30 20:41:48,787 [INFO] RulesReader:64 - Compatibility file has been processed (317 Rules)
2025-12-30 20:41:48,928 [INFO] DbMcusXml:78 - Set database path to: C:\ST\STM32CubeIDE_1.19.0\STM32CubeIDE\plugins\com.st.stm32cube.common.mx_6.15.0.202507011659\\db\/mcu/
2025-12-30 20:41:48,928 [INFO] ApiDb:274 - Set plugin database path to: C:\ST\STM32CubeIDE_1.19.0\STM32CubeIDE\plugins\com.st.stm32cube.common.mx_6.15.0.202507011659\\db\/plugins/boardmanager/
2025-12-30 20:41:48,928 [INFO] ApiDb:261 - Set plugin images path to: C:\ST\STM32CubeIDE_1.19.0\STM32CubeIDE\plugins\com.st.stm32cube.common.mx_6.15.0.202507011659\\db\/plugins/mcufinder/images/
2025-12-30 20:41:48,929 [WARN] DbFile:41 - Overriding database path with different value: C:\Users\Admin\.stmcufinder\plugins\mcufinder/ => C:\Users\Admin\.stmcufinder\plugins\mcufinder
2025-12-30 20:41:48,929 [INFO] ApiDb:250 - Set database path to: C:\Users\Admin\.stmcufinder\plugins\mcufinder//mcu/
2025-12-30 20:41:48,929 [WARN] DbFile:41 - Overriding database path with different value: C:\Users\Admin\.stmcufinder\plugins\mcufinder/ => C:\Users\Admin\.stmcufinder\plugins\mcufinder
2025-12-30 20:41:48,930 [INFO] DbMcusAds:125 - Set database path to: C:\Users\Admin\.stmcufinder\plugins\mcufinder//mcu/
2025-12-30 20:41:48,930 [WARN] DbFile:41 - Overriding database path with different value: C:\Users\Admin\.stmcufinder\plugins\mcufinder/ => C:\Users\Admin\.stmcufinder\plugins\mcufinder
2025-12-30 20:41:48,930 [WARN] DbFile:41 - Overriding database path with different value: C:\Users\Admin\.stmcufinder\plugins\mcufinder/ => C:\Users\Admin\.stmcufinder\plugins\mcufinder
2025-12-30 20:41:48,931 [INFO] CrossReferenceDbSqlite:203 - Set database path to: C:\Users\Admin\.stmcufinder\plugins\mcufinder//mcu/cs/
2025-12-30 20:41:49,073 [INFO] MainPanel:274 - HeapMemory: 268435456
2025-12-30 20:41:49,307 [INFO] DbMcusXml:78 - Set database path to: C:\ST\STM32CubeIDE_1.19.0\STM32CubeIDE\plugins\com.st.stm32cube.common.mx_6.15.0.202507011659\\db\/mcu/
2025-12-30 20:41:49,307 [INFO] ApiDb:274 - Set plugin database path to: C:\ST\STM32CubeIDE_1.19.0\STM32CubeIDE\plugins\com.st.stm32cube.common.mx_6.15.0.202507011659\\db\/plugins/boardmanager/
2025-12-30 20:41:49,307 [INFO] ApiDb:261 - Set plugin images path to: C:\ST\STM32CubeIDE_1.19.0\STM32CubeIDE\plugins\com.st.stm32cube.common.mx_6.15.0.202507011659\\db\/plugins/mcufinder/images/
2025-12-30 20:41:49,308 [WARN] DbFile:41 - Overriding database path with different value: C:\Users\Admin\.stmcufinder\plugins\mcufinder/ => C:\Users\Admin\.stmcufinder\plugins\mcufinder
2025-12-30 20:41:49,308 [INFO] ApiDb:250 - Set database path to: C:\Users\Admin\.stmcufinder\plugins\mcufinder//mcu/
2025-12-30 20:41:49,308 [WARN] DbFile:41 - Overriding database path with different value: C:\Users\Admin\.stmcufinder\plugins\mcufinder/ => C:\Users\Admin\.stmcufinder\plugins\mcufinder
2025-12-30 20:41:49,308 [INFO] DbMcusAds:125 - Set database path to: C:\Users\Admin\.stmcufinder\plugins\mcufinder//mcu/
2025-12-30 20:41:49,308 [WARN] DbFile:41 - Overriding database path with different value: C:\Users\Admin\.stmcufinder\plugins\mcufinder/ => C:\Users\Admin\.stmcufinder\plugins\mcufinder
2025-12-30 20:41:49,308 [WARN] DbFile:41 - Overriding database path with different value: C:\Users\Admin\.stmcufinder\plugins\mcufinder/ => C:\Users\Admin\.stmcufinder\plugins\mcufinder
2025-12-30 20:41:49,308 [INFO] CrossReferenceDbSqlite:203 - Set database path to: C:\Users\Admin\.stmcufinder\plugins\mcufinder//mcu/cs/
2025-12-30 20:41:49,338 [INFO] ApplicationProperties:184 - Using Application install path: C:\ST\STM32CubeIDE_1.19.0\STM32CubeIDE\plugins\com.st.stm32cube.common.mx_6.15.0.202507011659
2025-12-30 20:41:49,340 [INFO] PluginManage:196 - Search for loadable plugins [exclusion list=, ]
2025-12-30 20:41:49,343 [INFO] PluginManage:310 - Check plugin analytics
2025-12-30 20:41:49,774 [INFO] AnalyticsPlugin:253 - Accepted Software Licenses: 
2025-12-30 20:41:49,775 [INFO] AnalyticsPlugin:255 - Accepted CMSIS Pack Licenses: 
2025-12-30 20:41:49,775 [INFO] AnalyticsPlugin:257 - Accepted Firmware Licenses: FW.F4.1.28.0
2025-12-30 20:41:49,780 [INFO] PluginManage:359 - Loaded plugin analytics (category:tool,tabindex:-1)
2025-12-30 20:41:49,780 [INFO] PluginManage:310 - Check plugin cadmodel
2025-12-30 20:41:49,824 [INFO] CADModel:105 - Init CAD model plugin
2025-12-30 20:41:49,825 [INFO] PluginManage:359 - Loaded plugin cadmodel (category:power,tabindex:5)
2025-12-30 20:41:49,825 [INFO] PluginManage:310 - Check plugin clock
2025-12-30 20:41:49,866 [INFO] PluginManage:359 - Loaded plugin clock (category:base,tabindex:2)
2025-12-30 20:41:49,867 [INFO] PluginManage:310 - Check plugin ddr
2025-12-30 20:41:49,871 [INFO] PluginManage:359 - Loaded plugin ddr (category:tool,tabindex:6)
2025-12-30 20:41:49,872 [INFO] PluginManage:310 - Check plugin filemanager
2025-12-30 20:41:50,389 [INFO] PluginManage:359 - Loaded plugin filemanager (category:base,tabindex:10)
2025-12-30 20:41:50,389 [INFO] PluginManage:310 - Check plugin ipmanager
2025-12-30 20:41:50,401 [INFO] PluginManage:359 - Loaded plugin ipmanager (category:base,tabindex:5)
2025-12-30 20:41:50,401 [INFO] PluginManage:310 - Check plugin lpbam
2025-12-30 20:41:50,440 [INFO] PluginManage:359 - Loaded plugin lpbam (category:base,tabindex:0)
2025-12-30 20:41:50,440 [INFO] PluginManage:310 - Check plugin memorymap
2025-12-30 20:41:50,485 [INFO] PluginManage:359 - Loaded plugin memorymap (category:base,tabindex:4)
2025-12-30 20:41:50,486 [INFO] PluginManage:310 - Check plugin pinoutandconfiguration
2025-12-30 20:41:50,518 [INFO] PluginManage:359 - Loaded plugin pinoutandconfiguration (category:base,tabindex:1)
2025-12-30 20:41:50,519 [INFO] PluginManage:310 - Check plugin pinoutconfig
2025-12-30 20:41:50,662 [WARN] SupportedApi:132 - Cannot load RTOS API schema: s4s-elt-must-match.1: The content of 'definitions' must match (annotation?, (simpleType | complexType)?, (unique | key | keyref)*)). A problem was found starting at: attribute.
2025-12-30 20:41:50,851 [INFO] PluginManage:359 - Loaded plugin pinoutconfig (category:base,tabindex:0)
2025-12-30 20:41:50,852 [INFO] PluginManage:310 - Check plugin power
2025-12-30 20:41:50,896 [INFO] PluginManage:359 - Loaded plugin power (category:power,tabindex:4)
2025-12-30 20:41:50,896 [INFO] PluginManage:310 - Check plugin projectmanager
2025-12-30 20:41:50,924 [INFO] PluginManage:359 - Loaded plugin projectmanager (category:projectmanager,tabindex:4)
2025-12-30 20:41:50,925 [INFO] PluginManage:310 - Check plugin rif
2025-12-30 20:41:50,964 [INFO] PluginManage:359 - Loaded plugin rif (category:base,tabindex:3)
2025-12-30 20:41:50,964 [INFO] PluginManage:310 - Check plugin thirdparty
2025-12-30 20:41:51,489 [INFO] PluginManage:359 - Loaded plugin thirdparty (category:base,tabindex:-1)
2025-12-30 20:41:51,490 [INFO] PluginManage:310 - Check plugin tools
2025-12-30 20:41:51,489 [WARN] IntegrityCheckThread:84 - waiting for thirdparty lock release [integrity check]
2025-12-30 20:41:51,490 [INFO] IntegrityCheckThread:86 - entering critical section [integrity check]
2025-12-30 20:41:51,491 [INFO] ThirdPartyUpdaterWithRetryManager:70 - Updater plugin not ready yet. [1/15]
2025-12-30 20:41:51,559 [INFO] PluginManage:359 - Loaded plugin tools (category:base,tabindex:7)
2025-12-30 20:41:51,559 [INFO] PluginManage:310 - Check plugin tutovideos
2025-12-30 20:41:51,859 [INFO] PluginManage:359 - Loaded plugin tutovideos (category:base,tabindex:-1)
2025-12-30 20:41:51,859 [INFO] PluginManage:310 - Check plugin updater
2025-12-30 20:41:51,892 [INFO] PluginManage:359 - Loaded plugin updater (category:base,tabindex:12)
2025-12-30 20:41:51,893 [INFO] PluginManage:310 - Check plugin userauth
2025-12-30 20:41:51,899 [INFO] UserAuth:118 - Init User Auth plugin
2025-12-30 20:41:51,902 [INFO] PluginManage:359 - Loaded plugin userauth (category:base,tabindex:14)
2025-12-30 20:41:51,903 [INFO] PluginManage:283 - PluginManage : Loaded plugins [18]
2025-12-30 20:41:52,236 [INFO] PinOutPanel:1589 - setPackage(No Configuration,No Configuration)
2025-12-30 20:41:52,379 [INFO] CADModel:165 - CPN selected for project level
2025-12-30 20:41:52,380 [INFO] CADModel:114 - Register for checkConnection events
2025-12-30 20:41:52,428 [INFO] IPUIPlugin:80 - create IPUIPlugin
2025-12-30 20:41:52,428 [INFO] PluginManager:220 - loadIPPluginJar : add adc
2025-12-30 20:41:52,503 [INFO] IPUIPlugin:80 - create IPUIPlugin
2025-12-30 20:41:52,504 [INFO] PluginManager:220 - loadIPPluginJar : add aes
2025-12-30 20:41:52,586 [INFO] IPUIPlugin:80 - create IPUIPlugin
2025-12-30 20:41:52,586 [INFO] PluginManager:220 - loadIPPluginJar : add can
2025-12-30 20:41:52,636 [INFO] IPUIPlugin:80 - create IPUIPlugin
2025-12-30 20:41:52,636 [INFO] PluginManager:220 - loadIPPluginJar : add comp
2025-12-30 20:41:52,707 [INFO] IPUIPlugin:80 - create IPUIPlugin
2025-12-30 20:41:52,707 [INFO] PluginManager:220 - loadIPPluginJar : add cryp
2025-12-30 20:41:52,730 [INFO] IPUIPlugin:80 - create IPUIPlugin
2025-12-30 20:41:52,730 [INFO] PluginManager:220 - loadIPPluginJar : add ddr_ctrl_phy
2025-12-30 20:41:52,784 [INFO] IPUIPlugin:80 - create IPUIPlugin
2025-12-30 20:41:52,784 [INFO] PluginManager:220 - loadIPPluginJar : add dfsdm
2025-12-30 20:41:52,806 [INFO] IPUIPlugin:80 - create IPUIPlugin
2025-12-30 20:41:52,806 [INFO] PluginManager:220 - loadIPPluginJar : add dma
2025-12-30 20:41:52,876 [INFO] IPUIPlugin:80 - create IPUIPlugin
2025-12-30 20:41:52,876 [INFO] PluginManager:220 - loadIPPluginJar : add dma3
2025-12-30 20:41:52,964 [INFO] IPUIPlugin:80 - create IPUIPlugin
2025-12-30 20:41:52,964 [INFO] PluginManager:220 - loadIPPluginJar : add extmemmanager
2025-12-30 20:41:53,006 [INFO] IPUIPlugin:80 - create IPUIPlugin
2025-12-30 20:41:53,006 [INFO] PluginManager:220 - loadIPPluginJar : add fatfs
2025-12-30 20:41:53,088 [INFO] IPUIPlugin:80 - create IPUIPlugin
2025-12-30 20:41:53,089 [INFO] PluginManager:220 - loadIPPluginJar : add fmc
2025-12-30 20:41:53,125 [INFO] IPUIPlugin:80 - create IPUIPlugin
2025-12-30 20:41:53,125 [INFO] PluginManager:220 - loadIPPluginJar : add freertos
2025-12-30 20:41:53,169 [INFO] IPUIPlugin:80 - create IPUIPlugin
2025-12-30 20:41:53,170 [INFO] PluginManager:220 - loadIPPluginJar : add genericplugin
2025-12-30 20:41:53,337 [INFO] IPUIPlugin:80 - create IPUIPlugin
2025-12-30 20:41:53,337 [INFO] PluginManager:220 - loadIPPluginJar : add gfxmmu
2025-12-30 20:41:53,579 [INFO] IPUIPlugin:80 - create IPUIPlugin
2025-12-30 20:41:53,579 [INFO] PluginManager:220 - loadIPPluginJar : add gic
2025-12-30 20:41:53,600 [INFO] IPUIPlugin:80 - create IPUIPlugin
2025-12-30 20:41:53,601 [INFO] PluginManager:220 - loadIPPluginJar : add gpio
2025-12-30 20:41:53,757 [INFO] IPUIPlugin:80 - create IPUIPlugin
2025-12-30 20:41:53,757 [INFO] PluginManager:220 - loadIPPluginJar : add gtzc
2025-12-30 20:41:53,814 [INFO] IPUIPlugin:80 - create IPUIPlugin
2025-12-30 20:41:53,814 [INFO] PluginManager:220 - loadIPPluginJar : add hash
2025-12-30 20:41:53,903 [INFO] IPUIPlugin:80 - create IPUIPlugin
2025-12-30 20:41:53,903 [INFO] PluginManager:220 - loadIPPluginJar : add i2c
2025-12-30 20:41:53,969 [INFO] IPUIPlugin:80 - create IPUIPlugin
2025-12-30 20:41:53,969 [INFO] PluginManager:220 - loadIPPluginJar : add i2s
2025-12-30 20:41:54,039 [INFO] IPUIPlugin:80 - create IPUIPlugin
2025-12-30 20:41:54,039 [INFO] PluginManager:220 - loadIPPluginJar : add i3c
2025-12-30 20:41:54,205 [INFO] IPUIPlugin:80 - create IPUIPlugin
2025-12-30 20:41:54,206 [INFO] PluginManager:220 - loadIPPluginJar : add ipddr
2025-12-30 20:41:54,362 [INFO] IPUIPlugin:80 - create IPUIPlugin
2025-12-30 20:41:54,363 [INFO] PluginManager:220 - loadIPPluginJar : add linkedlist
2025-12-30 20:41:54,426 [INFO] IPUIPlugin:80 - create IPUIPlugin
2025-12-30 20:41:54,426 [INFO] PluginManager:220 - loadIPPluginJar : add lorawan
2025-12-30 20:41:54,490 [INFO] IPUIPlugin:80 - create IPUIPlugin
2025-12-30 20:41:54,490 [INFO] PluginManager:220 - loadIPPluginJar : add ltdc
2025-12-30 20:41:54,492 [INFO] ThirdPartyUpdaterWithRetryManager:70 - Updater plugin not ready yet. [2/15]
2025-12-30 20:41:54,514 [INFO] IPUIPlugin:80 - create IPUIPlugin
2025-12-30 20:41:54,514 [INFO] PluginManager:220 - loadIPPluginJar : add mdma
2025-12-30 20:41:54,536 [INFO] IPUIPlugin:80 - create IPUIPlugin
2025-12-30 20:41:54,536 [INFO] PluginManager:220 - loadIPPluginJar : add nvic
2025-12-30 20:41:54,604 [INFO] IPUIPlugin:80 - create IPUIPlugin
2025-12-30 20:41:54,604 [INFO] PluginManager:220 - loadIPPluginJar : add opamp
2025-12-30 20:41:54,711 [INFO] IPUIPlugin:80 - create IPUIPlugin
2025-12-30 20:41:54,711 [INFO] PluginManager:220 - loadIPPluginJar : add openamp
2025-12-30 20:41:54,787 [INFO] IPUIPlugin:80 - create IPUIPlugin
2025-12-30 20:41:54,788 [INFO] PluginManager:220 - loadIPPluginJar : add pdm2pcm
2025-12-30 20:41:54,823 [INFO] IPUIPlugin:80 - create IPUIPlugin
2025-12-30 20:41:54,827 [INFO] PluginManager:220 - loadIPPluginJar : add plateformsettings
2025-12-30 20:41:54,881 [INFO] IPUIPlugin:80 - create IPUIPlugin
2025-12-30 20:41:54,881 [INFO] PluginManager:220 - loadIPPluginJar : add quadspi
2025-12-30 20:41:54,947 [INFO] IPUIPlugin:80 - create IPUIPlugin
2025-12-30 20:41:54,948 [INFO] PluginManager:220 - loadIPPluginJar : add radio
2025-12-30 20:41:54,973 [INFO] IPUIPlugin:80 - create IPUIPlugin
2025-12-30 20:41:54,973 [INFO] PluginManager:220 - loadIPPluginJar : add resmgrutility
2025-12-30 20:41:55,074 [INFO] IPUIPlugin:80 - create IPUIPlugin
2025-12-30 20:41:55,074 [INFO] PluginManager:220 - loadIPPluginJar : add sai
2025-12-30 20:41:55,158 [INFO] IPUIPlugin:80 - create IPUIPlugin
2025-12-30 20:41:55,159 [INFO] PluginManager:220 - loadIPPluginJar : add spi
2025-12-30 20:41:55,317 [INFO] IPUIPlugin:80 - create IPUIPlugin
2025-12-30 20:41:55,318 [INFO] PluginManager:220 - loadIPPluginJar : add stm32_wpan
2025-12-30 20:41:55,376 [INFO] IPUIPlugin:80 - create IPUIPlugin
2025-12-30 20:41:55,376 [INFO] PluginManager:220 - loadIPPluginJar : add tim
2025-12-30 20:41:55,493 [INFO] IPUIPlugin:80 - create IPUIPlugin
2025-12-30 20:41:55,493 [INFO] PluginManager:220 - loadIPPluginJar : add touchsensing
2025-12-30 20:41:55,540 [INFO] IPUIPlugin:80 - create IPUIPlugin
2025-12-30 20:41:55,540 [INFO] PluginManager:220 - loadIPPluginJar : add tracer_emb
2025-12-30 20:41:55,589 [INFO] IPUIPlugin:80 - create IPUIPlugin
2025-12-30 20:41:55,589 [INFO] PluginManager:220 - loadIPPluginJar : add ts
2025-12-30 20:41:55,636 [INFO] IPUIPlugin:80 - create IPUIPlugin
2025-12-30 20:41:55,636 [INFO] PluginManager:220 - loadIPPluginJar : add tsc
2025-12-30 20:41:55,688 [INFO] IPUIPlugin:80 - create IPUIPlugin
2025-12-30 20:41:55,688 [INFO] PluginManager:220 - loadIPPluginJar : add ucpd
2025-12-30 20:41:55,790 [INFO] IPUIPlugin:80 - create IPUIPlugin
2025-12-30 20:41:55,790 [INFO] PluginManager:220 - loadIPPluginJar : add usart
2025-12-30 20:41:55,904 [INFO] IPUIPlugin:80 - create IPUIPlugin
2025-12-30 20:41:55,904 [INFO] PluginManager:220 - loadIPPluginJar : add usbx
2025-12-30 20:41:56,099 [FATAL] Updater:351 - Updater called before beeing initialized
2025-12-30 20:41:56,163 [INFO] RulesReader:64 - Compatibility file has been processed (317 Rules)
2025-12-30 20:41:56,193 [INFO] RulesReader:64 - Compatibility file has been processed (317 Rules)
2025-12-30 20:41:56,215 [INFO] CADModel:165 - CPN selected for project level
2025-12-30 20:41:56,215 [INFO] CADModel:114 - Register for checkConnection events
2025-12-30 20:41:56,216 [FATAL] Updater:351 - Updater called before beeing initialized
2025-12-30 20:41:56,216 [ERROR] CADModel:125 - Updater not yet initialized, retry later 
2025-12-30 20:41:56,486 [FATAL] Updater:351 - Updater called before beeing initialized
2025-12-30 20:41:56,488 [INFO] CADModel:165 - CPN selected for project level
2025-12-30 20:41:56,489 [INFO] CADModel:114 - Register for checkConnection events
2025-12-30 20:41:56,489 [FATAL] Updater:351 - Updater called before beeing initialized
2025-12-30 20:41:56,489 [ERROR] CADModel:125 - Updater not yet initialized, retry later 
2025-12-30 20:41:56,494 [FATAL] Updater:351 - Updater called before beeing initialized
2025-12-30 20:41:56,695 [FATAL] Updater:351 - Updater called before beeing initialized
2025-12-30 20:41:56,702 [INFO] DbMcusAds:53 - JSON generation date=Tue Dec 16 04:41:46 IST 2025 (1765840306612)
2025-12-30 20:41:56,703 [FATAL] Updater:351 - Updater called before beeing initialized
2025-12-30 20:41:56,759 [WARN] DetailPanel:346 - Failed to get advertising image, set to default
2025-12-30 20:41:56,890 [FATAL] Updater:351 - Updater called before beeing initialized
2025-12-30 20:41:56,894 [FATAL] Updater:351 - Updater called before beeing initialized
2025-12-30 20:41:56,894 [FATAL] Updater:351 - Updater called before beeing initialized
2025-12-30 20:41:56,894 [WARN] DetailPanel:346 - Failed to get advertising image, set to default
2025-12-30 20:41:56,895 [FATAL] Updater:351 - Updater called before beeing initialized
2025-12-30 20:41:56,994 [ERROR] Updater:1198 - MainUpdater not yet initialized. External WinMGr cannot be set.
2025-12-30 20:41:57,013 [INFO] Updater:1134 - Updater Version found : 6.15.0
2025-12-30 20:41:57,107 [INFO] ApplicationProperties:184 - Using Application install path: C:\ST\STM32CubeIDE_1.19.0\STM32CubeIDE\plugins\com.st.stm32cube.common.mx_6.15.0.202507011659
2025-12-30 20:41:57,494 [INFO] ThirdPartyUpdaterWithRetryManager:70 - Updater plugin not ready yet. [3/15]
2025-12-30 20:41:58,774 [INFO] MainUpdater:2872 - connection check result : 10
2025-12-30 20:41:58,775 [INFO] MainUpdater:289 - Updater Check For Update Now.
2025-12-30 20:41:58,775 [INFO] MicroXplorer:498 - Change Database Version : DB.6.0.150
2025-12-30 20:41:58,821 [INFO] McuFinderGlobals:63 - Set McuFinder mode to 2 (CubeIDE integrated)
2025-12-30 20:41:58,821 [INFO] UserAuth:171 - activating auth plugin
2025-12-30 20:41:58,827 [INFO] UserAuth:487 - Internet connection configuration mode: 1
2025-12-30 20:41:58,897 [INFO] JxBrowserEngine:152 - Initiate JxBrowser Engine with user profile folder
2025-12-30 20:41:59,158 [INFO] CheckServerUpdateThread:120 - End of CheckServer Thread
2025-12-30 20:42:00,922 [INFO] WebApp:169 - Instantiating new browser for Auth
2025-12-30 20:42:01,252 [WARN] PackLoader:240 - Cannot read IP mode file for STMicroelectronics.FP-SNS-MOTENVWB1.1.4.0
2025-12-30 20:42:01,301 [WARN] PackLoader:240 - Cannot read IP mode file for STMicroelectronics.FP-ATR-ASTRA1.2.0.2
2025-12-30 20:42:01,346 [WARN] PackLoader:240 - Cannot read IP mode file for STMicroelectronics.X-CUBE-SMBUS.2.1.0
2025-12-30 20:42:01,461 [WARN] PackLoader:240 - Cannot read IP mode file for STMicroelectronics.X-CUBE-AZRTOS-F7.1.1.0
2025-12-30 20:42:01,516 [WARN] PackLoader:240 - Cannot read IP mode file for STMicroelectronics.FP-SNS-MOTENV1.5.1.0
2025-12-30 20:42:01,577 [WARN] PackLoader:240 - Cannot read IP mode file for WES.I-CUBE-Cesium.1.4.0
2025-12-30 20:42:01,674 [WARN] PackLoader:240 - Cannot read IP mode file for STMicroelectronics.X-CUBE-AZRTOS-H7.3.4.0
2025-12-30 20:42:01,736 [WARN] PackLoader:240 - Cannot read IP mode file for STMicroelectronics.X-CUBE-DISPLAY.3.0.0
2025-12-30 20:42:01,795 [WARN] PackLoader:240 - Cannot read IP mode file for STMicroelectronics.X-CUBE-NFC10.1.0.0
2025-12-30 20:42:01,846 [WARN] PackLoader:240 - Cannot read IP mode file for STMicroelectronics.X-CUBE-ST60.1.1.0
2025-12-30 20:42:01,913 [WARN] PackLoader:240 - Cannot read IP mode file for emotas.I-CUBE-CANOPEN.1.3.0
2025-12-30 20:42:01,970 [WARN] PackLoader:240 - Cannot read IP mode file for STMicroelectronics.X-CUBE-GNSS1.7.1.0
2025-12-30 20:42:02,023 [WARN] PackLoader:240 - Cannot read IP mode file for STMicroelectronics.FP-SNS-STBOX1.2.1.0
2025-12-30 20:42:02,075 [WARN] PackLoader:240 - Cannot read IP mode file for STMicroelectronics.FP-SNS-SMARTAG2.1.2.0
2025-12-30 20:42:02,118 [WARN] PackLoader:240 - Cannot read IP mode file for STMicroelectronics.FP-SNS-FLIGHT1.5.1.0
2025-12-30 20:42:02,177 [INFO] LogOutputStream:77 - [STDOUT_REDIRECT] 1 : Invalid condition id : UX_CORESTACK_Condition cause : null
2025-12-30 20:42:02,179 [INFO] LogOutputStream:77 - [STDOUT_REDIRECT] 1 : Invalid condition id : UX_CORESTACK_Condition cause : null
2025-12-30 20:42:02,182 [INFO] LogOutputStream:77 - [STDOUT_REDIRECT] 1 : Invalid condition id : UX_CORESTACK_Condition cause : null
2025-12-30 20:42:02,186 [INFO] LogOutputStream:77 - [STDOUT_REDIRECT] 1 : Invalid condition id : UX_CORESTACK_Condition cause : null
2025-12-30 20:42:02,190 [INFO] LogOutputStream:77 - [STDOUT_REDIRECT] 1 : Invalid condition id : UX_CORESTACK_Condition cause : null
2025-12-30 20:42:02,197 [WARN] PackLoader:240 - Cannot read IP mode file for STMicroelectronics.X-CUBE-AZRTOS-WL.2.0.0
2025-12-30 20:42:02,285 [WARN] PackLoader:240 - Cannot read IP mode file for STMicroelectronics.X-CUBE-AZRTOS-H7RS.1.2.0
2025-12-30 20:42:02,330 [WARN] PackLoader:240 - Cannot read IP mode file for STMicroelectronics.X-CUBE-BLE2.3.3.0
2025-12-30 20:42:02,401 [WARN] PackLoader:240 - Cannot read IP mode file for Infineon.AIROC-Wi-Fi-Bluetooth-STM32.1.8.0
2025-12-30 20:42:02,442 [WARN] PackLoader:240 - Cannot read IP mode file for STMicroelectronics.X-CUBE-NFC9.1.0.0
2025-12-30 20:42:02,485 [WARN] PackLoader:240 - Cannot read IP mode file for STMicroelectronics.X-CUBE-BLE1.7.1.0
2025-12-30 20:42:02,536 [WARN] PackLoader:240 - Cannot read IP mode file for STMicroelectronics.X-CUBE-FREERTOS.1.4.0
2025-12-30 20:42:02,585 [WARN] PackLoader:240 - Cannot read IP mode file for STMicroelectronics.X-CUBE-EEPRMA1.5.2.0
2025-12-30 20:42:02,677 [WARN] PackLoader:240 - Cannot read IP mode file for Cesanta.I-CUBE-Mongoose.7.20.0
2025-12-30 20:42:02,729 [WARN] PackLoader:240 - Cannot read IP mode file for STMicroelectronics.X-CUBE-ST67W61.1.1.0
2025-12-30 20:42:02,935 [WARN] PackLoader:240 - Cannot read IP mode file for STMicroelectronics.X-CUBE-MEMS1.12.0.0
2025-12-30 20:42:02,975 [INFO] WebApp:463 - Apply proxy settings
2025-12-30 20:42:02,976 [INFO] WebApp:548 - Chromium requires no authentication
2025-12-30 20:42:03,001 [INFO] WebApp:491 - Direct internet connection detected
2025-12-30 20:42:03,065 [INFO] WebApp:900 - Register for checkConnection events
2025-12-30 20:42:03,066 [INFO] WebApp:463 - Apply proxy settings
2025-12-30 20:42:03,066 [INFO] WebApp:548 - Chromium requires no authentication
2025-12-30 20:42:03,067 [INFO] WebApp:491 - Direct internet connection detected
2025-12-30 20:42:03,218 [WARN] PackLoader:240 - Cannot read IP mode file for STMicroelectronics.X-CUBE-AZRTOS-G0.1.1.0
2025-12-30 20:42:03,257 [WARN] PackLoader:240 - Cannot read IP mode file for STMicroelectronics.X-CUBE-NFC4.3.0.0
2025-12-30 20:42:03,296 [WARN] PackLoader:240 - Cannot read IP mode file for EmbeddedOffice.I-CUBE-FS-RTOS.1.0.1
2025-12-30 20:42:03,331 [WARN] PackLoader:240 - Cannot read IP mode file for STMicroelectronics.X-CUBE-WB05N.2.0.0
2025-12-30 20:42:03,371 [WARN] PackLoader:240 - Cannot read IP mode file for STMicroelectronics.X-CUBE-TCPP.4.2.0
2025-12-30 20:42:03,410 [WARN] PackLoader:240 - Cannot read IP mode file for RealThread.X-CUBE-RT-Thread_Nano.4.1.1
2025-12-30 20:42:03,443 [WARN] PackLoader:240 - Cannot read IP mode file for STMicroelectronics.FP-ATR-SIGFOX1.3.2.0
2025-12-30 20:42:03,484 [WARN] PackLoader:240 - Cannot read IP mode file for ITTIA_DB.I-CUBE-ITTIADB.8.9.0
2025-12-30 20:42:03,520 [WARN] PackLoader:240 - Cannot read IP mode file for STMicroelectronics.X-CUBE-AI.10.2.0
2025-12-30 20:42:03,557 [INFO] McuFinderGlobals:63 - Set McuFinder mode to 2 (CubeIDE integrated)
2025-12-30 20:42:03,597 [WARN] PackLoader:240 - Cannot read IP mode file for SEGGER.I-CUBE-embOS.1.3.1
2025-12-30 20:42:03,617 [INFO] WebApp:225 - Starting web application
2025-12-30 20:42:03,617 [INFO] WebApp:593 - Web application path used C:\ST\STM32CubeIDE_1.19.0\STM32CubeIDE\plugins\com.st.stm32cube.common.mx_6.15.0.202507011659\db\plugins\mcufinder\reactClient1\index.html
2025-12-30 20:42:03,647 [INFO] MainUpdater:2872 - connection check result : 10
2025-12-30 20:42:03,778 [WARN] PackLoader:240 - Cannot read IP mode file for STMicroelectronics.X-CUBE-ALGOBUILD.1.4.0
2025-12-30 20:42:03,876 [WARN] PackLoader:240 - Cannot read IP mode file for STMicroelectronics.X-CUBE-PM33A1.1.0.0
2025-12-30 20:42:03,969 [WARN] PackLoader:240 - Cannot read IP mode file for STMicroelectronics.X-CUBE-AZRTOS-F4.1.1.0
2025-12-30 20:42:04,011 [WARN] PackLoader:240 - Cannot read IP mode file for STMicroelectronics.X-CUBE-ISPU.2.1.0
2025-12-30 20:42:04,066 [WARN] PackLoader:240 - Cannot read IP mode file for STMicroelectronics.X-CUBE-IPS.3.2.0
2025-12-30 20:42:04,123 [WARN] PackLoader:240 - Cannot read IP mode file for STMicroelectronics.X-CUBE-NFC12.1.0.0
2025-12-30 20:42:04,204 [WARN] PackLoader:240 - Cannot read IP mode file for STMicroelectronics.X-CUBE-AZRTOS-L5.2.0.0
2025-12-30 20:42:04,257 [WARN] PackLoader:240 - Cannot read IP mode file for STMicroelectronics.X-CUBE-NFC6.3.1.0
2025-12-30 20:42:04,312 [WARN] PackLoader:240 - Cannot read IP mode file for STMicroelectronics.X-CUBE-TOUCHGFX.4.26.0
2025-12-30 20:42:04,361 [WARN] PackLoader:240 - Cannot read IP mode file for STMicroelectronics.FP-SNS-STAIOTCFT.1.0.0
2025-12-30 20:42:04,412 [WARN] PackLoader:240 - Cannot read IP mode file for STMicroelectronics.X-CUBE-DPower.1.3.0
2025-12-30 20:42:04,501 [WARN] ConditionMgr:438 - getConditionDescription Invalid condition id : LAN8742 Phy interface Condition cause : null
2025-12-30 20:42:04,502 [WARN] PackLoader:240 - Cannot read IP mode file for STMicroelectronics.X-CUBE-AZRTOS-L4.2.0.0
2025-12-30 20:42:04,505 [WARN] ConditionMgr:1044 - genDependencies : Invalid condition id : LAN8742 Phy interface Condition cause : null
2025-12-30 20:42:04,505 [WARN] ConditionMgr:1044 - genDependencies : Invalid condition id : LAN8742 Phy interface Condition cause : null
2025-12-30 20:42:04,507 [WARN] ConditionMgr:1044 - genDependencies : Invalid condition id : LAN8742 Phy interface Condition cause : null
2025-12-30 20:42:04,546 [WARN] PackLoader:240 - Cannot read IP mode file for STMicroelectronics.X-CUBE-SFXS2LP1.4.0.0
2025-12-30 20:42:04,596 [WARN] PackLoader:240 - Cannot read IP mode file for STMicroelectronics.X-CUBE-BLEMGR.4.1.0
2025-12-30 20:42:04,667 [WARN] ConditionMgr:438 - getConditionDescription Invalid condition id : UX DEVICE CLASS RTOS Condition cause : null
2025-12-30 20:42:04,668 [WARN] ConditionMgr:438 - getConditionDescription Invalid condition id : UX DEVICE CLASS RTOS Condition cause : null
2025-12-30 20:42:04,672 [WARN] PackLoader:240 - Cannot read IP mode file for STMicroelectronics.X-CUBE-AZRTOS-WB.2.0.0
2025-12-30 20:42:04,673 [WARN] ConditionMgr:1044 - genDependencies : Invalid condition id : UX DEVICE CLASS RTOS Condition cause : null
2025-12-30 20:42:04,674 [WARN] ConditionMgr:1044 - genDependencies : Invalid condition id : UX DEVICE CLASS RTOS Condition cause : null
2025-12-30 20:42:04,674 [WARN] ConditionMgr:1044 - genDependencies : Invalid condition id : UX DEVICE CLASS RTOS Condition cause : null
2025-12-30 20:42:04,675 [WARN] ConditionMgr:1044 - genDependencies : Invalid condition id : UX DEVICE CLASS RTOS Condition cause : null
2025-12-30 20:42:04,675 [WARN] ConditionMgr:1044 - genDependencies : Invalid condition id : UX DEVICE CLASS RTOS Condition cause : null
2025-12-30 20:42:04,711 [WARN] ConditionMgr:438 - getConditionDescription Invalid condition id : Cortex-A Device cause : null
2025-12-30 20:42:04,774 [WARN] ConditionMgr:1044 - genDependencies : Invalid condition id : Cortex-A Device cause : null
2025-12-30 20:42:04,774 [WARN] ConditionMgr:1044 - genDependencies : Invalid condition id : Cortex-A Device cause : null
2025-12-30 20:42:04,775 [WARN] ConditionMgr:1044 - genDependencies : Invalid condition id : Cortex-A Device cause : null
2025-12-30 20:42:04,820 [WARN] PackLoader:240 - Cannot read IP mode file for STMicroelectronics.X-CUBE-SUBG2.5.0.0
2025-12-30 20:42:04,883 [WARN] PackLoader:240 - Cannot read IP mode file for STMicroelectronics.X-CUBE-AZRTOS-G4.2.0.0
2025-12-30 20:42:04,920 [WARN] PackLoader:240 - Cannot read IP mode file for STMicroelectronics.X-CUBE-NFC7.2.0.0
2025-12-30 20:42:04,953 [WARN] PackLoader:240 - Cannot read IP mode file for STMicroelectronics.X-CUBE-ALS.1.0.2
2025-12-30 20:42:04,997 [WARN] PackLoader:240 - Cannot read IP mode file for STMicroelectronics.X-CUBE-STSE01.1.0.0
2025-12-30 20:42:05,089 [WARN] PackLoader:240 - Cannot read IP mode file for STMicroelectronics.X-CUBE-TOF1.3.4.3
2025-12-30 20:42:05,111 [INFO] ThirdParty:978 - Integrity check success = true
2025-12-30 20:42:05,111 [INFO] IntegrityCheckThread:100 - exiting critical section [integrity check]
2025-12-30 20:42:05,111 [INFO] IntegrityCheckThread:103 - End integrity checks thread
2025-12-30 20:42:05,750 [INFO] ApiDb:581 - Connected to CubeFinder SQLite database (C:\Users\Admin\.stmcufinder\plugins\mcufinder\mcu\cube-finder-db.db)
2025-12-30 20:42:05,977 [INFO] ApiDb:668 - CubeFinder database Data Model version=2.1
2025-12-30 20:42:05,977 [INFO] ApiDb:669 - CubeFinder database Configuration version=3.0.39
2025-12-30 20:42:05,978 [INFO] ApiDb:670 - CubeFinder database generation date=2025-11-05 (1762334721)
2025-12-30 20:42:05,978 [INFO] ApiDb:671 - CubeFinder database FW Pack versions=[FP-ATR-ASTRA1_V2.0.0, FP-SNS-FLIGHT1_V5.1.0, FP-SNS-MOTENV1_V5.1.0, FP-SNS-MOTENVWB1_V1.4.0, FP-SNS-SMARTAG2_V1.2.0, FP-SNS-STBOX1_V2.1.0, STM32Cube_FW_C0_V1.4.0, STM32Cube_FW_F4_V1.28.3, STM32Cube_FW_F7_V1.17.4, STM32Cube_FW_G0_V1.6.2, STM32Cube_FW_G4_V1.6.1, STM32Cube_FW_H5_V1.5.1, STM32Cube_FW_H7RS_V1.3.0, STM32Cube_FW_H7_V1.12.1, STM32Cube_FW_L0_V1.12.2, STM32Cube_FW_L4_V1.18.1, STM32Cube_FW_L5_V1.6.0, STM32Cube_FW_N6_V1.3.0, STM32Cube_FW_U0_V1.3.0, STM32Cube_FW_U3_V1.2.1, STM32Cube_FW_U5_V1.8.0, STM32Cube_FW_WB0_V1.4.0, STM32Cube_FW_WBA_V1.8.0, STM32Cube_FW_WB_V1.24.0, STM32Cube_FW_WL3_V1.3.0, STM32Cube_FW_WL_V1.4.0, X-CUBE-ALGOBUILD_V1.4.0, X-CUBE-ALS_V1.0.2, X-CUBE-AZRTOS-F4_V1.1.0, X-CUBE-AZRTOS-F7_V1.1.0, X-CUBE-AZRTOS-G0_V1.1.0, X-CUBE-AZRTOS-G4_V2.0.0, X-CUBE-AZRTOS-H7RS_V1.1.0, X-CUBE-AZRTOS-H7_V3.4.0, X-CUBE-AZRTOS-L4_V2.0.0, X-CUBE-AZRTOS-L5_V2.0.0, X-CUBE-AZRTOS-WB_V2.0.0, X-CUBE-AZRTOS-WL_V2.0.0, X-CUBE-BLE1_V7.1.0, X-CUBE-BLE2_V3.3.0, X-CUBE-BLEMGR_V4.1.0, X-CUBE-EEPRMA1_V5.2.0, X-CUBE-FREERTOS_V1.3.1, X-CUBE-GNSS1_V6.0.0, X-CUBE-MEMS1_V11.3.0, X-CUBE-NFC4_V3.0.0, X-CUBE-NFC7_V2.0.0, X-CUBE-SFXS2LP1_V4.0.0, X-CUBE-ST67W61_V1.1.0, X-CUBE-SUBG2_V5.0.0, X-CUBE-TOF1_V3.4.3]
2025-12-30 20:42:07,067 [INFO] WebApp:191 - Connection restablished
2025-12-30 20:42:11,461 [INFO] ApiDb:240 - Found 880 in-development CPN: [B-G473E-ZEST1S, B-WB1M-WPAN1, B-WBA5M-WPAN, B-WL5M-SUBG1, NUCLEO-C031C6, NUCLEO-C051C8, NUCLEO-C071RB, NUCLEO-C092RC, NUCLEO-H503RB, NUCLEO-H533RE, NUCLEO-H563ZI, NUCLEO-H7S3L8, NUCLEO-N657X0-Q, NUCLEO-U031R8, NUCLEO-U083RC, NUCLEO-U385RG-Q, NUCLEO-U545RE-Q, NUCLEO-U5A5ZJ-Q, NUCLEO-WB05KZ, NUCLEO-WB07CC, NUCLEO-WB09KE, NUCLEO-WBA52CG, NUCLEO-WBA55CG, NUCLEO-WL33CC1, NUCLEO-WL33CC2, STEVAL-PROTEUS1, STEVAL-SMARTAG2, STEVAL-STWINBX1, STM320518-EVAL, STM32C0116-DK, STM32C011D6Y3TR, STM32C011D6Y6TR, STM32C011F4P3, STM32C011F4P6, STM32C011F4U3, STM32C011F4U6TR, STM32C011F6P3, STM32C011F6P6, STM32C011F6U3, STM32C011F6U6TR, STM32C011J4M3, STM32C011J4M6, STM32C011J6M3, STM32C011J6M6, STM32C0316-DK, STM32C031C4T3, STM32C031C4T6, STM32C031C4U3, STM32C031C4U6, STM32C031C6T3, STM32C031C6T6, STM32C031C6U3, STM32C031C6U6, STM32C031F4P3, STM32C031F4P6, STM32C031F6P3, STM32C031F6P6, STM32C031G4U3, STM32C031G4U6, STM32C031G6U3, STM32C031G6U6, STM32C031K4T3, STM32C031K4T6, STM32C031K4U3, STM32C031K4U6, STM32C031K6T3, STM32C031K6T6, STM32C031K6U3, STM32C031K6U6, STM32C051C6T6, STM32C051C6U6, STM32C051C8T6, STM32C051C8U6, STM32C051D8Y6TR, STM32C051F6P6, STM32C051F8P6, STM32C051G6U6, STM32C051G8U6, STM32C051K6T6, STM32C051K6U6, STM32C051K8T6, STM32C071C8T6, STM32C071C8T6N, STM32C071C8U6, STM32C071C8U6N, STM32C071CBT6, STM32C071CBT6N, STM32C071CBU6, STM32C071CBU6N, STM32C071F8P6, STM32C071F8P6N, STM32C071FBP6, STM32C071FBP6N, STM32C071FBY6TR, STM32C071G8U6, STM32C071G8U6N, STM32C071GBU6, STM32C071GBU6N, STM32C071K8T6, STM32C071K8T6N, STM32C071K8U6, STM32C071K8U6N, STM32C071KBT6, STM32C071KBT6N, STM32C071KBU6, STM32C071KBU6N, STM32C071R8T6, STM32C071R8T6N, STM32C071RBI6N, STM32C071RBT6, STM32C071RBT6N, STM32C091CBT6, STM32C091CBU6, STM32C091CCT6, STM32C091CCU6, STM32C091ECY6TR, STM32C091FBP6, STM32C091FCP6, STM32C091GBU6, STM32C091GCU6, STM32C091KBT6, STM32C091KBU6, STM32C091KCT6, STM32C091KCU6, STM32C091RBT6, STM32C091RCI6, STM32C091RCT6, STM32C092CBT6, STM32C092CBU6, STM32C092CCT6, STM32C092CCU6, STM32C092ECY6TR, STM32C092FBP6, STM32C092FCP6, STM32C092GBU6, STM32C092GCU6, STM32C092KBT6, STM32C092KBU6, STM32C092KCT6, STM32C092KCU6, STM32C092RBT6, STM32C092RCI6, STM32C092RCT6, STM32G071K8TXN, STM32G071K8UXN, STM32G081GBU6N, STM32G081KBT6N, STM32G081KBUXN, STM32G0B1CCT6N, STM32G0B1KCT6, STM32G0B1NEY6TR, STM32G0B1RCT6N, STM32G0C1CCT6, STM32G0C1CCT6N, STM32G0C1CCU6N, STM32G0C1CET6N, STM32G0C1CEU6N, STM32G0C1KCT6, STM32G0C1NEY6TR, STM32G0C1RCI6N, STM32G0C1RCT6N, STM32G0C1REI6N, STM32G0C1RET6N, STM32G0C1VCI6, STM32G0C1VEI6, STM32G411C6T3, STM32G411C6T6, STM32G411C6U3, STM32G411C6U6, STM32G411C8T3, STM32G411C8T6, STM32G411C8U3, STM32G411C8U6, STM32G411CBT3, STM32G411CBT6, STM32G411CBU3, STM32G411CBU6, STM32G411K6T3, STM32G411K6T6, STM32G411K6U3, STM32G411K6U6, STM32G411K8T3, STM32G411K8T6, STM32G411K8U3, STM32G411K8U6, STM32G411KBT3, STM32G411KBT6, STM32G411KBU3, STM32G411KBU6, STM32G411M6T3, STM32G411M6T6, STM32G411M8T3, STM32G411M8T6, STM32G411MBT3, STM32G411MBT6, STM32G411R6T3, STM32G411R6T6, STM32G411R8T3, STM32G411R8T6, STM32G411RBT3, STM32G411RBT6, STM32G414CBT3, STM32G414CBT6, STM32G414CBU3, STM32G414CBU6, STM32G414CCT3, STM32G414CCT6, STM32G414CCU3, STM32G414CCU6, STM32G414MBT3, STM32G414MBT6, STM32G414MCT3, STM32G414MCT6, STM32G414RBT3, STM32G414RBT6, STM32G414RCT3, STM32G414RCT6, STM32G414VBT3, STM32G414VBT6, STM32G414VCT3, STM32G414VCT6, STM32G431CBT3Z, STM32G431RBT3Z, STM32G471CCT6, STM32G471CCU6, STM32G471CET3, STM32G471CET6, STM32G471CEU3, STM32G471CEU6, STM32G471MCT6, STM32G471MET3, STM32G471MET6, STM32G471MEY6TR, STM32G471QCT6, STM32G471QET3, STM32G471RCT6, STM32G471RET3, STM32G471RET6, STM32G471VCH6, STM32G471VCI6, STM32G471VCT6, STM32G471VEH3, STM32G471VEH6, STM32G471VEI3, STM32G471VEI6, STM32G471VET3, STM32G471VET6, STM32G473QET3Z, STM32G473RET3Z, STM32G474CCT6, STM32G491RET3Z, STM32H503CBT6, STM32H503CBU6, STM32H503EBY6TR, STM32H503KBU6, STM32H503RBT6, STM32H523CCT6, STM32H523CCU6, STM32H523CET6, STM32H523CEU6, STM32H523HEY6TR, STM32H523RCT6, STM32H523RET6, STM32H523VCI6, STM32H523VCT6, STM32H523VEI6, STM32H523VET6, STM32H523ZCJ6, STM32H523ZCT6, STM32H523ZEJ6, STM32H523ZET6, STM32H533CET6, STM32H533CEU6, STM32H533HEY6TR, STM32H533RET6, STM32H533VEI6, STM32H533VET6, STM32H533ZEJ6, STM32H533ZET6, STM32H562AGI6, STM32H562AII6, STM32H562IGK6, STM32H562IGT6, STM32H562IIK6, STM32H562IIT6, STM32H562RGT6, STM32H562RGV6, STM32H562RIT6, STM32H562RIV6, STM32H562VGT6, STM32H562VIT6, STM32H562ZGT6, STM32H562ZIT6, STM32H563AGI6, STM32H563AII3Q, STM32H563AII6, STM32H563IGK6, STM32H563IGT6, STM32H563IIK3Q, STM32H563IIK6, STM32H563IIT3Q, STM32H563IIT6, STM32H563MIY3QTR, STM32H563RGT6, STM32H563RGV6, STM32H563RIT6, STM32H563RIV6, STM32H563VGT6, STM32H563VIT3Q, STM32H563VIT6, STM32H563ZGT6, STM32H563ZIT3Q, STM32H563ZIT6, STM32H573AII3Q, STM32H573AII6, STM32H573I-DK, STM32H573IIK3Q, STM32H573IIK6, STM32H573IIT3Q, STM32H573IIT6, STM32H573MIY3QTR, STM32H573RIT6, STM32H573RIV6, STM32H573VIT3Q, STM32H573VIT6, STM32H573ZIT3Q, STM32H573ZIT6, STM32H7R3A8I6, STM32H7R3I8K6, STM32H7R3I8T6, STM32H7R3L8H6, STM32H7R3L8H6H, STM32H7R3R8V6, STM32H7R3V8H6, STM32H7R3V8T6, STM32H7R3V8Y6TR, STM32H7R3Z8J6, STM32H7R3Z8T6, STM32H7R7A8I6, STM32H7R7I8K6, STM32H7R7I8T6, STM32H7R7L8H6, STM32H7R7L8H6H, STM32H7R7Z8J6, STM32H7S3A8I6, STM32H7S3I8K6, STM32H7S3I8T6, STM32H7S3L8H6, STM32H7S3L8H6H, STM32H7S3R8V6, STM32H7S3V8H6, STM32H7S3V8T6, STM32H7S3V8Y6TR, STM32H7S3Z8J6, STM32H7S3Z8T6, STM32H7S78-DK, STM32H7S7A8I6, STM32H7S7I8K6, STM32H7S7I8T6, STM32H7S7L8H6, STM32H7S7L8H6H, STM32H7S7Z8J6, STM32L4R5QGI6STR, STM32MP131AAE3, STM32MP131AAF3, STM32MP131AAG3, STM32MP131CAE3, STM32MP131CAF3, STM32MP131CAG3, STM32MP131DAE7, STM32MP131DAF7, STM32MP131DAG7, STM32MP131FAE7, STM32MP131FAF7, STM32MP131FAG7, STM32MP133AAE3, STM32MP133AAF3, STM32MP133AAG3, STM32MP133CAE3, STM32MP133CAF3, STM32MP133CAG3, STM32MP133DAE7, STM32MP133DAF7, STM32MP133DAG7, STM32MP133FAE7, STM32MP133FAF7, STM32MP133FAG7, STM32MP135AAE3, STM32MP135AAF3, STM32MP135AAG3, STM32MP135CAE3, STM32MP135CAF3, STM32MP135CAG3, STM32MP135DAE7, STM32MP135DAF7, STM32MP135DAG7, STM32MP135F-DK, STM32MP135FAE7, STM32MP135FAF7, STM32MP135FAF7T, STM32MP135FAF7U, STM32MP135FAG7, STM32MP211AAL3, STM32MP211AAM3, STM32MP211AAN3, STM32MP211AAO3, STM32MP211CAL3, STM32MP211CAM3, STM32MP211CAN3, STM32MP211CAO3, STM32MP211DAL3, STM32MP211DAM3, STM32MP211DAN3, STM32MP211DAO3, STM32MP211FAL3, STM32MP211FAM3, STM32MP211FAN3, STM32MP211FAO3, STM32MP213AAL3, STM32MP213AAM3, STM32MP213AAN3, STM32MP213AAO3, STM32MP213CAL3, STM32MP213CAM3, STM32MP213CAN3, STM32MP213CAO3, STM32MP213DAL3, STM32MP213DAM3, STM32MP213DAN3, STM32MP213DAO3, STM32MP213FAL3, STM32MP213FAM3, STM32MP213FAN3, STM32MP213FAO3, STM32MP215AAL3, STM32MP215AAM3, STM32MP215AAN3, STM32MP215AAO3, STM32MP215CAL3, STM32MP215CAM3, STM32MP215CAN3, STM32MP215CAO3, STM32MP215DAL3, STM32MP215DAM3, STM32MP215DAN3, STM32MP215DAO3, STM32MP215F-DK, STM32MP215FAL3, STM32MP215FAM3, STM32MP215FAN3, STM32MP215FAO3, STM32MP231AAJ3, STM32MP231AAK3, STM32MP231AAL3, STM32MP231CAJ3, STM32MP231CAK3, STM32MP231CAL3, STM32MP231DAJ3, STM32MP231DAK3, STM32MP231DAL3, STM32MP231FAJ3, STM32MP231FAK3, STM32MP231FAL3, STM32MP233AAJ3, STM32MP233AAK3, STM32MP233AAL3, STM32MP233CAJ3, STM32MP233CAK3, STM32MP233CAL3, STM32MP233DAJ3, STM32MP233DAK3, STM32MP233DAL3, STM32MP233FAJ3, STM32MP233FAK3, STM32MP233FAL3, STM32MP235AAJ3, STM32MP235AAK3, STM32MP235AAL3, STM32MP235CAJ3, STM32MP235CAK3, STM32MP235CAL3, STM32MP235DAJ3, STM32MP235DAK3, STM32MP235DAL3, STM32MP235FAJ3, STM32MP235FAK3, STM32MP235FAL3, STM32MP251AAI3, STM32MP251AAK3, STM32MP251AAL3, STM32MP251CAI3, STM32MP251CAK3, STM32MP251CAL3, STM32MP251DAI3, STM32MP251DAK3, STM32MP251DAL3, STM32MP251FAI3, STM32MP251FAK3, STM32MP251FAL3, STM32MP253AAI3, STM32MP253AAK3, STM32MP253AAL3, STM32MP253CAI3, STM32MP253CAK3, STM32MP253CAL3, STM32MP253DAI3, STM32MP253DAK3, STM32MP253DAL3, STM32MP253FAI3, STM32MP253FAK3, STM32MP253FAL3, STM32MP255AAI3, STM32MP255AAK3, STM32MP255AAL3, STM32MP255CAI3, STM32MP255CAK3, STM32MP255CAL3, STM32MP255DAI3, STM32MP255DAK3, STM32MP255DAL3, STM32MP255FAI3, STM32MP255FAK3, STM32MP255FAL3, STM32MP257AAI3, STM32MP257AAK3, STM32MP257AAL3, STM32MP257CAI3, STM32MP257CAK3, STM32MP257CAL3, STM32MP257DAI3, STM32MP257DAK3, STM32MP257DAL3, STM32MP257F-DK, STM32MP257F-EV1, STM32MP257FAI3, STM32MP257FAK3, STM32MP257FAL3, STM32N645A0H3Q, STM32N645B0H3Q, STM32N645I0H3Q, STM32N645L0H3Q, STM32N645X0H3Q, STM32N645Z0H3Q, STM32N647A0H3Q, STM32N647B0H3Q, STM32N647I0H3Q, STM32N647L0H3Q, STM32N647X0H3Q, STM32N647Z0H3Q, STM32N655A0H3Q, STM32N655B0H3Q, STM32N655I0H3Q, STM32N655L0H3Q, STM32N655X0H3Q, STM32N655Z0H3Q, STM32N6570-DK, STM32N657A0H3Q, STM32N657B0H3Q, STM32N657I0H3Q, STM32N657L0H3Q, STM32N657X0H3Q, STM32N657Z0H3Q, STM32U031C6T6, STM32U031C6U6, STM32U031C8T6, STM32U031C8U6, STM32U031F4P6, STM32U031F6P6, STM32U031F8P6, STM32U031G6Y6TR, STM32U031G8Y6TR, STM32U031K4U6, STM32U031K6U6, STM32U031K8U6, STM32U031R6I6, STM32U031R6T6, STM32U031R8I6, STM32U031R8T6, STM32U073C8T6, STM32U073C8U6, STM32U073CBT6, STM32U073CBU6, STM32U073CCT6, STM32U073CCU6, STM32U073H8Y6TR, STM32U073HBY6TR, STM32U073HCY6TR, STM32U073K8U6, STM32U073KBU6, STM32U073KCU6, STM32U073M8I6, STM32U073M8T6, STM32U073MBI6, STM32U073MBT6, STM32U073MCI6, STM32U073MCT6, STM32U073R8I6, STM32U073R8T6, STM32U073RBI6, STM32U073RBT6, STM32U073RCI6, STM32U073RCT6, STM32U083C-DK, STM32U083CCT6, STM32U083CCU6, STM32U083HCY6TR, STM32U083KCU6, STM32U083MCI6, STM32U083MCT6, STM32U083RCI6, STM32U083RCT6, STM32U375CET6, STM32U375CET6Q, STM32U375CEU6, STM32U375CEU6Q, STM32U375CEY6QTR, STM32U375CGT6, STM32U375CGT6Q, STM32U375CGU6, STM32U375CGU6Q, STM32U375CGY6QTR, STM32U375KEU6, STM32U375KGU6, STM32U375REI6, STM32U375REI6Q, STM32U375RET6, STM32U375RET6Q, STM32U375REY6GTR, STM32U375REY6QTR, STM32U375RGI6, STM32U375RGI6Q, STM32U375RGT6, STM32U375RGT6Q, STM32U375RGY6GTR, STM32U375RGY6QTR, STM32U375VEI6, STM32U375VEI6Q, STM32U375VET6, STM32U375VET6Q, STM32U375VGI6, STM32U375VGI6Q, STM32U375VGT6, STM32U375VGT6Q, STM32U385CGT6, STM32U385CGT6Q, STM32U385CGU6, STM32U385CGU6Q, STM32U385CGY6QTR, STM32U385KGU6, STM32U385RGI6, STM32U385RGI6Q, STM32U385RGT6, STM32U385RGT6Q, STM32U385RGY6GTR, STM32U385RGY6QTR, STM32U385VGI6, STM32U385VGI6Q, STM32U385VGT6, STM32U385VGT6Q, STM32U535CBT6, STM32U535CBT6Q, STM32U535CBU6, STM32U535CBU6Q, STM32U535CCT6, STM32U535CCT6Q, STM32U535CCU6, STM32U535CCU6Q, STM32U535CET6, STM32U535CET6Q, STM32U535CEU6, STM32U535CEU6Q, STM32U535JEY6QTR, STM32U535NCY6QTR, STM32U535NEY6QTR, STM32U535RBI6, STM32U535RBI6Q, STM32U535RBT6, STM32U535RBT6Q, STM32U535RCI6, STM32U535RCI6Q, STM32U535RCT6, STM32U535RCT6Q, STM32U535REI6, STM32U535REI6Q, STM32U535RET6, STM32U535RET6Q, STM32U535VCI6, STM32U535VCI6Q, STM32U535VCT6, STM32U535VCT6Q, STM32U535VEI6, STM32U535VEI6Q, STM32U535VET6, STM32U535VET6Q, STM32U545CET6, STM32U545CET6Q, STM32U545CEU6, STM32U545CEU6Q, STM32U545JEY6QTR, STM32U545NEY6QTR, STM32U545REI6, STM32U545REI6Q, STM32U545RET6, STM32U545RET6Q, STM32U545VEI6, STM32U545VEI6Q, STM32U545VET6, STM32U545VET6Q, STM32U595AIH6, STM32U595AIH6Q, STM32U595AJH6, STM32U595AJH6Q, STM32U595QII6, STM32U595QII6Q, STM32U595QJI6, STM32U595QJI6Q, STM32U595RIT6, STM32U595RIT6Q, STM32U595RJT6, STM32U595RJT6Q, STM32U595VIT6, STM32U595VIT6Q, STM32U595VJT6, STM32U595VJT6Q, STM32U595ZIT6, STM32U595ZIT6Q, STM32U595ZIY6QTR, STM32U595ZJT6, STM32U595ZJT6Q, STM32U595ZJY6QTR, STM32U599BJY6QTR, STM32U599NIH6Q, STM32U599NJH6Q, STM32U599VIT6Q, STM32U599VJT6, STM32U599VJT6Q, STM32U599ZIT6Q, STM32U599ZIY6QTR, STM32U599ZJT6Q, STM32U599ZJY6QTR, STM32U5A5AJH6, STM32U5A5AJH6Q, STM32U5A5QII3Q , STM32U5A5QJI6, STM32U5A5QJI6Q, STM32U5A5RJT6, STM32U5A5RJT6Q, STM32U5A5VJT6, STM32U5A5VJT6Q, STM32U5A5ZJT6, STM32U5A5ZJT6Q, STM32U5A5ZJY6QTR, STM32U5A9BJY6QTR, STM32U5A9J-DK, STM32U5A9NJH6Q, STM32U5A9VJT6Q, STM32U5A9ZJT6Q, STM32U5A9ZJY6QTR, STM32U5F7VIT6, STM32U5F7VIT6Q, STM32U5F7VJT6, STM32U5F7VJT6Q, STM32U5F9BJY6QTR, STM32U5F9NJH6Q, STM32U5F9VIT6Q, STM32U5F9VJT6Q, STM32U5F9ZIJ6QTR, STM32U5F9ZIT6Q, STM32U5F9ZJJ6QTR, STM32U5F9ZJT6Q, STM32U5G7VJT6, STM32U5G7VJT6Q, STM32U5G9BJY6QTR, STM32U5G9J-DK1, STM32U5G9J-DK2, STM32U5G9NJH6Q, STM32U5G9VJT6Q, STM32U5G9ZJJ6QTR, STM32U5G9ZJT6Q, STM32WB05KZV6TR, STM32WB05KZV7TR, STM32WB05TZF6TR, STM32WB05TZF7TR, STM32WB06CCF6TR, STM32WB06CCF7TR, STM32WB06CCV6TR, STM32WB06CCV7TR, STM32WB06KCV6TR, STM32WB06KCV7TR, STM32WB07CCF6TR, STM32WB07CCF7TR, STM32WB07CCV6TR, STM32WB07CCV7TR, STM32WB07KCV6TR, STM32WB07KCV7TR, STM32WB09KEV6TR, STM32WB09KEV7TR, STM32WB09TEF6TR, STM32WB09TEF7TR, STM32WB1MMCH6, STM32WBA50KGU6, STM32WBA50KGU6TR, STM32WBA52CEU6, STM32WBA52CEU6TR, STM32WBA52CEU7, STM32WBA52CEU7TR, STM32WBA52CGU6, STM32WBA52CGU6TR, STM32WBA52CGU6U, STM32WBA52CGU7, STM32WBA52CGU7TR, STM32WBA52KEU6, STM32WBA52KEU6TR, STM32WBA52KGU6, STM32WBA52KGU6TR, STM32WBA54CEU6, STM32WBA54CEU6TR, STM32WBA54CEU7, STM32WBA54CEU7TR, STM32WBA54CGU6, STM32WBA54CGU6TR, STM32WBA54CGU7, STM32WBA54CGU7TR, STM32WBA54KEU6, STM32WBA54KEU6TR, STM32WBA54KEU7, STM32WBA54KEU7TR, STM32WBA54KGU6, STM32WBA54KGU6TR, STM32WBA54KGU7, STM32WBA54KGU7TR, STM32WBA55CEU6, STM32WBA55CEU6TR, STM32WBA55CEU7, STM32WBA55CEU7TR, STM32WBA55CGU6, STM32WBA55CGU6TR, STM32WBA55CGU6U, STM32WBA55CGU7, STM32WBA55CGU7TR, STM32WBA55G-DK1, STM32WBA55HEF6, STM32WBA55HEF7, STM32WBA55HGF6, STM32WBA55HGF7, STM32WBA55UEI6, STM32WBA55UEI6TR, STM32WBA55UEI7, STM32WBA55UEI7TR, STM32WBA55UGI6, STM32WBA55UGI6TR, STM32WBA55UGI7, STM32WBA55UGI7TR, STM32WBA5MMGH6TR, STM32WBA62MGF6, STM32WBA62MIF6, STM32WBA65MGF7, STM32WBA65MIF6, STM32WBA65MIF7, STM32WL30K8V6, STM32WL30KBV6, STM32WL31C8V6, STM32WL31CBV6, STM32WL31K8V6, STM32WL31KBV6, STM32WL33C8V6, STM32WL33C8V6X, STM32WL33CBV6, STM32WL33CBV6X, STM32WL33CCV6, STM32WL33CCV6A, STM32WL33CCV6X, STM32WL33K8V7, STM32WL33K8V7X, STM32WL33KBV7 , STM32WL33KBV7X, STM32WL33KCV7, STM32WL33KCV7X, STM32WL5MOCH6, STM32WL5MOCH6TR]
2025-12-30 20:42:11,474 [INFO] DbMcus:218 - Found 4876 MCUs, 4876 are supported
2025-12-30 20:42:11,475 [INFO] ApiDb:423 - Load user favorites file C:\Users\Admin/.stm32cubeide/favorites.mcus.txt: 0 item(s)
2025-12-30 20:42:11,476 [INFO] ApiDb:427 - User favorites MCUs=[]
2025-12-30 20:42:11,476 [INFO] DbMcus:224 - Set 0 / 0 favorites MCUs
2025-12-30 20:42:12,371 [INFO] ApiDb:668 - CubeFinder database Data Model version=2.1
2025-12-30 20:42:12,371 [INFO] ApiDb:669 - CubeFinder database Configuration version=3.0.39
2025-12-30 20:42:12,371 [INFO] ApiDb:670 - CubeFinder database generation date=2025-11-05 (1762334721)
2025-12-30 20:42:12,371 [INFO] ApiDb:671 - CubeFinder database FW Pack versions=[FP-ATR-ASTRA1_V2.0.0, FP-SNS-FLIGHT1_V5.1.0, FP-SNS-MOTENV1_V5.1.0, FP-SNS-MOTENVWB1_V1.4.0, FP-SNS-SMARTAG2_V1.2.0, FP-SNS-STBOX1_V2.1.0, STM32Cube_FW_C0_V1.4.0, STM32Cube_FW_F4_V1.28.3, STM32Cube_FW_F7_V1.17.4, STM32Cube_FW_G0_V1.6.2, STM32Cube_FW_G4_V1.6.1, STM32Cube_FW_H5_V1.5.1, STM32Cube_FW_H7RS_V1.3.0, STM32Cube_FW_H7_V1.12.1, STM32Cube_FW_L0_V1.12.2, STM32Cube_FW_L4_V1.18.1, STM32Cube_FW_L5_V1.6.0, STM32Cube_FW_N6_V1.3.0, STM32Cube_FW_U0_V1.3.0, STM32Cube_FW_U3_V1.2.1, STM32Cube_FW_U5_V1.8.0, STM32Cube_FW_WB0_V1.4.0, STM32Cube_FW_WBA_V1.8.0, STM32Cube_FW_WB_V1.24.0, STM32Cube_FW_WL3_V1.3.0, STM32Cube_FW_WL_V1.4.0, X-CUBE-ALGOBUILD_V1.4.0, X-CUBE-ALS_V1.0.2, X-CUBE-AZRTOS-F4_V1.1.0, X-CUBE-AZRTOS-F7_V1.1.0, X-CUBE-AZRTOS-G0_V1.1.0, X-CUBE-AZRTOS-G4_V2.0.0, X-CUBE-AZRTOS-H7RS_V1.1.0, X-CUBE-AZRTOS-H7_V3.4.0, X-CUBE-AZRTOS-L4_V2.0.0, X-CUBE-AZRTOS-L5_V2.0.0, X-CUBE-AZRTOS-WB_V2.0.0, X-CUBE-AZRTOS-WL_V2.0.0, X-CUBE-BLE1_V7.1.0, X-CUBE-BLE2_V3.3.0, X-CUBE-BLEMGR_V4.1.0, X-CUBE-EEPRMA1_V5.2.0, X-CUBE-FREERTOS_V1.3.1, X-CUBE-GNSS1_V6.0.0, X-CUBE-MEMS1_V11.3.0, X-CUBE-NFC4_V3.0.0, X-CUBE-NFC7_V2.0.0, X-CUBE-SFXS2LP1_V4.0.0, X-CUBE-ST67W61_V1.1.0, X-CUBE-SUBG2_V5.0.0, X-CUBE-TOF1_V3.4.3]
2025-12-30 20:42:12,479 [INFO] DbBoardsSqlite:226 - include board P-NUCLEO-WB55-NUCLEO as a kit item of type 'Nucleo-64'
2025-12-30 20:42:12,480 [INFO] DbBoardsSqlite:226 - include board P-NUCLEO-WB55-USBDONGLE as a kit item of type 'Nucleo USB Dongle'
2025-12-30 20:42:12,480 [INFO] DbBoardsSqlite:226 - include board STEVAL-IDP005V1 as a kit item of type 'Evaluation Board'
2025-12-30 20:42:12,480 [INFO] DbBoardsSqlite:226 - include board STEVAL-IDP005V2 as a kit item of type 'Evaluation Board'
2025-12-30 20:42:12,602 [INFO] ApiDb:240 - Found 880 in-development CPN: [B-G473E-ZEST1S, B-WB1M-WPAN1, B-WBA5M-WPAN, B-WL5M-SUBG1, NUCLEO-C031C6, NUCLEO-C051C8, NUCLEO-C071RB, NUCLEO-C092RC, NUCLEO-H503RB, NUCLEO-H533RE, NUCLEO-H563ZI, NUCLEO-H7S3L8, NUCLEO-N657X0-Q, NUCLEO-U031R8, NUCLEO-U083RC, NUCLEO-U385RG-Q, NUCLEO-U545RE-Q, NUCLEO-U5A5ZJ-Q, NUCLEO-WB05KZ, NUCLEO-WB07CC, NUCLEO-WB09KE, NUCLEO-WBA52CG, NUCLEO-WBA55CG, NUCLEO-WL33CC1, NUCLEO-WL33CC2, STEVAL-PROTEUS1, STEVAL-SMARTAG2, STEVAL-STWINBX1, STM320518-EVAL, STM32C0116-DK, STM32C011D6Y3TR, STM32C011D6Y6TR, STM32C011F4P3, STM32C011F4P6, STM32C011F4U3, STM32C011F4U6TR, STM32C011F6P3, STM32C011F6P6, STM32C011F6U3, STM32C011F6U6TR, STM32C011J4M3, STM32C011J4M6, STM32C011J6M3, STM32C011J6M6, STM32C0316-DK, STM32C031C4T3, STM32C031C4T6, STM32C031C4U3, STM32C031C4U6, STM32C031C6T3, STM32C031C6T6, STM32C031C6U3, STM32C031C6U6, STM32C031F4P3, STM32C031F4P6, STM32C031F6P3, STM32C031F6P6, STM32C031G4U3, STM32C031G4U6, STM32C031G6U3, STM32C031G6U6, STM32C031K4T3, STM32C031K4T6, STM32C031K4U3, STM32C031K4U6, STM32C031K6T3, STM32C031K6T6, STM32C031K6U3, STM32C031K6U6, STM32C051C6T6, STM32C051C6U6, STM32C051C8T6, STM32C051C8U6, STM32C051D8Y6TR, STM32C051F6P6, STM32C051F8P6, STM32C051G6U6, STM32C051G8U6, STM32C051K6T6, STM32C051K6U6, STM32C051K8T6, STM32C071C8T6, STM32C071C8T6N, STM32C071C8U6, STM32C071C8U6N, STM32C071CBT6, STM32C071CBT6N, STM32C071CBU6, STM32C071CBU6N, STM32C071F8P6, STM32C071F8P6N, STM32C071FBP6, STM32C071FBP6N, STM32C071FBY6TR, STM32C071G8U6, STM32C071G8U6N, STM32C071GBU6, STM32C071GBU6N, STM32C071K8T6, STM32C071K8T6N, STM32C071K8U6, STM32C071K8U6N, STM32C071KBT6, STM32C071KBT6N, STM32C071KBU6, STM32C071KBU6N, STM32C071R8T6, STM32C071R8T6N, STM32C071RBI6N, STM32C071RBT6, STM32C071RBT6N, STM32C091CBT6, STM32C091CBU6, STM32C091CCT6, STM32C091CCU6, STM32C091ECY6TR, STM32C091FBP6, STM32C091FCP6, STM32C091GBU6, STM32C091GCU6, STM32C091KBT6, STM32C091KBU6, STM32C091KCT6, STM32C091KCU6, STM32C091RBT6, STM32C091RCI6, STM32C091RCT6, STM32C092CBT6, STM32C092CBU6, STM32C092CCT6, STM32C092CCU6, STM32C092ECY6TR, STM32C092FBP6, STM32C092FCP6, STM32C092GBU6, STM32C092GCU6, STM32C092KBT6, STM32C092KBU6, STM32C092KCT6, STM32C092KCU6, STM32C092RBT6, STM32C092RCI6, STM32C092RCT6, STM32G071K8TXN, STM32G071K8UXN, STM32G081GBU6N, STM32G081KBT6N, STM32G081KBUXN, STM32G0B1CCT6N, STM32G0B1KCT6, STM32G0B1NEY6TR, STM32G0B1RCT6N, STM32G0C1CCT6, STM32G0C1CCT6N, STM32G0C1CCU6N, STM32G0C1CET6N, STM32G0C1CEU6N, STM32G0C1KCT6, STM32G0C1NEY6TR, STM32G0C1RCI6N, STM32G0C1RCT6N, STM32G0C1REI6N, STM32G0C1RET6N, STM32G0C1VCI6, STM32G0C1VEI6, STM32G411C6T3, STM32G411C6T6, STM32G411C6U3, STM32G411C6U6, STM32G411C8T3, STM32G411C8T6, STM32G411C8U3, STM32G411C8U6, STM32G411CBT3, STM32G411CBT6, STM32G411CBU3, STM32G411CBU6, STM32G411K6T3, STM32G411K6T6, STM32G411K6U3, STM32G411K6U6, STM32G411K8T3, STM32G411K8T6, STM32G411K8U3, STM32G411K8U6, STM32G411KBT3, STM32G411KBT6, STM32G411KBU3, STM32G411KBU6, STM32G411M6T3, STM32G411M6T6, STM32G411M8T3, STM32G411M8T6, STM32G411MBT3, STM32G411MBT6, STM32G411R6T3, STM32G411R6T6, STM32G411R8T3, STM32G411R8T6, STM32G411RBT3, STM32G411RBT6, STM32G414CBT3, STM32G414CBT6, STM32G414CBU3, STM32G414CBU6, STM32G414CCT3, STM32G414CCT6, STM32G414CCU3, STM32G414CCU6, STM32G414MBT3, STM32G414MBT6, STM32G414MCT3, STM32G414MCT6, STM32G414RBT3, STM32G414RBT6, STM32G414RCT3, STM32G414RCT6, STM32G414VBT3, STM32G414VBT6, STM32G414VCT3, STM32G414VCT6, STM32G431CBT3Z, STM32G431RBT3Z, STM32G471CCT6, STM32G471CCU6, STM32G471CET3, STM32G471CET6, STM32G471CEU3, STM32G471CEU6, STM32G471MCT6, STM32G471MET3, STM32G471MET6, STM32G471MEY6TR, STM32G471QCT6, STM32G471QET3, STM32G471RCT6, STM32G471RET3, STM32G471RET6, STM32G471VCH6, STM32G471VCI6, STM32G471VCT6, STM32G471VEH3, STM32G471VEH6, STM32G471VEI3, STM32G471VEI6, STM32G471VET3, STM32G471VET6, STM32G473QET3Z, STM32G473RET3Z, STM32G474CCT6, STM32G491RET3Z, STM32H503CBT6, STM32H503CBU6, STM32H503EBY6TR, STM32H503KBU6, STM32H503RBT6, STM32H523CCT6, STM32H523CCU6, STM32H523CET6, STM32H523CEU6, STM32H523HEY6TR, STM32H523RCT6, STM32H523RET6, STM32H523VCI6, STM32H523VCT6, STM32H523VEI6, STM32H523VET6, STM32H523ZCJ6, STM32H523ZCT6, STM32H523ZEJ6, STM32H523ZET6, STM32H533CET6, STM32H533CEU6, STM32H533HEY6TR, STM32H533RET6, STM32H533VEI6, STM32H533VET6, STM32H533ZEJ6, STM32H533ZET6, STM32H562AGI6, STM32H562AII6, STM32H562IGK6, STM32H562IGT6, STM32H562IIK6, STM32H562IIT6, STM32H562RGT6, STM32H562RGV6, STM32H562RIT6, STM32H562RIV6, STM32H562VGT6, STM32H562VIT6, STM32H562ZGT6, STM32H562ZIT6, STM32H563AGI6, STM32H563AII3Q, STM32H563AII6, STM32H563IGK6, STM32H563IGT6, STM32H563IIK3Q, STM32H563IIK6, STM32H563IIT3Q, STM32H563IIT6, STM32H563MIY3QTR, STM32H563RGT6, STM32H563RGV6, STM32H563RIT6, STM32H563RIV6, STM32H563VGT6, STM32H563VIT3Q, STM32H563VIT6, STM32H563ZGT6, STM32H563ZIT3Q, STM32H563ZIT6, STM32H573AII3Q, STM32H573AII6, STM32H573I-DK, STM32H573IIK3Q, STM32H573IIK6, STM32H573IIT3Q, STM32H573IIT6, STM32H573MIY3QTR, STM32H573RIT6, STM32H573RIV6, STM32H573VIT3Q, STM32H573VIT6, STM32H573ZIT3Q, STM32H573ZIT6, STM32H7R3A8I6, STM32H7R3I8K6, STM32H7R3I8T6, STM32H7R3L8H6, STM32H7R3L8H6H, STM32H7R3R8V6, STM32H7R3V8H6, STM32H7R3V8T6, STM32H7R3V8Y6TR, STM32H7R3Z8J6, STM32H7R3Z8T6, STM32H7R7A8I6, STM32H7R7I8K6, STM32H7R7I8T6, STM32H7R7L8H6, STM32H7R7L8H6H, STM32H7R7Z8J6, STM32H7S3A8I6, STM32H7S3I8K6, STM32H7S3I8T6, STM32H7S3L8H6, STM32H7S3L8H6H, STM32H7S3R8V6, STM32H7S3V8H6, STM32H7S3V8T6, STM32H7S3V8Y6TR, STM32H7S3Z8J6, STM32H7S3Z8T6, STM32H7S78-DK, STM32H7S7A8I6, STM32H7S7I8K6, STM32H7S7I8T6, STM32H7S7L8H6, STM32H7S7L8H6H, STM32H7S7Z8J6, STM32L4R5QGI6STR, STM32MP131AAE3, STM32MP131AAF3, STM32MP131AAG3, STM32MP131CAE3, STM32MP131CAF3, STM32MP131CAG3, STM32MP131DAE7, STM32MP131DAF7, STM32MP131DAG7, STM32MP131FAE7, STM32MP131FAF7, STM32MP131FAG7, STM32MP133AAE3, STM32MP133AAF3, STM32MP133AAG3, STM32MP133CAE3, STM32MP133CAF3, STM32MP133CAG3, STM32MP133DAE7, STM32MP133DAF7, STM32MP133DAG7, STM32MP133FAE7, STM32MP133FAF7, STM32MP133FAG7, STM32MP135AAE3, STM32MP135AAF3, STM32MP135AAG3, STM32MP135CAE3, STM32MP135CAF3, STM32MP135CAG3, STM32MP135DAE7, STM32MP135DAF7, STM32MP135DAG7, STM32MP135F-DK, STM32MP135FAE7, STM32MP135FAF7, STM32MP135FAF7T, STM32MP135FAF7U, STM32MP135FAG7, STM32MP211AAL3, STM32MP211AAM3, STM32MP211AAN3, STM32MP211AAO3, STM32MP211CAL3, STM32MP211CAM3, STM32MP211CAN3, STM32MP211CAO3, STM32MP211DAL3, STM32MP211DAM3, STM32MP211DAN3, STM32MP211DAO3, STM32MP211FAL3, STM32MP211FAM3, STM32MP211FAN3, STM32MP211FAO3, STM32MP213AAL3, STM32MP213AAM3, STM32MP213AAN3, STM32MP213AAO3, STM32MP213CAL3, STM32MP213CAM3, STM32MP213CAN3, STM32MP213CAO3, STM32MP213DAL3, STM32MP213DAM3, STM32MP213DAN3, STM32MP213DAO3, STM32MP213FAL3, STM32MP213FAM3, STM32MP213FAN3, STM32MP213FAO3, STM32MP215AAL3, STM32MP215AAM3, STM32MP215AAN3, STM32MP215AAO3, STM32MP215CAL3, STM32MP215CAM3, STM32MP215CAN3, STM32MP215CAO3, STM32MP215DAL3, STM32MP215DAM3, STM32MP215DAN3, STM32MP215DAO3, STM32MP215F-DK, STM32MP215FAL3, STM32MP215FAM3, STM32MP215FAN3, STM32MP215FAO3, STM32MP231AAJ3, STM32MP231AAK3, STM32MP231AAL3, STM32MP231CAJ3, STM32MP231CAK3, STM32MP231CAL3, STM32MP231DAJ3, STM32MP231DAK3, STM32MP231DAL3, STM32MP231FAJ3, STM32MP231FAK3, STM32MP231FAL3, STM32MP233AAJ3, STM32MP233AAK3, STM32MP233AAL3, STM32MP233CAJ3, STM32MP233CAK3, STM32MP233CAL3, STM32MP233DAJ3, STM32MP233DAK3, STM32MP233DAL3, STM32MP233FAJ3, STM32MP233FAK3, STM32MP233FAL3, STM32MP235AAJ3, STM32MP235AAK3, STM32MP235AAL3, STM32MP235CAJ3, STM32MP235CAK3, STM32MP235CAL3, STM32MP235DAJ3, STM32MP235DAK3, STM32MP235DAL3, STM32MP235FAJ3, STM32MP235FAK3, STM32MP235FAL3, STM32MP251AAI3, STM32MP251AAK3, STM32MP251AAL3, STM32MP251CAI3, STM32MP251CAK3, STM32MP251CAL3, STM32MP251DAI3, STM32MP251DAK3, STM32MP251DAL3, STM32MP251FAI3, STM32MP251FAK3, STM32MP251FAL3, STM32MP253AAI3, STM32MP253AAK3, STM32MP253AAL3, STM32MP253CAI3, STM32MP253CAK3, STM32MP253CAL3, STM32MP253DAI3, STM32MP253DAK3, STM32MP253DAL3, STM32MP253FAI3, STM32MP253FAK3, STM32MP253FAL3, STM32MP255AAI3, STM32MP255AAK3, STM32MP255AAL3, STM32MP255CAI3, STM32MP255CAK3, STM32MP255CAL3, STM32MP255DAI3, STM32MP255DAK3, STM32MP255DAL3, STM32MP255FAI3, STM32MP255FAK3, STM32MP255FAL3, STM32MP257AAI3, STM32MP257AAK3, STM32MP257AAL3, STM32MP257CAI3, STM32MP257CAK3, STM32MP257CAL3, STM32MP257DAI3, STM32MP257DAK3, STM32MP257DAL3, STM32MP257F-DK, STM32MP257F-EV1, STM32MP257FAI3, STM32MP257FAK3, STM32MP257FAL3, STM32N645A0H3Q, STM32N645B0H3Q, STM32N645I0H3Q, STM32N645L0H3Q, STM32N645X0H3Q, STM32N645Z0H3Q, STM32N647A0H3Q, STM32N647B0H3Q, STM32N647I0H3Q, STM32N647L0H3Q, STM32N647X0H3Q, STM32N647Z0H3Q, STM32N655A0H3Q, STM32N655B0H3Q, STM32N655I0H3Q, STM32N655L0H3Q, STM32N655X0H3Q, STM32N655Z0H3Q, STM32N6570-DK, STM32N657A0H3Q, STM32N657B0H3Q, STM32N657I0H3Q, STM32N657L0H3Q, STM32N657X0H3Q, STM32N657Z0H3Q, STM32U031C6T6, STM32U031C6U6, STM32U031C8T6, STM32U031C8U6, STM32U031F4P6, STM32U031F6P6, STM32U031F8P6, STM32U031G6Y6TR, STM32U031G8Y6TR, STM32U031K4U6, STM32U031K6U6, STM32U031K8U6, STM32U031R6I6, STM32U031R6T6, STM32U031R8I6, STM32U031R8T6, STM32U073C8T6, STM32U073C8U6, STM32U073CBT6, STM32U073CBU6, STM32U073CCT6, STM32U073CCU6, STM32U073H8Y6TR, STM32U073HBY6TR, STM32U073HCY6TR, STM32U073K8U6, STM32U073KBU6, STM32U073KCU6, STM32U073M8I6, STM32U073M8T6, STM32U073MBI6, STM32U073MBT6, STM32U073MCI6, STM32U073MCT6, STM32U073R8I6, STM32U073R8T6, STM32U073RBI6, STM32U073RBT6, STM32U073RCI6, STM32U073RCT6, STM32U083C-DK, STM32U083CCT6, STM32U083CCU6, STM32U083HCY6TR, STM32U083KCU6, STM32U083MCI6, STM32U083MCT6, STM32U083RCI6, STM32U083RCT6, STM32U375CET6, STM32U375CET6Q, STM32U375CEU6, STM32U375CEU6Q, STM32U375CEY6QTR, STM32U375CGT6, STM32U375CGT6Q, STM32U375CGU6, STM32U375CGU6Q, STM32U375CGY6QTR, STM32U375KEU6, STM32U375KGU6, STM32U375REI6, STM32U375REI6Q, STM32U375RET6, STM32U375RET6Q, STM32U375REY6GTR, STM32U375REY6QTR, STM32U375RGI6, STM32U375RGI6Q, STM32U375RGT6, STM32U375RGT6Q, STM32U375RGY6GTR, STM32U375RGY6QTR, STM32U375VEI6, STM32U375VEI6Q, STM32U375VET6, STM32U375VET6Q, STM32U375VGI6, STM32U375VGI6Q, STM32U375VGT6, STM32U375VGT6Q, STM32U385CGT6, STM32U385CGT6Q, STM32U385CGU6, STM32U385CGU6Q, STM32U385CGY6QTR, STM32U385KGU6, STM32U385RGI6, STM32U385RGI6Q, STM32U385RGT6, STM32U385RGT6Q, STM32U385RGY6GTR, STM32U385RGY6QTR, STM32U385VGI6, STM32U385VGI6Q, STM32U385VGT6, STM32U385VGT6Q, STM32U535CBT6, STM32U535CBT6Q, STM32U535CBU6, STM32U535CBU6Q, STM32U535CCT6, STM32U535CCT6Q, STM32U535CCU6, STM32U535CCU6Q, STM32U535CET6, STM32U535CET6Q, STM32U535CEU6, STM32U535CEU6Q, STM32U535JEY6QTR, STM32U535NCY6QTR, STM32U535NEY6QTR, STM32U535RBI6, STM32U535RBI6Q, STM32U535RBT6, STM32U535RBT6Q, STM32U535RCI6, STM32U535RCI6Q, STM32U535RCT6, STM32U535RCT6Q, STM32U535REI6, STM32U535REI6Q, STM32U535RET6, STM32U535RET6Q, STM32U535VCI6, STM32U535VCI6Q, STM32U535VCT6, STM32U535VCT6Q, STM32U535VEI6, STM32U535VEI6Q, STM32U535VET6, STM32U535VET6Q, STM32U545CET6, STM32U545CET6Q, STM32U545CEU6, STM32U545CEU6Q, STM32U545JEY6QTR, STM32U545NEY6QTR, STM32U545REI6, STM32U545REI6Q, STM32U545RET6, STM32U545RET6Q, STM32U545VEI6, STM32U545VEI6Q, STM32U545VET6, STM32U545VET6Q, STM32U595AIH6, STM32U595AIH6Q, STM32U595AJH6, STM32U595AJH6Q, STM32U595QII6, STM32U595QII6Q, STM32U595QJI6, STM32U595QJI6Q, STM32U595RIT6, STM32U595RIT6Q, STM32U595RJT6, STM32U595RJT6Q, STM32U595VIT6, STM32U595VIT6Q, STM32U595VJT6, STM32U595VJT6Q, STM32U595ZIT6, STM32U595ZIT6Q, STM32U595ZIY6QTR, STM32U595ZJT6, STM32U595ZJT6Q, STM32U595ZJY6QTR, STM32U599BJY6QTR, STM32U599NIH6Q, STM32U599NJH6Q, STM32U599VIT6Q, STM32U599VJT6, STM32U599VJT6Q, STM32U599ZIT6Q, STM32U599ZIY6QTR, STM32U599ZJT6Q, STM32U599ZJY6QTR, STM32U5A5AJH6, STM32U5A5AJH6Q, STM32U5A5QII3Q , STM32U5A5QJI6, STM32U5A5QJI6Q, STM32U5A5RJT6, STM32U5A5RJT6Q, STM32U5A5VJT6, STM32U5A5VJT6Q, STM32U5A5ZJT6, STM32U5A5ZJT6Q, STM32U5A5ZJY6QTR, STM32U5A9BJY6QTR, STM32U5A9J-DK, STM32U5A9NJH6Q, STM32U5A9VJT6Q, STM32U5A9ZJT6Q, STM32U5A9ZJY6QTR, STM32U5F7VIT6, STM32U5F7VIT6Q, STM32U5F7VJT6, STM32U5F7VJT6Q, STM32U5F9BJY6QTR, STM32U5F9NJH6Q, STM32U5F9VIT6Q, STM32U5F9VJT6Q, STM32U5F9ZIJ6QTR, STM32U5F9ZIT6Q, STM32U5F9ZJJ6QTR, STM32U5F9ZJT6Q, STM32U5G7VJT6, STM32U5G7VJT6Q, STM32U5G9BJY6QTR, STM32U5G9J-DK1, STM32U5G9J-DK2, STM32U5G9NJH6Q, STM32U5G9VJT6Q, STM32U5G9ZJJ6QTR, STM32U5G9ZJT6Q, STM32WB05KZV6TR, STM32WB05KZV7TR, STM32WB05TZF6TR, STM32WB05TZF7TR, STM32WB06CCF6TR, STM32WB06CCF7TR, STM32WB06CCV6TR, STM32WB06CCV7TR, STM32WB06KCV6TR, STM32WB06KCV7TR, STM32WB07CCF6TR, STM32WB07CCF7TR, STM32WB07CCV6TR, STM32WB07CCV7TR, STM32WB07KCV6TR, STM32WB07KCV7TR, STM32WB09KEV6TR, STM32WB09KEV7TR, STM32WB09TEF6TR, STM32WB09TEF7TR, STM32WB1MMCH6, STM32WBA50KGU6, STM32WBA50KGU6TR, STM32WBA52CEU6, STM32WBA52CEU6TR, STM32WBA52CEU7, STM32WBA52CEU7TR, STM32WBA52CGU6, STM32WBA52CGU6TR, STM32WBA52CGU6U, STM32WBA52CGU7, STM32WBA52CGU7TR, STM32WBA52KEU6, STM32WBA52KEU6TR, STM32WBA52KGU6, STM32WBA52KGU6TR, STM32WBA54CEU6, STM32WBA54CEU6TR, STM32WBA54CEU7, STM32WBA54CEU7TR, STM32WBA54CGU6, STM32WBA54CGU6TR, STM32WBA54CGU7, STM32WBA54CGU7TR, STM32WBA54KEU6, STM32WBA54KEU6TR, STM32WBA54KEU7, STM32WBA54KEU7TR, STM32WBA54KGU6, STM32WBA54KGU6TR, STM32WBA54KGU7, STM32WBA54KGU7TR, STM32WBA55CEU6, STM32WBA55CEU6TR, STM32WBA55CEU7, STM32WBA55CEU7TR, STM32WBA55CGU6, STM32WBA55CGU6TR, STM32WBA55CGU6U, STM32WBA55CGU7, STM32WBA55CGU7TR, STM32WBA55G-DK1, STM32WBA55HEF6, STM32WBA55HEF7, STM32WBA55HGF6, STM32WBA55HGF7, STM32WBA55UEI6, STM32WBA55UEI6TR, STM32WBA55UEI7, STM32WBA55UEI7TR, STM32WBA55UGI6, STM32WBA55UGI6TR, STM32WBA55UGI7, STM32WBA55UGI7TR, STM32WBA5MMGH6TR, STM32WBA62MGF6, STM32WBA62MIF6, STM32WBA65MGF7, STM32WBA65MIF6, STM32WBA65MIF7, STM32WL30K8V6, STM32WL30KBV6, STM32WL31C8V6, STM32WL31CBV6, STM32WL31K8V6, STM32WL31KBV6, STM32WL33C8V6, STM32WL33C8V6X, STM32WL33CBV6, STM32WL33CBV6X, STM32WL33CCV6, STM32WL33CCV6A, STM32WL33CCV6X, STM32WL33K8V7, STM32WL33K8V7X, STM32WL33KBV7 , STM32WL33KBV7X, STM32WL33KCV7, STM32WL33KCV7X, STM32WL5MOCH6, STM32WL5MOCH6TR]
2025-12-30 20:42:13,070 [INFO] BoardInfo:889 - No configuration file found for board P-NUCLEO-WB55
2025-12-30 20:42:13,073 [INFO] DbBoards:161 - Kit is not supported: P-NUCLEO-WB55
2025-12-30 20:42:13,088 [INFO] BoardInfo:889 - No configuration file found for board STEVAL-BFA001V1B
2025-12-30 20:42:13,090 [INFO] DbBoards:161 - Kit is not supported: STEVAL-BFA001V1B
2025-12-30 20:42:13,091 [INFO] BoardInfo:889 - No configuration file found for board STEVAL-BFA001V2B
2025-12-30 20:42:13,095 [INFO] DbBoards:161 - Kit is not supported: STEVAL-BFA001V2B
2025-12-30 20:42:13,496 [INFO] DbBoards:168 - Found 212 boards, 209 are supported
2025-12-30 20:42:13,496 [INFO] DbBoards:169 - Found 212 boards, 43 of them is supported for  Bsp
2025-12-30 20:42:13,515 [INFO] ApiDb:423 - Load user favorites file C:\Users\Admin/.stm32cubeide/favorites.boards.txt: 1 item(s)
2025-12-30 20:42:13,515 [INFO] ApiDb:427 - User favorites Boards=[STM32F407G-DISC1]
2025-12-30 20:42:13,515 [INFO] DbBoards:198 - Set 1 / 1 favorites Boards
2025-12-30 20:42:13,516 [INFO] McuFinderGlobals:76 - Set McuFinderConnectedMode to true
2025-12-30 20:42:13,529 [INFO] MultiScanPanel:200 - Auto-refresh data requested => check proxy status ongoing
2025-12-30 20:42:13,534 [INFO] FinderPluginLoader:96 - Searching for filters in installed packs
2025-12-30 20:42:16,219 [INFO] LoadUrlFilesThread:185 - End of LoadServerUrlFiles without Thread
2025-12-30 20:42:16,267 [INFO] DetailPanel:341 - Set advertising image to C:/Users/Admin/STM32Cube/Repository/\en.prom-st67w-expansion-board.png
2025-12-30 20:42:22,637 [INFO] MultiScanPanel:200 - Auto-refresh data requested => check proxy status ongoing
2025-12-30 20:42:22,936 [INFO] LoadUrlFilesThread:185 - End of LoadServerUrlFiles without Thread
2025-12-30 20:42:22,936 [INFO] DetailPanel:341 - Set advertising image to C:/Users/Admin/STM32Cube/Repository/\en.prom-st67w-expansion-board.png
2025-12-30 20:42:22,962 [INFO] DbBoards:642 - Loading board mini-images...
2025-12-30 20:42:27,403 [ERROR] DbBoards:659 - Image file not found for board STM32MP215F-DK: C:\Users\Admin\.stmcufinder\plugins\mcufinder//mcu//boards_images/STM32MP215F-DK.jpg
2025-12-30 20:42:27,601 [INFO] DbBoards:665 - Loaded 211 board mini-images
2025-12-30 20:43:00,561 [INFO] MainUpdater:2872 - connection check result : 10
2025-12-30 20:43:00,562 [INFO] MainUpdater:2872 - connection check result : 10
2025-12-30 20:43:00,620 [INFO] MicroXplorer:468 - Change Database Path : 
2025-12-30 20:43:00,621 [INFO] MicroXplorer:498 - Change Database Version : DB.6.0.150
2025-12-30 20:43:00,632 [WARN] ThirdParty:871 - waiting for thirdparty lock release [close project]
2025-12-30 20:43:00,632 [INFO] ThirdParty:873 - entering critical section [close project]
2025-12-30 20:43:00,634 [INFO] ThirdParty:883 - exiting critical section [close project]
2025-12-30 20:43:00,637 [INFO] PinOutPanel:1589 - setPackage(No Configuration,No Configuration)
2025-12-30 20:43:00,639 [INFO] UtilMem:75 - Begin LoadConfig() Used Memory: 475440032 Bytes (732954624)
2025-12-30 20:43:00,648 [INFO] OpenFileManager:355 - Change cursor
2025-12-30 20:43:00,736 [INFO] ProjectFactory:514 - No CPN specified for board STM32F407G-DISC1 => set CPN to STM32F407VGT6
2025-12-30 20:43:00,737 [INFO] Mcu:2029 - Initializing MCU STM32F407V(E-G)Tx STM32F407VGTx STM32F407VGT6
2025-12-30 20:43:04,634 [INFO] Context:786 - Trying to add GPIOservice into a context  which must be forbidden
2025-12-30 20:43:05,648 [INFO] Rule:233 - rule 117617 - U5Cobra4M][GTZC] default value MPCBB3 and MPCBB5 - Not Secured memory - MPCBB1 is applicable
2025-12-30 20:43:05,648 [INFO] Rule:233 - rule 117617 - U5Cobra4M][GTZC] default value MPCBB3 and MPCBB5 - Not Secured memory - MPCBB1 is applicable
2025-12-30 20:43:05,648 [INFO] Rule:233 - rule 117617 - U5Cobra4M][GTZC] default value MPCBB3 and MPCBB5 - Not Secured memory - MPCBB2 is applicable
2025-12-30 20:43:05,648 [INFO] Rule:233 - rule 117617 - U5Cobra4M][GTZC] default value MPCBB3 and MPCBB5 - Not Secured memory - MPCBB2 is applicable
2025-12-30 20:43:05,649 [INFO] Rule:233 - rule 117617 - U5Cobra4M][GTZC] default value MPCBB3 and MPCBB5 - Not Secured memory - MPCBB3 is applicable
2025-12-30 20:43:05,649 [INFO] Rule:233 - rule 117617 - U5Cobra4M][GTZC] default value MPCBB3 and MPCBB5 - Not Secured memory - MPCBB3 is applicable
2025-12-30 20:43:05,649 [INFO] Rule:233 - rule 117617 - U5Cobra4M][GTZC] default value MPCBB3 and MPCBB5 - Not Secured memory - MPCBB4 is applicable
2025-12-30 20:43:05,649 [INFO] Rule:233 - rule 117617 - U5Cobra4M][GTZC] default value MPCBB3 and MPCBB5 - Not Secured memory - MPCBB4 is applicable
2025-12-30 20:43:05,649 [INFO] Rule:233 - rule 117617 - U5Cobra4M][GTZC] default value MPCBB3 and MPCBB5 - Secured memory - MPCBB1 is applicable
2025-12-30 20:43:05,649 [INFO] Rule:233 - rule 117617 - U5Cobra4M][GTZC] default value MPCBB3 and MPCBB5 - Secured memory - MPCBB2 is applicable
2025-12-30 20:43:05,649 [INFO] Rule:233 - rule 117617 - U5Cobra4M][GTZC] default value MPCBB3 and MPCBB5 - Secured memory - MPCBB3 is applicable
2025-12-30 20:43:05,649 [INFO] Rule:233 - rule 117617 - U5Cobra4M][GTZC] default value MPCBB3 and MPCBB5 - Secured memory - MPCBB4 is applicable
2025-12-30 20:43:05,649 [INFO] Rule:233 - rule 117617 - U5Cobra4M][GTZC] default value MPCBB3 and MPCBB5 - Privileged memory - MPCBB1 is applicable
2025-12-30 20:43:05,649 [INFO] Rule:233 - rule 117617 - U5Cobra4M][GTZC] default value MPCBB3 and MPCBB5 - Privileged memory - MPCBB2 is applicable
2025-12-30 20:43:05,649 [INFO] Rule:233 - rule 117617 - U5Cobra4M][GTZC] default value MPCBB3 and MPCBB5 - Privileged memory - MPCBB3 is applicable
2025-12-30 20:43:05,650 [INFO] Rule:233 - rule 117617 - U5Cobra4M][GTZC] default value MPCBB3 and MPCBB5 - Privileged memory - MPCBB4 is applicable
2025-12-30 20:43:05,650 [INFO] Rule:233 - rule 117617 - U5Cobra4M][GTZC] default value MPCBB3 and MPCBB5 - Not Privileged memory - MPCBB1 is applicable
2025-12-30 20:43:05,650 [INFO] Rule:233 - rule 117617 - U5Cobra4M][GTZC] default value MPCBB3 and MPCBB5 - Not Privileged memory - MPCBB2 is applicable
2025-12-30 20:43:05,650 [INFO] Rule:233 - rule 117617 - U5Cobra4M][GTZC] default value MPCBB3 and MPCBB5 - Not Privileged memory - MPCBB3 is applicable
2025-12-30 20:43:05,650 [INFO] Rule:233 - rule 117617 - U5Cobra4M][GTZC] default value MPCBB3 and MPCBB5 - Not Privileged memory - MPCBB4 is applicable
2025-12-30 20:43:05,650 [INFO] Rule:233 - rule 117617 - U5Cobra4M][GTZC] default value MPCBB3 and MPCBB5 - Privileged memory - MPCBB1 is applicable
2025-12-30 20:43:05,650 [INFO] Rule:233 - rule 117617 - U5Cobra4M][GTZC] default value MPCBB3 and MPCBB5 - Privileged memory - MPCBB2 is applicable
2025-12-30 20:43:05,650 [INFO] Rule:233 - rule 117617 - U5Cobra4M][GTZC] default value MPCBB3 and MPCBB5 - Privileged memory - MPCBB3 is applicable
2025-12-30 20:43:05,650 [INFO] Rule:233 - rule 117617 - U5Cobra4M][GTZC] default value MPCBB3 and MPCBB5 - Privileged memory - MPCBB4 is applicable
2025-12-30 20:43:05,650 [INFO] Rule:233 - rule 117617 - U5Cobra4M][GTZC] default value MPCBB3 and MPCBB5 - Privileged memory - MPCBB1 is applicable
2025-12-30 20:43:05,651 [INFO] Rule:233 - rule 117617 - U5Cobra4M][GTZC] default value MPCBB3 and MPCBB5 - Privileged memory - MPCBB2 is applicable
2025-12-30 20:43:05,651 [INFO] Rule:233 - rule 117617 - U5Cobra4M][GTZC] default value MPCBB3 and MPCBB5 - Privileged memory - MPCBB3 is applicable
2025-12-30 20:43:05,651 [INFO] Rule:233 - rule 117617 - U5Cobra4M][GTZC] default value MPCBB3 and MPCBB5 - Privileged memory - MPCBB4 is applicable
2025-12-30 20:43:05,651 [INFO] Rule:233 - rule 117617 - U5Cobra4M][GTZC] default value MPCBB3 and MPCBB5 - Not Privileged memory - MPCBB1 is applicable
2025-12-30 20:43:05,651 [INFO] Rule:233 - rule 117617 - U5Cobra4M][GTZC] default value MPCBB3 and MPCBB5 - Not Privileged memory - MPCBB2 is applicable
2025-12-30 20:43:05,651 [INFO] Rule:233 - rule 117617 - U5Cobra4M][GTZC] default value MPCBB3 and MPCBB5 - Not Privileged memory - MPCBB3 is applicable
2025-12-30 20:43:05,651 [INFO] Rule:233 - rule 117617 - U5Cobra4M][GTZC] default value MPCBB3 and MPCBB5 - Not Privileged memory - MPCBB4 is applicable
2025-12-30 20:43:05,651 [INFO] Rule:233 - rule 117617 - U5Cobra4M][GTZC] default value MPCBB3 and MPCBB5 - Privileged memory - MPCBB1 is applicable
2025-12-30 20:43:05,651 [INFO] Rule:233 - rule 117617 - U5Cobra4M][GTZC] default value MPCBB3 and MPCBB5 - Privileged memory - MPCBB2 is applicable
2025-12-30 20:43:05,651 [INFO] Rule:233 - rule 117617 - U5Cobra4M][GTZC] default value MPCBB3 and MPCBB5 - Privileged memory - MPCBB3 is applicable
2025-12-30 20:43:05,652 [INFO] Rule:233 - rule 117617 - U5Cobra4M][GTZC] default value MPCBB3 and MPCBB5 - Privileged memory - MPCBB4 is applicable
2025-12-30 20:43:05,652 [INFO] Rule:233 - rule Rename SubGHz_Phy SUBGHZ_APPLICATION SUBGHZ_PINGPONG to SUBGHZ_ADV_APPLICATION is applicable
2025-12-30 20:43:05,652 [INFO] Rule:233 - rule Rename Enabled to IBEACON is applicable
2025-12-30 20:43:05,652 [INFO] Rule:233 - rule GTZC_S instance for project manager is applicable
2025-12-30 20:43:05,652 [INFO] Rule:233 - rule GTZC_S instance for context M33S is applicable
2025-12-30 20:43:05,653 [INFO] Rule:233 - rule GTZC_S instance value for IP GTZC is applicable
2025-12-30 20:43:05,653 [INFO] Rule:233 - rule GTZC_S instance for mcu.IP is applicable
2025-12-30 20:43:05,653 [INFO] Rule:233 - rule GTZC_S instance for VP is applicable
2025-12-30 20:43:05,653 [INFO] Rule:233 - rule GTZC_S instance for signal is applicable
2025-12-30 20:43:05,653 [INFO] Rule:233 - rule GTZC_S instance for mcu.Pin is applicable
2025-12-30 20:43:05,654 [INFO] Rule:233 - rule GTZC_S instance for VP is applicable
2025-12-30 20:43:05,654 [INFO] Rule:233 - rule GTZC_S instance for signal is applicable
2025-12-30 20:43:05,654 [INFO] Rule:233 - rule GTZC_S instance for mcu is applicable
2025-12-30 20:43:05,654 [INFO] Rule:233 - rule GTZC_S instance for mcu.Pin is applicable
2025-12-30 20:43:05,654 [INFO] Rule:233 - rule GTZC_S instance value for IP GTZC is applicable
2025-12-30 20:43:05,654 [INFO] Rule:233 - rule GTZC_S instance for project manager is applicable
2025-12-30 20:43:05,655 [INFO] Rule:233 - rule GTZC_S instance for context M33S is applicable
2025-12-30 20:43:05,655 [INFO] Rule:233 - rule GTZC_S instance for VP is applicable
2025-12-30 20:43:05,655 [INFO] Rule:233 - rule GTZC_S instance for signal is applicable
2025-12-30 20:43:05,655 [INFO] Rule:233 - rule SPDIFRX instance for mcu is applicable
2025-12-30 20:43:05,655 [INFO] Rule:233 - rule Rename Tracer Mode is applicable
2025-12-30 20:43:05,655 [INFO] Rule:233 - rule SPDIFRX instance value for IP SPDIFRX is applicable
2025-12-30 20:43:05,655 [INFO] Rule:233 - rule SPDIFRX instance for signal is applicable
2025-12-30 20:43:05,656 [INFO] Rule:233 - rule SPDIFRX instance for project manager is applicable
2025-12-30 20:43:05,656 [INFO] Rule:233 - rule SPDIFRX instance for project manager is applicable
2025-12-30 20:43:05,656 [INFO] Rule:233 - rule ADC Scan  fix with FW F7 is applicable
2025-12-30 20:43:05,656 [INFO] Rule:233 - rule ADC Scan  fix with FW F7 is applicable
2025-12-30 20:43:05,656 [INFO] Rule:233 - rule WakeUp0 Mode is applicable
2025-12-30 20:43:05,657 [INFO] Rule:233 - rule WakeUp0 SIGNAL is applicable
2025-12-30 20:43:05,657 [INFO] Rule:233 - rule WakeUp1 Mode is applicable
2025-12-30 20:43:05,657 [INFO] Rule:233 - rule WakeUp1 SIGNAL is applicable
2025-12-30 20:43:05,657 [INFO] Rule:233 - rule WakeUp2 Mode is applicable
2025-12-30 20:43:05,657 [INFO] Rule:233 - rule WakeUp2 SIGNAL is applicable
2025-12-30 20:43:05,657 [INFO] Rule:233 - rule WakeUp4 Mode is applicable
2025-12-30 20:43:05,657 [INFO] Rule:233 - rule WakeUp4 SIGNAL is applicable
2025-12-30 20:43:05,658 [INFO] Rule:233 - rule WakeUp5 Mode is applicable
2025-12-30 20:43:05,658 [INFO] Rule:233 - rule WakeUp5 SIGNAL is applicable
2025-12-30 20:43:05,658 [INFO] Rule:233 - rule Add RTC Activate Clock Source is applicable
2025-12-30 20:43:05,658 [INFO] Rule:233 - rule Add RTC Activate Calendar 1 is applicable
2025-12-30 20:43:05,658 [INFO] Rule:233 - rule Add RTC Activate Calendar 2 is applicable
2025-12-30 20:43:05,658 [INFO] Rule:233 - rule Add RTC Activate Calendar 3 is applicable
2025-12-30 20:43:05,658 [INFO] Rule:233 - rule UART/USART TX Mode is applicable
2025-12-30 20:43:05,659 [INFO] Rule:233 - rule UART/USART RX Mode is applicable
2025-12-30 20:43:05,659 [INFO] Rule:233 - rule UART/USART RX TX Mode is applicable
2025-12-30 20:43:05,659 [INFO] Rule:233 - rule UART/USART PARITY NONE is applicable
2025-12-30 20:43:05,659 [INFO] Rule:233 - rule UART/USART PARITY EVEN is applicable
2025-12-30 20:43:05,659 [INFO] Rule:233 - rule UART/USART PARITY ODD is applicable
2025-12-30 20:43:05,659 [INFO] Rule:233 - rule USART StopBits 1 is applicable
2025-12-30 20:43:05,659 [INFO] Rule:233 - rule USART StopBits 2 is applicable
2025-12-30 20:43:05,659 [INFO] Rule:233 - rule USART StopBits 1.5 is applicable
2025-12-30 20:43:05,660 [INFO] Rule:233 - rule USART StopBits 0.5 is applicable
2025-12-30 20:43:05,660 [INFO] Rule:233 - rule UART/USART WORD LENGTH 7 is applicable
2025-12-30 20:43:05,660 [INFO] Rule:233 - rule UART/USART WORD LENGTH 8 is applicable
2025-12-30 20:43:05,660 [INFO] Rule:233 - rule UART/USART WORD LENGTH 9 is applicable
2025-12-30 20:43:05,660 [INFO] Rule:233 - rule Rename FMC NAND NCE signal is applicable
2025-12-30 20:43:05,660 [INFO] Rule:233 - rule Rename FMC NAND INT signal is applicable
2025-12-30 20:43:05,660 [INFO] Rule:233 - rule Change Default Value for LSE Drive Capability for WB family is applicable
2025-12-30 20:43:05,660 [INFO] Rule:233 - rule Change Default Value for ADC Clock Prescaler G0 family is applicable
2025-12-30 20:43:05,660 [INFO] Rule:233 - rule Change Default Value for ADC ExternalTrigConv L4 family is applicable
2025-12-30 20:43:05,660 [INFO] Rule:233 - rule Change Default Value for ADC ExternalTrigInjecConv L4 family is applicable
2025-12-30 20:43:05,661 [INFO] Rule:233 - rule Change Default Value for ADC ExternalTrigConv F3 family is applicable
2025-12-30 20:43:05,661 [INFO] Rule:233 - rule Change Default Value for ADC ExternalTrigInjecConv F3 family is applicable
2025-12-30 20:43:05,661 [INFO] Rule:233 - rule Change Default Value for ADC ExternalTrigConv Goldfish serie is applicable
2025-12-30 20:43:05,661 [INFO] Rule:233 - rule Change Default Value for ADC ExternalTrigInjecConv Goldfish serie is applicable
2025-12-30 20:43:05,661 [INFO] Rule:233 - rule Change Default Value for ADC ExternalTrigConv L0 family is applicable
2025-12-30 20:43:05,661 [INFO] Rule:233 - rule Change Default Value for ADC ExternalTrigConv F0 family is applicable
2025-12-30 20:43:05,661 [INFO] Rule:233 - rule Change Default Value for ADC ExternalTrigConvn L1 family is applicable
2025-12-30 20:43:05,661 [INFO] Rule:233 - rule Change Default Value for ADC ExternalTrigInjecConv L1 family is applicable
2025-12-30 20:43:05,661 [INFO] Rule:233 - rule Change Default Value for ADC ExternalTrigConv F1 family is applicable
2025-12-30 20:43:05,661 [INFO] Rule:233 - rule Change Default Value for ADC ExternalTrigInjecConv F1 family is applicable
2025-12-30 20:43:05,661 [INFO] Rule:233 - rule Change Default Value for ADC ExternalTrigConv F7 family is applicable
2025-12-30 20:43:05,661 [INFO] Rule:233 - rule Change Default Value for ADC ExternalTrigInjecConv F7 family is applicable
2025-12-30 20:43:05,662 [INFO] Rule:233 - rule Change Default Value for ADC ExternalTrigConv F4 and F2 family is applicable
2025-12-30 20:43:05,662 [INFO] Rule:233 - rule Change Default Value for ADC ExternalTrigInjecConv F4 and F2 family is applicable
2025-12-30 20:43:05,662 [INFO] Rule:233 - rule ADC SamplingTime fix with FW L0  is applicable
2025-12-30 20:43:05,662 [INFO] Rule:233 - rule ADC SamplingTime fix with FW L0  is applicable
2025-12-30 20:43:05,662 [INFO] Rule:233 - rule ADC SamplingTime fix with FW L0 is applicable
2025-12-30 20:43:05,662 [INFO] Rule:233 - rule ADC SamplingTime fix with FW L0 is applicable
2025-12-30 20:43:05,662 [INFO] Rule:233 - rule ADC SamplingTime fix with FW L0  is applicable
2025-12-30 20:43:05,662 [INFO] Rule:233 - rule ADC SamplingTime fix with FW L0 is applicable
2025-12-30 20:43:05,662 [INFO] Rule:233 - rule Rename USB_OE Signal is applicable
2025-12-30 20:43:05,662 [INFO] Rule:233 - rule Rename Activate_OE Mode is applicable
2025-12-30 20:43:05,663 [INFO] Rule:233 - rule Rename DIE462/DIE415 pin PC14/OSC32_IN -> PC14-OSC32_IN (PC14) is applicable
2025-12-30 20:43:05,663 [INFO] Rule:233 - rule Rename DIE462/DIE415 pin PC15/OSC32_OUT -> PC15-OSC32_OUT (PC15) is applicable
2025-12-30 20:43:05,663 [INFO] Rule:233 - rule Rename DIE462/DIE415 pin PH0/OSC_IN -> PH0-OSC_IN (PH0) is applicable
2025-12-30 20:43:05,663 [INFO] Rule:233 - rule Rename DIE462/DIE415 pin PH1/OSC_OUT -> PH1-OSC_OUT (PH1) is applicable
2025-12-30 20:43:05,663 [INFO] Rule:233 - rule Rename DIE462 pin PA13 -> PA13 (JTMS/SWDIO) is applicable
2025-12-30 20:43:05,663 [INFO] Rule:233 - rule Rename DIE415 pin PA13 -> PA13 (JTMS/SWDIO) is applicable
2025-12-30 20:43:05,663 [INFO] Rule:233 - rule Rename DIE462 pin PA14 -> PA14 (JTCK/SWCLK) is applicable
2025-12-30 20:43:05,663 [INFO] Rule:233 - rule Rename DIE415 pin PA14 -> PA14 (JTCK/SWCLK) is applicable
2025-12-30 20:43:05,663 [INFO] Rule:233 - rule Rename DIE462/DIE415 pin PA15 -> PA15 (JTDI) is applicable
2025-12-30 20:43:05,663 [INFO] Rule:233 - rule Rename DIE462 pin PB3 -> PB3 (JTD0/TRACESWO) is applicable
2025-12-30 20:43:05,663 [INFO] Rule:233 - rule Rename DIE415 pin PB3 -> PB3 (JTD0-TRACESWO) is applicable
2025-12-30 20:43:05,663 [INFO] Rule:233 - rule Rename DIE462/DIE415 pin PB4 -> PB4 (NJTRST) is applicable
2025-12-30 20:43:05,664 [INFO] Rule:233 - rule Rename DIE462 pin PH3/BOOT0 -> PH3-BOOT0 (BOOT0) is applicable
2025-12-30 20:43:05,664 [INFO] Rule:233 - rule Rename CRYP DataEncryptionTypesList to Algorithm is applicable
2025-12-30 20:43:05,664 [INFO] Rule:233 - rule Rename AES DataEncryptionTypesList to Algorithm is applicable
2025-12-30 20:43:05,664 [INFO] Rule:233 - rule Rename TDESECB to CRYP_TDES_ECB is applicable
2025-12-30 20:43:05,664 [INFO] Rule:233 - rule Rename TDESCBC to CRYP_TDES_CBC is applicable
2025-12-30 20:43:05,664 [INFO] Rule:233 - rule Rename DESECB to CRYP_DES_ECB is applicable
2025-12-30 20:43:05,664 [INFO] Rule:233 - rule Rename DESCBC to CRYP_DES_CBC is applicable
2025-12-30 20:43:05,664 [INFO] Rule:233 - rule Rename AESECB to CRYP_AES_ECB is applicable
2025-12-30 20:43:05,664 [INFO] Rule:233 - rule Rename AESCBC to CRYP_AES_CBC is applicable
2025-12-30 20:43:05,664 [INFO] Rule:233 - rule Rename AESCTR to CRYP_AES_CTR is applicable
2025-12-30 20:43:05,664 [INFO] Rule:233 - rule Rename AESGCM to CRYP_AES_GCM is applicable
2025-12-30 20:43:05,664 [INFO] Rule:233 - rule Rename AESCCM to CRYP_AES_CCM is applicable
2025-12-30 20:43:05,665 [INFO] Rule:233 - rule Rename CAN TimeSeg1 to BS1 is applicable
2025-12-30 20:43:05,665 [INFO] Rule:233 - rule Rename CAN TimeSeg2 to BS2 is applicable
2025-12-30 20:43:05,665 [INFO] Rule:233 - rule Rename CAN SyncJumpWidth to SJW is applicable
2025-12-30 20:43:05,665 [INFO] Rule:233 - rule TimeTriggeredMode to TTCM is applicable
2025-12-30 20:43:05,665 [INFO] Rule:233 - rule Rename CAN AutoBusOff to ABOM is applicable
2025-12-30 20:43:05,665 [INFO] Rule:233 - rule Rename CAN AutoWakeUp to AWUM is applicable
2025-12-30 20:43:05,665 [INFO] Rule:233 - rule Rename CAN AutoRetransmission to NART is applicable
2025-12-30 20:43:05,665 [INFO] Rule:233 - rule Rename CAN ReceiveFifoLocked to RFLM is applicable
2025-12-30 20:43:05,665 [INFO] Rule:233 - rule Rename CAN TransmitFifoPriority to TXFP is applicable
2025-12-30 20:43:05,665 [INFO] Rule:233 - rule Rename HRTIMER HRTIM_OUTPUTFAULTLEVEL_HIGH in HRTIMER HRTIM_OUTPUTFAULTLEVEL_HIGHZ is applicable
2025-12-30 20:43:05,665 [INFO] Rule:233 - rule Rename TIMER TIM_CLEARINPUTSOURCE_OCREFCLR in  TIMER TIM_CLEARINPUTSOURCE_NONE for F7 family is applicable
2025-12-30 20:43:05,666 [INFO] Rule:233 - rule FDCAN_R1 - Rename FDCAN mode Master into Classic is applicable
2025-12-30 20:43:05,666 [INFO] Rule:233 - rule FDCAN_R2 - Rename FDCAN mode Slave into Classic is applicable
2025-12-30 20:43:05,666 [INFO] Rule:233 - rule FDCAN1_R3 - if PA10.Mode=FullDuplex, add Pin PA12 is applicable
2025-12-30 20:43:05,666 [INFO] Rule:233 - rule FDCAN1_R3 - if PA9.Mode=FullDuplex, add Pin PA11 is applicable
2025-12-30 20:43:05,666 [INFO] Rule:233 - rule FDCAN1_R3 - Alternatepin_1 - if PE1.Mode=FullDuplex, add Pin PB9 is applicable
2025-12-30 20:43:05,666 [INFO] Rule:233 - rule FDCAN1_R3 - Alternatepin_1 - if PE0.Mode=FullDuplex, add Pin PB8 is applicable
2025-12-30 20:43:05,666 [INFO] Rule:233 - rule FDCAN1_R3 - Alternatepin_2 - if PD5.Mode=FullDuplex, add Pin PD1 is applicable
2025-12-30 20:43:05,666 [INFO] Rule:233 - rule FDCAN1_R3 - Alternatepin_2 - if PD4.Mode=FullDuplex, add Pin PD0 is applicable
2025-12-30 20:43:05,666 [INFO] Rule:233 - rule FDCAN1_R4 - Rename Mode FullDuplex into Enable FDCAN_TXFD for pin PA10 is applicable
2025-12-30 20:43:05,666 [INFO] Rule:233 - rule FDCAN1_R4 - Rename Mode FullDuplex into Enable FDCAN_TXFD for pin PA9 is applicable
2025-12-30 20:43:05,667 [INFO] Rule:233 - rule FDCAN1_R4 - Alternatepin_1 - Rename Mode FullDuplex into Enable FDCAN_TXFD for pin PE1 is applicable
2025-12-30 20:43:05,667 [INFO] Rule:233 - rule FDCAN1_R4 - Alternatepin_1 - Rename Mode FullDuplex into Enable FDCAN_TXFD for pin PE0 is applicable
2025-12-30 20:43:05,667 [INFO] Rule:233 - rule FDCAN1_R4 - Alternatepin_2 - Rename Mode FullDuplex into Enable FDCAN_TXFD for pin PD5 is applicable
2025-12-30 20:43:05,667 [INFO] Rule:233 - rule FDCAN1_R4 - Alternatepin_2 - Rename Mode FullDuplex into Enable FDCAN_TXFD for pin PD4 is applicable
2025-12-30 20:43:05,667 [INFO] Rule:233 - rule FDCAN2_R3 - if PD10.Mode=FullDuplex, add Pin PB13 is applicable
2025-12-30 20:43:05,667 [INFO] Rule:233 - rule FDCAN2_R3 - if PD9.Mode=FullDuplex, add Pin PB12 is applicable
2025-12-30 20:43:05,667 [INFO] Rule:233 - rule FDCAN2_R3 - Alternatepin_1 - if PB7.Mode=FullDuplex, add Pin PB6 is applicable
2025-12-30 20:43:05,668 [INFO] Rule:233 - rule FDCAN2_R3 - Alternatepin_1 - if PD9.Mode=FullDuplex, add Pin PB12 is applicable
2025-12-30 20:43:05,668 [INFO] Rule:233 - rule FDCAN2_R4 - Rename Mode FullDuplex into Enable FDCAN_TXFD for pin PD10 is applicable
2025-12-30 20:43:05,668 [INFO] Rule:233 - rule FDCAN2_R4 - Rename Mode FullDuplex into Enable FDCAN_TXFD for pin PD9 is applicable
2025-12-30 20:43:05,668 [INFO] Rule:233 - rule FDCAN2_R4 - Alternatepin_1 - Rename Mode FullDuplex into Enable FDCAN_TXFD for pin PB7 is applicable
2025-12-30 20:43:05,668 [INFO] Rule:233 - rule FDCAN2_R4 - Alternatepin_1 - Rename Mode FullDuplex into Enable FDCAN_TXFD for pin PD6 is applicable
2025-12-30 20:43:05,668 [INFO] Rule:233 - rule USART TxPinLevelInvertParam Mode is applicable
2025-12-30 20:43:05,669 [INFO] Rule:233 - rule USART RxPinLevelInvertParam Mode is applicable
2025-12-30 20:43:05,669 [INFO] Rule:233 - rule USART DataInvertParam Mode is applicable
2025-12-30 20:43:05,669 [INFO] Rule:233 - rule USART SwapParam Mode is applicable
2025-12-30 20:43:05,669 [INFO] Rule:233 - rule USART OverrunDisableParam Mode is applicable
2025-12-30 20:43:05,669 [INFO] Rule:233 - rule USART DMADisableonRxErrorParam Mode is applicable
2025-12-30 20:43:05,670 [INFO] Rule:233 - rule USART MSBFirstParam Mode is applicable
2025-12-30 20:43:05,671 [INFO] Rule:233 - rule Update MwName for USB_DEVICE is applicable
2025-12-30 20:43:05,671 [INFO] Rule:233 - rule Change PWR_Regulator_Voltage_Scale Default Value for RCC  H7 family is applicable
2025-12-30 20:43:05,671 [INFO] Rule:233 - rule UART/USART IPParameter rename Prescaler parameter to ClockPrescaler is applicable
2025-12-30 20:43:05,671 [INFO] Rule:233 - rule UART/USART Prescaler rename Prescaler parameter to ClockPrescaler is applicable
2025-12-30 20:43:05,671 [INFO] Rule:233 - rule TIM1CLockSelection is applicable
2025-12-30 20:43:05,672 [INFO] Rule:233 - rule TIM15CLockSelection is applicable
2025-12-30 20:43:05,672 [INFO] Rule:233 - rule align RCC SDMMC3CLockSelection default value on MP1 is applicable
2025-12-30 20:43:05,672 [INFO] Rule:233 - rule align RCC SDMMC12CLockSelection default value on MP1 is applicable
2025-12-30 20:43:05,672 [INFO] Rule:233 - rule align RCC QSPICLockSelection default value on MP1 is applicable
2025-12-30 20:43:05,672 [INFO] Rule:233 - rule align RCC QSPICLockSelection default value on MP1 is applicable
2025-12-30 20:43:05,672 [INFO] Rule:233 - rule align RCC SPI6CLockSelection default value on MP1 is applicable
2025-12-30 20:43:05,672 [INFO] Rule:233 - rule align RCC LPTIM23CLockSelection default value on MP1 is applicable
2025-12-30 20:43:05,672 [INFO] Rule:233 - rule align RCC LPTIM1CLockSelection default value on MP1 is applicable
2025-12-30 20:43:05,672 [INFO] Rule:233 - rule align RCC USART1CLockSelection default value on MP1 is applicable
2025-12-30 20:43:05,672 [INFO] Rule:233 - rule align RCC USART24CLockSelection default value on MP1 is applicable
2025-12-30 20:43:05,673 [INFO] Rule:233 - rule align RCC USART6CLockSelection default value on MP1 is applicable
2025-12-30 20:43:05,673 [INFO] Rule:233 - rule align RCC UART78CLockSelection default value on MP1 is applicable
2025-12-30 20:43:05,673 [INFO] Rule:233 - rule align RCC USART35CLockSelection default value on MP1 is applicable
2025-12-30 20:43:05,673 [INFO] Rule:233 - rule align RCC SPI45CLockSelection default value on MP1 is applicable
2025-12-30 20:43:05,673 [INFO] Rule:233 - rule align RCC I2C46CLockSelection BCLK value on MP1 is applicable
2025-12-30 20:43:05,673 [INFO] Rule:233 - rule align RCC SPI45CLockSelection default value on MP1 is applicable
2025-12-30 20:43:05,673 [INFO] Rule:233 - rule align RCC I2C12CLockSelection default value on MP1 is applicable
2025-12-30 20:43:05,673 [INFO] Rule:233 - rule align RCC I2C35CLockSelection default value on MP1 is applicable
2025-12-30 20:43:05,673 [INFO] Rule:233 - rule align RCC LPTIM45CLockSelection default value on MP1 is applicable
2025-12-30 20:43:05,673 [INFO] Rule:233 - rule Rename DCMI PIXCK signal is applicable
2025-12-30 20:43:05,673 [INFO] Rule:233 - rule Change Default Value for I2C46CLockSelection MP1 family is applicable
2025-12-30 20:43:05,674 [INFO] Rule:233 - rule Change Default Value for UART for G4, G0 and WB families is applicable
2025-12-30 20:43:05,674 [INFO] Rule:233 - rule Change Default Value for USART for G4, G0 and WB families is applicable
2025-12-30 20:43:05,674 [INFO] Rule:233 - rule Change Default Value for USART for G4 family is applicable
2025-12-30 20:43:05,674 [INFO] Rule:233 - rule Change USART1CLockSelection refparam name for MP1 is applicable
2025-12-30 20:43:05,674 [INFO] Rule:233 - rule Change USART2CLockSelection refparam name for MP1 is applicable
2025-12-30 20:43:05,674 [INFO] Rule:233 - rule Change USART3CLockSelection refparam name for MP1 is applicable
2025-12-30 20:43:05,674 [INFO] Rule:233 - rule Change UART4CLockSelection refparam name for MP1 is applicable
2025-12-30 20:43:05,674 [INFO] Rule:233 - rule Change UART5CLockSelection refparam name for MP1 is applicable
2025-12-30 20:43:05,674 [INFO] Rule:233 - rule Change LPUART1CLockSelection refparam name for MP1 is applicable
2025-12-30 20:43:05,674 [INFO] Rule:233 - rule Change LPTIM1CLockSelection refparam name for MP1 is applicable
2025-12-30 20:43:05,674 [INFO] Rule:233 - rule Change LPTIM2CLockSelection refparam name for MP1 is applicable
2025-12-30 20:43:05,674 [INFO] Rule:233 - rule Change RCC_MCO1Source refparam name for MP1 is applicable
2025-12-30 20:43:05,675 [INFO] Rule:233 - rule Change LSCOSource1 refparam name for MP1 is applicable
2025-12-30 20:43:05,675 [INFO] Rule:233 - rule Change SMPSCLockSelection refparam name for MP1 is applicable
2025-12-30 20:43:05,675 [INFO] Rule:233 - rule Change LPTIM3CLockSelection refparam name for MP1 is applicable
2025-12-30 20:43:05,675 [INFO] Rule:233 - rule Change MPCBB* Default Template Mode to Parameters is applicable
2025-12-30 20:43:05,675 [INFO] Rule:233 - rule Change MPCWM* or MPCBB* Secure Mode to Parameters is applicable
2025-12-30 20:43:05,675 [INFO] Rule:233 - rule Change MPCWM* or MPCBB* No Secure Mode to Parameters is applicable
2025-12-30 20:43:05,675 [INFO] Rule:233 - rule Change TZSC IP Secure Mode to Parameters is applicable
2025-12-30 20:43:05,675 [INFO] Rule:233 - rule Change TZSC IP No Secure Mode to Parameters is applicable
2025-12-30 20:43:05,675 [INFO] Rule:233 - rule Change TZSC IP Privilege Mode to Parameters is applicable
2025-12-30 20:43:05,675 [INFO] Rule:233 - rule Change TZSC IP No Privilege Mode to Parameters is applicable
2025-12-30 20:43:05,675 [INFO] Rule:233 - rule Change TZIC IT Secure Mode to Parameters is applicable
2025-12-30 20:43:05,676 [INFO] Rule:233 - rule Change TZIC IT No Secure Mode to Parameters is applicable
2025-12-30 20:43:05,676 [INFO] Rule:233 - rule Add MPCBB1_NonSecureArea_Start_Address value with referenced to MPCBB1_NonSecureArea_Start value is applicable
2025-12-30 20:43:05,676 [INFO] Rule:233 - rule Add MPCBB2_NonSecureArea_Start_Address value with referenced to MPCBB2_NonSecureArea_Start value is applicable
2025-12-30 20:43:05,676 [INFO] Rule:233 - rule Add MPCWM1_NonSecureArea*_Start_Address value with referenced to MPCWM1_NonSecureArea*_Start value is applicable
2025-12-30 20:43:05,676 [INFO] Rule:233 - rule Add MPCWM2_NonSecureArea*_Start_Address value with referenced to MPCWM2_NonSecureArea*_Start value is applicable
2025-12-30 20:43:05,676 [INFO] Rule:233 - rule Add MPCWM3_NonSecureArea_Start_Address value with referenced to MPCWM3_NonSecureArea_Start value is applicable
2025-12-30 20:43:05,676 [INFO] Rule:233 - rule Change Default Value for PLL1UserDefinedConfig is applicable
2025-12-30 20:43:05,676 [INFO] Rule:233 - rule Change GPIO_PuPd Default Value for USART in async mode is applicable
2025-12-30 20:43:05,676 [INFO] Rule:233 - rule Change SMPSDivider Default Value is applicable
2025-12-30 20:43:05,676 [INFO] Rule:233 - rule OPAMP is applicable
2025-12-30 20:43:05,676 [INFO] Rule:233 - rule LPUART IPParameter rename Prescaler parameter to ClockPrescaler for STM32H7 is applicable
2025-12-30 20:43:05,676 [INFO] Rule:233 - rule LPUART IPParameter rename Prescaler parameter to ClockPrescaler for STM32H7 is applicable
2025-12-30 20:43:05,677 [INFO] Rule:233 - rule LPUART IPParameter rename Prescaler parameter to ClockPrescaler for STM32WB is applicable
2025-12-30 20:43:05,677 [INFO] Rule:233 - rule LPUART IPParameter rename Prescaler parameter to ClockPrescaler for STM32WB is applicable
2025-12-30 20:43:05,677 [INFO] Rule:233 - rule LPUART IPParameter rename Prescaler parameter to ClockPrescaler for STM32G4 is applicable
2025-12-30 20:43:05,677 [INFO] Rule:233 - rule LPUART IPParameter rename Prescaler parameter to ClockPrescaler for STM32G4 is applicable
2025-12-30 20:43:05,677 [INFO] Rule:233 - rule LPUART IPParameter rename Prescaler parameter to ClockPrescaler for STM32L5 is applicable
2025-12-30 20:43:05,677 [INFO] Rule:233 - rule LPUART IPParameter rename Prescaler parameter to ClockPrescaler for STM32L5 is applicable
2025-12-30 20:43:05,677 [INFO] Rule:233 - rule LPUART IPParameter rename Prescaler parameter to ClockPrescaler for STM32G4 is applicable
2025-12-30 20:43:05,677 [INFO] Rule:233 - rule LPUART IPParameter rename Prescaler parameter to ClockPrescaler for STM32G4 is applicable
2025-12-30 20:43:05,677 [INFO] Rule:233 - rule USB device lib V2.5.3 for L0 rename USBD_SUPPORT_USER_STRING parameter to USBD_SUPPORT_USER_STRING_DESC4 is applicable
2025-12-30 20:43:05,677 [INFO] Rule:233 - rule I2SCLockSelection clock entry align is applicable
2025-12-30 20:43:05,677 [INFO] Rule:233 - rule Assign TIMx context if used as SYS timebase is applicable
2025-12-30 20:43:05,677 [INFO] Rule:233 - rule Change GPIO_Pu Default Value for I2C is applicable
2025-12-30 20:43:05,678 [INFO] Rule:233 - rule Change GPIO_Pu Default Value for SMBus is applicable
2025-12-30 20:43:05,678 [INFO] Rule:233 - rule change FDCAN default value is applicable
2025-12-30 20:43:05,678 [INFO] Rule:233 - rule Change mode sai is applicable
2025-12-30 20:43:05,678 [INFO] Rule:233 - rule **Change sai mode is applicable
2025-12-30 20:43:05,678 [INFO] Rule:233 - rule Rename STM32WPAN CFG_BLE_IRK to CFG_BLE_IR is applicable
2025-12-30 20:43:05,678 [INFO] Rule:233 - rule Rename STM32WPAN CFG_BLE_ERK to CFG_BLE_ER is applicable
2025-12-30 20:43:05,678 [INFO] Rule:233 - rule Rename STM32WPAN CFG_BLE_IRK_HEX to CFG_BLE_IR_HEX is applicable
2025-12-30 20:43:05,678 [INFO] Rule:233 - rule Rename STM32WPAN CFG_BLE_ERK_HEX to CFG_BLE_ER_HEX is applicable
2025-12-30 20:43:05,678 [INFO] Rule:233 - rule Adapt Old IOC before rework replace old CORTEX_M33/CORTEX_M55 attributes by the new one. is applicable
2025-12-30 20:43:05,678 [INFO] Rule:233 - rule Rename parametre of RCC RCC_APBDBG_DIV2 to RCC_TIMPRES_DIV2 is applicable
2025-12-30 20:43:05,678 [INFO] Rule:233 - rule Rename DIE493 pin PA10 [PA12] -> PA10 is applicable
2025-12-30 20:43:05,678 [INFO] Rule:233 - rule Rename DIE493 pin PA9 [PA11] -> PA9 is applicable
2025-12-30 20:43:05,679 [INFO] Rule:233 - rule Rename DIE492 PartNumber CPN STM32WBA5MJGHx -> STM32WBA5MMGHx is applicable
2025-12-30 20:43:05,679 [INFO] Rule:233 - rule Rename DIE492 PartNumber  Name STM32WBA5MJGHx -> STM32WBA5MMGHx is applicable
2025-12-30 20:43:05,679 [INFO] Rule:233 - rule Rename DIE492 PartNumber UserName STM32WBA5MJGHx -> STM32WBA5MMGHx is applicable
2025-12-30 20:43:05,679 [INFO] Rule:233 - rule Rename DIE492 PartNumber DeviceId STM32WBA5MJGHx -> STM32WBA5MMGHx is applicable
2025-12-30 20:43:05,679 [INFO] Rule:233 - rule Adapt Old IOC CSI. is applicable
2025-12-30 20:43:05,679 [INFO] Rule:233 - rule Adapt Old IOC DCMIPP. is applicable
2025-12-30 20:43:05,679 [INFO] Rule:233 - rule Adapt Old IOC DCMIPP Mode Parallel. is applicable
2025-12-30 20:43:05,679 [INFO] Rule:233 - rule Adapt Old IOC LTDC. is applicable
2025-12-30 20:43:05,679 [INFO] Rule:233 - rule Rename STM32MP2 RIF Peripheral LTDC RIF.RISUP.LTDC_L0L1.Privilege -> RIF.RISUP.LTDC_L1L2.Privilege is applicable
2025-12-30 20:43:05,679 [INFO] Rule:233 - rule Rename STM32MP2 RIF Peripheral LTDC RIF.RISUP.LTDC_L0L1.Privilege -> RIF.RISUP.LTDC_L1L2.Privilege is applicable
2025-12-30 20:43:05,679 [INFO] Rule:233 - rule Rename STM32MP2 RIF Peripheral LTDC RIF.RISUP.LTDC_L0L1.Lock -> RIF.RISUP.LTDC_L1L2.Lock is applicable
2025-12-30 20:43:05,680 [INFO] Rule:233 - rule Rename STM32MP2 RIF Peripheral LTDC RIF.RISUP.LTDC_L2.Lock -> RIF.RISUP.LTDC_L3.Lock is applicable
2025-12-30 20:43:05,680 [INFO] Rule:233 - rule Adapt the old IOC example for updating the SYS when it is misconfigured. is applicable
2025-12-30 20:43:05,680 [INFO] Rule:233 - rule Rename STM32C09 Mcu.Package LQFP64 -> LQFP48 is applicable
2025-12-30 20:43:05,680 [INFO] Rule:233 - rule Adapt the old IOC example for updating the SYS when it is misconfigured. is applicable
2025-12-30 20:43:05,680 [INFO] Rule:233 - rule Adapt the old IOC example for updating the SYS when it is misconfigured. is applicable
2025-12-30 20:43:05,760 [INFO] DbConfProperties:307 - Apply Compatibility (54/282 Rules)
2025-12-30 20:43:05,831 [INFO] ImportTextPane:234 - (OptionalMessage_ERROR) Unable to find key (Mcu.ThirdPartyNb) in loaded IOC file
2025-12-30 20:43:05,841 [INFO] ImportTextPane:234 - (OptionalMessage_ERROR) Pin35 (VP_RIF_VS_RIF1) cannot be retrieved for this MCU
2025-12-30 20:43:06,178 [INFO] RtosManager:558 - Registered RTOS mode: class=CMSIS, group=RTOS, mode=CMSIS_V1, owner=FREERTOS
2025-12-30 20:43:06,178 [INFO] RtosManager:558 - Registered RTOS mode: class=CMSIS, group=RTOS2, mode=CMSIS_V2, owner=FREERTOS
2025-12-30 20:43:06,179 [INFO] RtosManager:558 - Registered RTOS mode: class=RTOS, group=Core, mode=CMSIS_V1, owner=FREERTOS
2025-12-30 20:43:06,179 [INFO] RtosManager:558 - Registered RTOS mode: class=RTOS, group=Core, mode=CMSIS_V2, owner=FREERTOS
2025-12-30 20:43:06,179 [WARN] ModelIntegratedComponent:184 - Missing modes for component STMicroelectronics:FreeRTOS:0.0.1:STMicroelectronics:RTOS:FreeRTOS:Core:::10.2.0:
2025-12-30 20:43:06,219 [WARN] ModelIntegratedComponent:63 - No mode defined for component null
2025-12-30 20:43:06,220 [WARN] ModelIntegratedComponent:63 - No mode defined for component null
2025-12-30 20:43:06,220 [WARN] ModelIntegratedComponent:63 - No mode defined for component null
2025-12-30 20:43:06,220 [WARN] ModelIntegratedComponent:63 - No mode defined for component null
2025-12-30 20:43:06,220 [WARN] ModelIntegratedComponent:63 - No mode defined for component null
2025-12-30 20:43:06,221 [WARN] ModelIntegratedComponent:63 - No mode defined for component null
2025-12-30 20:43:06,221 [WARN] ModelIntegratedComponent:63 - No mode defined for component null
2025-12-30 20:43:06,221 [WARN] ModelIntegratedComponent:63 - No mode defined for component null
2025-12-30 20:43:06,221 [WARN] ModelIntegratedComponent:63 - No mode defined for component null
2025-12-30 20:43:06,221 [WARN] ModelIntegratedComponent:63 - No mode defined for component null
2025-12-30 20:43:06,221 [WARN] ModelIntegratedComponent:63 - No mode defined for component null
2025-12-30 20:43:06,221 [WARN] ModelIntegratedComponent:63 - No mode defined for component null
2025-12-30 20:43:06,222 [WARN] ModelIntegratedComponent:63 - No mode defined for component null
2025-12-30 20:43:06,222 [WARN] ModelIntegratedComponent:63 - No mode defined for component null
2025-12-30 20:43:06,222 [WARN] ModelIntegratedComponent:63 - No mode defined for component null
2025-12-30 20:43:06,222 [WARN] ModelIntegratedComponent:63 - No mode defined for component null
2025-12-30 20:43:06,222 [WARN] ModelIntegratedComponent:63 - No mode defined for component null
2025-12-30 20:43:06,222 [WARN] ModelIntegratedComponent:63 - No mode defined for component null
2025-12-30 20:43:06,222 [WARN] ModelIntegratedComponent:63 - No mode defined for component null
2025-12-30 20:43:06,222 [WARN] ModelIntegratedComponent:63 - No mode defined for component null
2025-12-30 20:43:06,222 [WARN] ModelIntegratedComponent:63 - No mode defined for component null
2025-12-30 20:43:06,222 [WARN] ModelIntegratedComponent:63 - No mode defined for component null
2025-12-30 20:43:06,222 [WARN] ModelIntegratedComponent:63 - No mode defined for component null
2025-12-30 20:43:06,223 [WARN] ModelIntegratedComponent:63 - No mode defined for component null
2025-12-30 20:43:06,223 [WARN] ModelIntegratedComponent:63 - No mode defined for component null
2025-12-30 20:43:06,223 [WARN] ModelIntegratedComponent:63 - No mode defined for component null
2025-12-30 20:43:06,223 [WARN] ModelIntegratedComponent:63 - No mode defined for component null
2025-12-30 20:43:06,223 [WARN] ModelIntegratedComponent:63 - No mode defined for component null
2025-12-30 20:43:06,223 [WARN] ModelIntegratedComponent:63 - No mode defined for component null
2025-12-30 20:43:06,223 [WARN] ModelIntegratedComponent:63 - No mode defined for component null
2025-12-30 20:43:06,223 [WARN] ModelIntegratedComponent:63 - No mode defined for component null
2025-12-30 20:43:06,223 [WARN] ModelIntegratedComponent:63 - No mode defined for component null
2025-12-30 20:43:06,223 [WARN] ModelIntegratedComponent:63 - No mode defined for component null
2025-12-30 20:43:06,223 [WARN] ModelIntegratedComponent:63 - No mode defined for component null
2025-12-30 20:43:06,224 [WARN] ModelIntegratedComponent:63 - No mode defined for component null
2025-12-30 20:43:06,224 [WARN] ModelPack:524 - Component already loaded: STMicroelectronics:HAL Drivers:0.0.0:STMicroelectronics:Device:STMicro_Driver:XSPI:HAL::0.0.1:HAL_XSPI
2025-12-30 20:43:06,286 [INFO] ThirdPartyModel:298 - Start build external matchings
2025-12-30 20:43:07,058 [INFO] ThirdPartyModel:316 - End build external matchings
2025-12-30 20:43:07,093 [INFO] ImportTextPane:234 - (OptionalMessage_ERROR) IP (RCC) : Parameter (RTCHSEDivFreq_Value) has invalid value (4000000)
2025-12-30 20:43:07,679 [INFO] UtilMem:75 - End LoadConfig() Used Memory: 699408032 Bytes (909115392)
2025-12-30 20:43:07,981 [WARN] ThirdParty:833 - waiting for thirdparty lock release [change project]
2025-12-30 20:43:07,982 [INFO] ThirdParty:835 - entering critical section [change project]
2025-12-30 20:43:07,982 [INFO] ThirdParty:1030 - CMSIS Pack Vendor :STMicroelectronics X-CUBE-PM33A1 1.0.0
2025-12-30 20:43:07,982 [INFO] ThirdParty:1030 - CMSIS Pack Vendor :STMicroelectronics USBPD 4.1
2025-12-30 20:43:07,982 [INFO] ThirdParty:1030 - CMSIS Pack Vendor :STMicroelectronics X-CUBE-NFC9 1.0.0
2025-12-30 20:43:07,982 [INFO] ThirdParty:1030 - CMSIS Pack Vendor :STMicroelectronics USB_HOST 2.0.0
2025-12-30 20:43:07,982 [INFO] ThirdParty:1030 - CMSIS Pack Vendor :STMicroelectronics FP-SNS-MOTENVWB1 1.4.0
2025-12-30 20:43:07,982 [INFO] ThirdParty:1030 - CMSIS Pack Vendor :STMicroelectronics X-CUBE-AZRTOS-F4 1.1.0
2025-12-30 20:43:07,982 [INFO] ThirdParty:1030 - CMSIS Pack Vendor :STMicroelectronics LIBJPEG 8.0.0
2025-12-30 20:43:07,982 [INFO] ThirdParty:1030 - CMSIS Pack Vendor :STMicroelectronics FP-ATR-ASTRA1 2.0.2
2025-12-30 20:43:07,982 [INFO] ThirdParty:1030 - CMSIS Pack Vendor :STMicroelectronics X-CUBE-BLE1 7.1.0
2025-12-30 20:43:07,983 [INFO] ThirdParty:1030 - CMSIS Pack Vendor :STMicroelectronics X-CUBE-SMBUS 2.1.0
2025-12-30 20:43:07,983 [INFO] ThirdParty:1030 - CMSIS Pack Vendor :STMicroelectronics USB_DEVICE 3.0.0
2025-12-30 20:43:07,983 [INFO] ThirdParty:1030 - CMSIS Pack Vendor :STMicroelectronics X-CUBE-ISPU 2.1.0
2025-12-30 20:43:07,983 [INFO] ThirdParty:1030 - CMSIS Pack Vendor :STMicroelectronics X-CUBE-FREERTOS 1.4.0
2025-12-30 20:43:07,983 [INFO] ThirdParty:1030 - CMSIS Pack Vendor :STMicroelectronics X-CUBE-EEPRMA1 5.2.0
2025-12-30 20:43:07,983 [INFO] ThirdParty:1030 - CMSIS Pack Vendor :STMicroelectronics X-CUBE-IPS 3.2.0
2025-12-30 20:43:07,983 [INFO] ThirdParty:1030 - CMSIS Pack Vendor :STMicroelectronics X-CUBE-BLEMGR 4.1.0
2025-12-30 20:43:07,983 [INFO] ThirdParty:1030 - CMSIS Pack Vendor :STMicroelectronics X-CUBE-AZRTOS-WB 2.0.0
2025-12-30 20:43:07,983 [INFO] ThirdParty:1030 - CMSIS Pack Vendor :Cesanta I-CUBE-Mongoose 7.20.0
2025-12-30 20:43:07,983 [INFO] ThirdParty:1030 - CMSIS Pack Vendor :STMicroelectronics X-CUBE-NFC12 1.0.0
2025-12-30 20:43:07,983 [INFO] ThirdParty:1030 - CMSIS Pack Vendor :STMicroelectronics X-CUBE-AZRTOS-F7 1.1.0
2025-12-30 20:43:07,983 [INFO] ThirdParty:1030 - CMSIS Pack Vendor :STMicroelectronics X-CUBE-AZRTOS-L5 2.0.0
2025-12-30 20:43:07,983 [INFO] ThirdParty:1030 - CMSIS Pack Vendor :STMicroelectronics USB_DEVICE 2.0.0
2025-12-30 20:43:07,983 [INFO] ThirdParty:1030 - CMSIS Pack Vendor :STMicroelectronics X-CUBE-NFC6 3.1.0
2025-12-30 20:43:07,983 [INFO] ThirdParty:1030 - CMSIS Pack Vendor :STMicroelectronics X-CUBE-ST67W61 1.1.0
2025-12-30 20:43:07,984 [INFO] ThirdParty:1030 - CMSIS Pack Vendor :quantropi X-CUBE-qispace-sdk-base 2.1.0
2025-12-30 20:43:07,984 [INFO] ThirdParty:1030 - CMSIS Pack Vendor :STMicroelectronics X-CUBE-MEMS1 12.0.0
2025-12-30 20:43:07,984 [INFO] ThirdParty:1030 - CMSIS Pack Vendor :STMicroelectronics FP-SNS-MOTENV1 5.1.0
2025-12-30 20:43:07,984 [INFO] ThirdParty:1030 - CMSIS Pack Vendor :STMicroelectronics FreeRTOS 0.0.1
2025-12-30 20:43:07,984 [INFO] ThirdParty:1030 - CMSIS Pack Vendor :STMicroelectronics X-CUBE-AZRTOS-G0 1.1.0
2025-12-30 20:43:07,984 [INFO] ThirdParty:1030 - CMSIS Pack Vendor :STMicroelectronics X-CUBE-NFC4 3.0.0
2025-12-30 20:43:07,984 [INFO] ThirdParty:1030 - CMSIS Pack Vendor :STMicroelectronics X-CUBE-SUBG2 5.0.0
2025-12-30 20:43:07,984 [INFO] ThirdParty:1030 - CMSIS Pack Vendor :STMicroelectronics STM32_WPAN 1.0.0
2025-12-30 20:43:07,984 [INFO] ThirdParty:1030 - CMSIS Pack Vendor :EmbeddedOffice I-CUBE-FS-RTOS 1.0.1
2025-12-30 20:43:07,984 [INFO] ThirdParty:1030 - CMSIS Pack Vendor :STMicroelectronics lwIP 2.0.3
2025-12-30 20:43:07,985 [INFO] ThirdParty:1030 - CMSIS Pack Vendor :WES I-CUBE-Cesium 1.4.0
2025-12-30 20:43:07,985 [INFO] ThirdParty:1030 - CMSIS Pack Vendor :STMicroelectronics USB_HOST 1.0.0
2025-12-30 20:43:07,985 [INFO] ThirdParty:1030 - CMSIS Pack Vendor :STMicroelectronics X-CUBE-AZRTOS-G4 2.0.0
2025-12-30 20:43:07,985 [INFO] ThirdParty:1030 - CMSIS Pack Vendor :STMicroelectronics X-CUBE-WB05N 2.0.0
2025-12-30 20:43:07,985 [INFO] ThirdParty:1030 - CMSIS Pack Vendor :STMicroelectronics PDM2PCM 3.1.0
2025-12-30 20:43:07,985 [INFO] ThirdParty:1030 - CMSIS Pack Vendor :STMicroelectronics PDM2PCM 3.3.0
2025-12-30 20:43:07,986 [INFO] ThirdParty:1030 - CMSIS Pack Vendor :STMicroelectronics X-CUBE-AZRTOS-H7 3.4.0
2025-12-30 20:43:07,986 [INFO] ThirdParty:1030 - CMSIS Pack Vendor :STMicroelectronics X-CUBE-DISPLAY 3.0.0
2025-12-30 20:43:07,986 [INFO] ThirdParty:1030 - CMSIS Pack Vendor :STMicroelectronics X-CUBE-NFC7 2.0.0
2025-12-30 20:43:07,986 [INFO] ThirdParty:1030 - CMSIS Pack Vendor :STMicroelectronics X-CUBE-TCPP 4.2.0
2025-12-30 20:43:07,986 [INFO] ThirdParty:1030 - CMSIS Pack Vendor :RealThread X-CUBE-RT-Thread_Nano 4.1.1
2025-12-30 20:43:07,986 [INFO] ThirdParty:1030 - CMSIS Pack Vendor :STMicroelectronics FP-ATR-SIGFOX1 3.2.0
2025-12-30 20:43:07,986 [INFO] ThirdParty:1030 - CMSIS Pack Vendor :STMicroelectronics X-CUBE-NFC10 1.0.0
2025-12-30 20:43:07,986 [INFO] ThirdParty:1030 - CMSIS Pack Vendor :STMicroelectronics HAL Drivers 0.0.0
2025-12-30 20:43:07,986 [INFO] ThirdParty:1030 - CMSIS Pack Vendor :STMicroelectronics MBEDTLS 2.16.2
2025-12-30 20:43:07,987 [INFO] ThirdParty:1030 - CMSIS Pack Vendor :STMicroelectronics X-CUBE-ST60 1.1.0
2025-12-30 20:43:07,987 [INFO] ThirdParty:1030 - CMSIS Pack Vendor :STMicroelectronics X-CUBE-ALS 1.0.2
2025-12-30 20:43:07,987 [INFO] ThirdParty:1030 - CMSIS Pack Vendor :emotas I-CUBE-CANOPEN 1.3.0
2025-12-30 20:43:07,987 [INFO] ThirdParty:1030 - CMSIS Pack Vendor :STMicroelectronics MBEDTLS 2.14.1
2025-12-30 20:43:07,987 [INFO] ThirdParty:1030 - CMSIS Pack Vendor :STMicroelectronics X-CUBE-GNSS1 7.1.0
2025-12-30 20:43:07,987 [INFO] ThirdParty:1030 - CMSIS Pack Vendor :ITTIA_DB I-CUBE-ITTIADB 8.9.0
2025-12-30 20:43:07,987 [INFO] ThirdParty:1030 - CMSIS Pack Vendor :STMicroelectronics X-CUBE-TOUCHGFX 4.26.0
2025-12-30 20:43:07,987 [INFO] ThirdParty:1030 - CMSIS Pack Vendor :STMicroelectronics X-CUBE-STSE01 1.0.0
2025-12-30 20:43:07,987 [INFO] ThirdParty:1030 - CMSIS Pack Vendor :STMicroelectronics FP-SNS-STBOX1 2.1.0
2025-12-30 20:43:07,987 [INFO] ThirdParty:1030 - CMSIS Pack Vendor :STMicroelectronics X-CUBE-AI 10.2.0
2025-12-30 20:43:07,987 [INFO] ThirdParty:1030 - CMSIS Pack Vendor :STMicroelectronics FP-SNS-STAIOTCFT 1.0.0
2025-12-30 20:43:07,987 [INFO] ThirdParty:1030 - CMSIS Pack Vendor :STMicroelectronics ThreadX 1.0.0
2025-12-30 20:43:07,987 [INFO] ThirdParty:1030 - CMSIS Pack Vendor :STMicroelectronics FP-SNS-SMARTAG2 1.2.0
2025-12-30 20:43:07,987 [INFO] ThirdParty:1030 - CMSIS Pack Vendor :STMicroelectronics FP-SNS-FLIGHT1 5.1.0
2025-12-30 20:43:07,987 [INFO] ThirdParty:1030 - CMSIS Pack Vendor :STMicroelectronics X-CUBE-AZRTOS-WL 2.0.0
2025-12-30 20:43:07,988 [INFO] ThirdParty:1030 - CMSIS Pack Vendor :SEGGER I-CUBE-embOS 1.3.1
2025-12-30 20:43:07,988 [INFO] ThirdParty:1030 - CMSIS Pack Vendor :STMicroelectronics X-CUBE-ALGOBUILD 1.4.0
2025-12-30 20:43:07,988 [INFO] ThirdParty:1030 - CMSIS Pack Vendor :STMicroelectronics X-CUBE-DPower 1.3.0
2025-12-30 20:43:07,988 [INFO] ThirdParty:1030 - CMSIS Pack Vendor :STMicroelectronics USB_DEVICE 1.0.0
2025-12-30 20:43:07,988 [INFO] ThirdParty:1030 - CMSIS Pack Vendor :STMicroelectronics X-CUBE-AZRTOS-H7RS 1.2.0
2025-12-30 20:43:07,988 [INFO] ThirdParty:1030 - CMSIS Pack Vendor :STMicroelectronics X-CUBE-AZRTOS-L4 2.0.0
2025-12-30 20:43:07,988 [INFO] ThirdParty:1030 - CMSIS Pack Vendor :STMicroelectronics ThreadX 0.0.2
2025-12-30 20:43:07,988 [INFO] ThirdParty:1030 - CMSIS Pack Vendor :STMicroelectronics lwIP 2.1.2
2025-12-30 20:43:07,988 [INFO] ThirdParty:1030 - CMSIS Pack Vendor :STMicroelectronics X-CUBE-SFXS2LP1 4.0.0
2025-12-30 20:43:07,988 [INFO] ThirdParty:1030 - CMSIS Pack Vendor :STMicroelectronics X-CUBE-BLE2 3.3.0
2025-12-30 20:43:07,988 [INFO] ThirdParty:1030 - CMSIS Pack Vendor :STMicroelectronics X-CUBE-TOF1 3.4.3
2025-12-30 20:43:07,988 [INFO] ThirdParty:1030 - CMSIS Pack Vendor :Infineon AIROC-Wi-Fi-Bluetooth-STM32 1.8.0
2025-12-30 20:43:07,988 [INFO] ThirdParty:1030 - CMSIS Pack Vendor :STMicroelectronics PDM2PCM 3.2.0
2025-12-30 20:43:07,989 [INFO] ThirdParty:841 - exiting critical section [change project]
2025-12-30 20:43:08,798 [INFO] PinOutPanel:1589 - setPackage(No Configuration,No Configuration)
2025-12-30 20:43:08,800 [INFO] PinOutPanel:1589 - setPackage(STM32F407VGTx,LQFP100)
2025-12-30 20:43:09,660 [INFO] UtilMem:75 - Before build in PCC Used Memory: 536192944 Bytes (909115392)
2025-12-30 20:43:11,042 [INFO] UtilMem:75 - After build in PCC Used Memory: 607498160 Bytes (909115392)
2025-12-30 20:43:11,240 [INFO] ApiDbMcu:532 - Load IP Config File for USB_HOST
2025-12-30 20:43:11,242 [WARN] BspModel:444 - BSP dependency skipped because of component: name='IOExpander', api='Unknown'
2025-12-30 20:43:11,320 [INFO] IPUIPlugin:80 - create IPUIPlugin
2025-12-30 20:43:11,320 [INFO] IPUIPlugin:80 - create IPUIPlugin
2025-12-30 20:43:11,321 [INFO] IPUIPlugin:80 - create IPUIPlugin
2025-12-30 20:43:11,321 [INFO] IPUIPlugin:80 - create IPUIPlugin
2025-12-30 20:43:11,321 [INFO] IPUIPlugin:80 - create IPUIPlugin
2025-12-30 20:43:11,321 [INFO] IPUIPlugin:80 - create IPUIPlugin
2025-12-30 20:43:11,321 [INFO] IPUIPlugin:80 - create IPUIPlugin
2025-12-30 20:43:11,322 [INFO] IPUIPlugin:80 - create IPUIPlugin
2025-12-30 20:43:11,322 [INFO] IPUIPlugin:80 - create IPUIPlugin
2025-12-30 20:43:11,322 [INFO] IPUIPlugin:80 - create IPUIPlugin
2025-12-30 20:43:11,323 [INFO] IPUIPlugin:80 - create IPUIPlugin
2025-12-30 20:43:11,323 [INFO] IPUIPlugin:80 - create IPUIPlugin
2025-12-30 20:43:11,323 [INFO] IPUIPlugin:80 - create IPUIPlugin
2025-12-30 20:43:11,323 [INFO] IPUIPlugin:80 - create IPUIPlugin
2025-12-30 20:43:11,324 [INFO] IPUIPlugin:80 - create IPUIPlugin
2025-12-30 20:43:11,324 [INFO] IPUIPlugin:80 - create IPUIPlugin
2025-12-30 20:43:11,324 [INFO] IPUIPlugin:80 - create IPUIPlugin
2025-12-30 20:43:11,325 [INFO] IPUIPlugin:80 - create IPUIPlugin
2025-12-30 20:43:11,325 [INFO] IPUIPlugin:80 - create IPUIPlugin
2025-12-30 20:43:11,326 [INFO] IPUIPlugin:80 - create IPUIPlugin
2025-12-30 20:43:11,326 [INFO] IPUIPlugin:80 - create IPUIPlugin
2025-12-30 20:43:11,327 [INFO] IPUIPlugin:80 - create IPUIPlugin
2025-12-30 20:43:11,328 [INFO] IPUIPlugin:80 - create IPUIPlugin
2025-12-30 20:43:11,328 [INFO] IPUIPlugin:80 - create IPUIPlugin
2025-12-30 20:43:11,328 [INFO] IPUIPlugin:80 - create IPUIPlugin
2025-12-30 20:43:11,329 [INFO] IPUIPlugin:80 - create IPUIPlugin
2025-12-30 20:43:11,329 [INFO] IPUIPlugin:80 - create IPUIPlugin
2025-12-30 20:43:11,330 [INFO] IPUIPlugin:80 - create IPUIPlugin
2025-12-30 20:43:11,330 [INFO] IPUIPlugin:80 - create IPUIPlugin
2025-12-30 20:43:11,331 [INFO] IPUIPlugin:80 - create IPUIPlugin
2025-12-30 20:43:11,332 [INFO] IPUIPlugin:80 - create IPUIPlugin
2025-12-30 20:43:11,332 [INFO] IPUIPlugin:80 - create IPUIPlugin
2025-12-30 20:43:11,333 [INFO] IPUIPlugin:80 - create IPUIPlugin
2025-12-30 20:43:11,333 [INFO] IPUIPlugin:80 - create IPUIPlugin
2025-12-30 20:43:11,335 [INFO] IPUIPlugin:80 - create IPUIPlugin
2025-12-30 20:43:11,336 [INFO] IPUIPlugin:80 - create IPUIPlugin
2025-12-30 20:43:11,336 [INFO] IPUIPlugin:80 - create IPUIPlugin
2025-12-30 20:43:11,337 [INFO] IPUIPlugin:80 - create IPUIPlugin
2025-12-30 20:43:11,338 [INFO] IPUIPlugin:80 - create IPUIPlugin
2025-12-30 20:43:11,339 [INFO] IPUIPlugin:80 - create IPUIPlugin
2025-12-30 20:43:11,339 [INFO] IPUIPlugin:80 - create IPUIPlugin
2025-12-30 20:43:11,340 [INFO] IPUIPlugin:80 - create IPUIPlugin
2025-12-30 20:43:11,341 [INFO] IPUIPlugin:80 - create IPUIPlugin
2025-12-30 20:43:11,341 [INFO] IPUIPlugin:80 - create IPUIPlugin
2025-12-30 20:43:11,342 [INFO] IPUIPlugin:80 - create IPUIPlugin
2025-12-30 20:43:11,342 [INFO] IPUIPlugin:80 - create IPUIPlugin
2025-12-30 20:43:11,343 [INFO] IPUIPlugin:80 - create IPUIPlugin
2025-12-30 20:43:11,344 [INFO] IPUIPlugin:80 - create IPUIPlugin
2025-12-30 20:43:11,345 [INFO] IPUIPlugin:80 - create IPUIPlugin
2025-12-30 20:43:11,346 [INFO] IPUIPlugin:80 - create IPUIPlugin
2025-12-30 20:43:11,346 [INFO] IPUIPlugin:80 - create IPUIPlugin
2025-12-30 20:43:11,347 [INFO] IPUIPlugin:80 - create IPUIPlugin
2025-12-30 20:43:11,348 [INFO] IPUIPlugin:80 - create IPUIPlugin
2025-12-30 20:43:11,348 [INFO] IPUIPlugin:80 - create IPUIPlugin
2025-12-30 20:43:11,349 [INFO] IPUIPlugin:80 - create IPUIPlugin
2025-12-30 20:43:11,350 [INFO] IPUIPlugin:80 - create IPUIPlugin
2025-12-30 20:43:11,352 [INFO] IPUIPlugin:80 - create IPUIPlugin
2025-12-30 20:43:11,352 [INFO] IPUIPlugin:80 - create IPUIPlugin
2025-12-30 20:43:11,401 [INFO] ApiDbMcu:532 - Load IP Config File for PDM2PCM
2025-12-30 20:43:11,412 [WARN] IP:2250 - I2C_Coeff_DF not found: check if there is a RefParameter without a condition.
2025-12-30 20:43:11,412 [WARN] IP:2250 - Analog_Filter not found: check if there is a RefParameter without a condition.
2025-12-30 20:43:11,433 [INFO] I2sManager:658 - 9.6E7
2025-12-30 20:43:11,434 [INFO] I2sManager:195 - I2S Clock Value : 9.6E7
2025-12-30 20:43:11,444 [INFO] I2sManager:553 - AudioClock : 93750Divider : 2Odd : 0
2025-12-30 20:43:11,882 [INFO] CADModel:165 - CPN selected for project levelSTM32F407VGT6
2025-12-30 20:43:11,882 [INFO] CADModel:114 - Register for checkConnection events
2025-12-30 20:43:11,937 [INFO] OpenFileManager:386 - Restore cursor
2025-12-30 20:43:12,302 [WARN] IP:2250 - I2C_Coeff_DF not found: check if there is a RefParameter without a condition.
2025-12-30 20:43:12,302 [WARN] IP:2250 - Analog_Filter not found: check if there is a RefParameter without a condition.
2025-12-30 20:43:12,303 [WARN] IP:2250 - I2C_Coeff_DF not found: check if there is a RefParameter without a condition.
2025-12-30 20:43:12,303 [WARN] IP:2250 - Analog_Filter not found: check if there is a RefParameter without a condition.
2025-12-30 20:43:16,610 [INFO] UtilMem:75 - End SaveConfig() Used Memory: 772378664 Bytes (909115392)
2025-12-30 20:43:16,790 [INFO] UtilMem:75 - End SaveConfig() Used Memory: 793604056 Bytes (909115392)
2025-12-30 20:43:17,789 [INFO] BlockDiagram:2775 - set Specific Code input for plugin: SPI
2025-12-30 20:43:17,790 [INFO] BlockDiagram:2775 - set Specific Code input for plugin: I2S
2025-12-30 20:43:17,790 [INFO] BlockDiagram:2775 - set Specific Code input for plugin: SYS
2025-12-30 20:43:17,790 [INFO] BlockDiagram:2775 - set Specific Code input for plugin: RCC
2025-12-30 20:43:17,790 [INFO] BlockDiagram:2775 - set Specific Code input for plugin: I2C
2025-12-30 20:43:17,790 [INFO] BlockDiagram:2775 - set Specific Code input for plugin: USB_OTG_FS
2025-12-30 20:43:17,790 [INFO] BlockDiagram:2775 - set Specific Code input for plugin: NVIC
2025-12-30 20:43:17,790 [INFO] BlockDiagram:2775 - set Specific Code input for plugin: USB_HOST
2025-12-30 20:43:17,791 [INFO] BlockDiagram:2775 - set Specific Code input for plugin: GPIO
2025-12-30 20:43:17,793 [INFO] CodeGenerator:892 - code generatio: config db path: C:\ST\STM32CubeIDE_1.19.0\STM32CubeIDE\plugins\com.st.stm32cube.common.mx_6.15.0.202507011659\\db\
2025-12-30 20:43:17,804 [WARN] IP:2250 - I2C_Coeff_DF not found: check if there is a RefParameter without a condition.
2025-12-30 20:43:17,804 [WARN] IP:2250 - Analog_Filter not found: check if there is a RefParameter without a condition.
2025-12-30 20:43:18,404 [INFO] CodeEngine:265 - oldGeneratedFile, D:\project_env\project_demo\MXTmpFiles\license.tmp_save
2025-12-30 20:43:19,091 [INFO] CodeEngine:289 - Generated code: D:\project_env\project_demo\MXTmpFiles\license.tmp
2025-12-30 20:43:19,299 [INFO] CodeEngine:265 - oldGeneratedFile, D:\project_env\project_demo\MXTmpFiles\gpio.tmp_save
2025-12-30 20:43:19,709 [INFO] CodeEngine:289 - Generated code: D:\project_env\project_demo\MXTmpFiles\gpio.tmp
2025-12-30 20:43:19,975 [WARN] IPConfigManager:3238 - Warning: the RefConfig PWREx_EnableUSBVoltageDetector is not available in your config.xml file
2025-12-30 20:43:19,993 [INFO] CodeEngine:265 - oldGeneratedFile, D:\project_env\project_demo\MXTmpFiles\usb_otg_fs_vars.tmp_save
2025-12-30 20:43:20,268 [INFO] CodeEngine:289 - Generated code: D:\project_env\project_demo\MXTmpFiles\usb_otg_fs_vars.tmp
2025-12-30 20:43:20,291 [INFO] CodeEngine:265 - oldGeneratedFile, D:\project_env\project_demo\MXTmpFiles\usb_otg_fs_inc.tmp_save
2025-12-30 20:43:20,451 [INFO] CodeEngine:289 - Generated code: D:\project_env\project_demo\MXTmpFiles\usb_otg_fs_inc.tmp
2025-12-30 20:43:20,474 [INFO] CodeEngine:265 - oldGeneratedFile, D:\project_env\project_demo\MXTmpFiles\usb_otg_fs_HalInit.tmp_save
2025-12-30 20:43:20,712 [INFO] CodeEngine:289 - Generated code: D:\project_env\project_demo\MXTmpFiles\usb_otg_fs_HalInit.tmp
2025-12-30 20:43:20,738 [INFO] CodeEngine:265 - oldGeneratedFile, D:\project_env\project_demo\MXTmpFiles\usb_otg_fs_Msp.tmp_save
2025-12-30 20:43:20,957 [INFO] CodeEngine:289 - Generated code: D:\project_env\project_demo\MXTmpFiles\usb_otg_fs_Msp.tmp
2025-12-30 20:43:21,575 [INFO] CodeEngine:265 - oldGeneratedFile, D:\project_env\project_demo\USB_HOST\App\usb_host.c_save
2025-12-30 20:43:21,872 [INFO] CodeEngine:289 - Generated code: D:\project_env\project_demo\USB_HOST\App\usb_host.c
2025-12-30 20:43:21,907 [INFO] CodeEngine:265 - oldGeneratedFile, D:\project_env\project_demo\USB_HOST\App\usb_host.h_save
2025-12-30 20:43:22,061 [INFO] CodeEngine:289 - Generated code: D:\project_env\project_demo\USB_HOST\App\usb_host.h
2025-12-30 20:43:22,085 [INFO] CodeEngine:265 - oldGeneratedFile, D:\project_env\project_demo\USB_HOST\Target\usbh_conf.h_save
2025-12-30 20:43:22,260 [INFO] CodeEngine:289 - Generated code: D:\project_env\project_demo\USB_HOST\Target\usbh_conf.h
2025-12-30 20:43:22,287 [INFO] CodeEngine:265 - oldGeneratedFile, D:\project_env\project_demo\USB_HOST\Target\usbh_conf.c_save
2025-12-30 20:43:22,423 [INFO] CodeEngine:289 - Generated code: D:\project_env\project_demo\USB_HOST\Target\usbh_conf.c
2025-12-30 20:43:22,444 [INFO] CodeEngine:265 - oldGeneratedFile, D:\project_env\project_demo\USB_HOST\Target\usbh_platform.c_save
2025-12-30 20:43:22,572 [INFO] CodeEngine:289 - Generated code: D:\project_env\project_demo\USB_HOST\Target\usbh_platform.c
2025-12-30 20:43:22,595 [INFO] CodeEngine:265 - oldGeneratedFile, D:\project_env\project_demo\USB_HOST\Target\usbh_platform.h_save
2025-12-30 20:43:22,717 [INFO] CodeEngine:289 - Generated code: D:\project_env\project_demo\USB_HOST\Target\usbh_platform.h
2025-12-30 20:43:22,762 [INFO] CodeEngine:265 - oldGeneratedFile, D:\project_env\project_demo\Core\Src\stm32f4xx_it.c_save
2025-12-30 20:43:23,041 [INFO] CodeEngine:289 - Generated code: D:\project_env\project_demo\Core\Src\stm32f4xx_it.c
2025-12-30 20:43:23,078 [INFO] CodeEngine:265 - oldGeneratedFile, D:\project_env\project_demo\Core\Inc\stm32f4xx_it.h_save
2025-12-30 20:43:23,216 [INFO] CodeEngine:289 - Generated code: D:\project_env\project_demo\Core\Inc\stm32f4xx_it.h
2025-12-30 20:43:23,267 [INFO] CodeEngine:265 - oldGeneratedFile, D:\project_env\project_demo\Core\Src\stm32f4xx_hal_msp.c_save
2025-12-30 20:43:23,637 [INFO] CodeEngine:289 - Generated code: D:\project_env\project_demo\Core\Src\stm32f4xx_hal_msp.c
2025-12-30 20:43:23,664 [INFO] CodeEngine:265 - oldGeneratedFile, D:\project_env\project_demo\MXTmpFiles\system.tmp_save
2025-12-30 20:43:23,775 [INFO] CodeEngine:289 - Generated code: D:\project_env\project_demo\MXTmpFiles\system.tmp
2025-12-30 20:43:23,804 [INFO] CodeEngine:321 - oldGeneratedFile, D:\project_env\project_demo\Core\Inc\stm32f4xx_hal_conf.h_save
2025-12-30 20:43:24,023 [INFO] CodeEngine:345 - Generated code: D:\project_env\project_demo\Core\Inc\stm32f4xx_hal_conf.h
2025-12-30 20:43:24,118 [INFO] ApiDbMcu:532 - Load IP Config File for I2C1
2025-12-30 20:43:24,124 [INFO] ApiDbMcu:532 - Load IP Config File for I2S3
2025-12-30 20:43:24,129 [INFO] ApiDbMcu:532 - Load IP Config File for SPI1
2025-12-30 20:43:24,137 [INFO] ApiDbMcu:532 - Load IP Config File for RCC
2025-12-30 20:43:24,161 [INFO] CodeEngine:265 - oldGeneratedFile, D:\project_env\project_demo\Core\Inc\main.h_save
2025-12-30 20:43:24,434 [INFO] CodeEngine:289 - Generated code: D:\project_env\project_demo\Core\Inc\main.h
2025-12-30 20:43:24,455 [INFO] CodeEngine:265 - oldGeneratedFile, D:\project_env\project_demo\Core\Src\main.c_save
2025-12-30 20:43:24,724 [INFO] CodeEngine:289 - Generated code: D:\project_env\project_demo\Core\Src\main.c
2025-12-30 20:43:25,516 [INFO] ProjectBuilder:3606 - Time for Copy HAL[1] : 381mS.
2025-12-30 20:43:25,528 [INFO] ProjectBuilder:5216 - Project Generator version: 4.7.0-B52
2025-12-30 20:43:25,826 [INFO] ConfigFileManager:1595 - The Die is : DIE413
2025-12-30 20:43:25,863 [INFO] ApiDbMcu:532 - Load IP Config File for FATFS
2025-12-30 20:43:25,902 [INFO] ApiDbMcu:532 - Load IP Config File for FREERTOS
2025-12-30 20:43:25,931 [INFO] ApiDbMcu:532 - Load IP Config File for LIBJPEG
2025-12-30 20:43:25,967 [INFO] ApiDbMcu:532 - Load IP Config File for LWIP
2025-12-30 20:43:26,000 [INFO] ApiDbMcu:532 - Load IP Config File for MBEDTLS
2025-12-30 20:43:26,038 [INFO] ApiDbMcu:532 - Load IP Config File for USB_DEVICE
2025-12-30 20:43:27,464 [INFO] LogOutputStream:77 - [STDOUT_REDIRECT] 
2025-12-30 20:43:33,781 [INFO] ProjectBuilder:5496 - Time for Generating toolchain IDE Files: 8254mS.
2025-12-30 20:43:33,783 [INFO] ProjectBuilder:3463 - Time for Copy CMSIS : 0mS.
2025-12-30 20:43:33,788 [INFO] ProjectBuilder:3463 - Time for Copy CMSIS : 1mS.
2025-12-30 20:43:35,728 [INFO] McuFinderGlobals:76 - Set McuFinderConnectedMode to true
2025-12-30 20:43:35,736 [INFO] ApiDb:448 - Save user favorites file C:\Users\Admin/.stm32cubeide/favorites.mcus.txt: 0 item(s)
2025-12-30 20:43:35,736 [INFO] ApiDb:452 - User favorites MCUs=[]
2025-12-30 20:43:35,741 [INFO] ApiDb:448 - Save user favorites file C:\Users\Admin/.stm32cubeide/favorites.boards.txt: 1 item(s)
2025-12-30 20:43:35,741 [INFO] ApiDb:452 - User favorites Boards=[STM32F407G-DISC1]
2025-12-30 20:43:48,471 [ERROR] LogOutputStream:75 - [STDERR_REDIRECT] Exception in thread "AWT-EventQueue-0" java.lang.ClassCastException: class sun.awt.windows.WEmbeddedFrame cannot be cast to class javax.swing.JFrame (sun.awt.windows.WEmbeddedFrame and javax.swing.JFrame are in module java.desktop of loader 'bootstrap')
2025-12-30 20:43:48,475 [ERROR] LogOutputStream:75 - [STDERR_REDIRECT] 	at com.st.microxplorer.plugins.clock.ClockConfigurationView.activatePlugin(ClockConfigurationView.java:424)
2025-12-30 20:43:48,477 [ERROR] LogOutputStream:75 - [STDERR_REDIRECT] 	at com.st.microxplorer.maingui.MainPanel$1.stateChanged(MainPanel.java:385)
2025-12-30 20:43:48,479 [ERROR] LogOutputStream:75 - [STDERR_REDIRECT] 	at java.desktop/javax.swing.JTabbedPane.fireStateChanged(JTabbedPane.java:446)
2025-12-30 20:43:48,481 [ERROR] LogOutputStream:75 - [STDERR_REDIRECT] 	at java.desktop/javax.swing.JTabbedPane$ModelListener.stateChanged(JTabbedPane.java:297)
2025-12-30 20:43:48,487 [ERROR] LogOutputStream:75 - [STDERR_REDIRECT] 	at java.desktop/javax.swing.DefaultSingleSelectionModel.fireStateChanged(DefaultSingleSelectionModel.java:148)
2025-12-30 20:43:48,492 [ERROR] LogOutputStream:75 - [STDERR_REDIRECT] 	at java.desktop/javax.swing.DefaultSingleSelectionModel.setSelectedIndex(DefaultSingleSelectionModel.java:79)
2025-12-30 20:43:48,494 [ERROR] LogOutputStream:75 - [STDERR_REDIRECT] 	at java.desktop/javax.swing.JTabbedPane.setSelectedIndexImpl(JTabbedPane.java:650)
2025-12-30 20:43:48,496 [ERROR] LogOutputStream:75 - [STDERR_REDIRECT] 	at java.desktop/javax.swing.JTabbedPane.setSelectedIndex(JTabbedPane.java:625)
2025-12-30 20:43:48,499 [ERROR] LogOutputStream:75 - [STDERR_REDIRECT] 	at java.desktop/javax.swing.plaf.basic.BasicTabbedPaneUI$Handler.mousePressed(BasicTabbedPaneUI.java:4140)
2025-12-30 20:43:48,502 [ERROR] LogOutputStream:75 - [STDERR_REDIRECT] 	at java.desktop/java.awt.Component.processMouseEvent(Component.java:6618)
2025-12-30 20:43:48,504 [ERROR] LogOutputStream:75 - [STDERR_REDIRECT] 	at java.desktop/javax.swing.JComponent.processMouseEvent(JComponent.java:3398)
2025-12-30 20:43:48,506 [ERROR] LogOutputStream:75 - [STDERR_REDIRECT] 	at java.desktop/java.awt.Component.processEvent(Component.java:6386)
2025-12-30 20:43:48,508 [ERROR] LogOutputStream:75 - [STDERR_REDIRECT] 	at java.desktop/java.awt.Container.processEvent(Container.java:2266)
2025-12-30 20:43:48,509 [ERROR] LogOutputStream:75 - [STDERR_REDIRECT] 	at java.desktop/java.awt.Component.dispatchEventImpl(Component.java:4996)
2025-12-30 20:43:48,511 [ERROR] LogOutputStream:75 - [STDERR_REDIRECT] 	at java.desktop/java.awt.Container.dispatchEventImpl(Container.java:2324)
2025-12-30 20:43:48,512 [ERROR] LogOutputStream:75 - [STDERR_REDIRECT] 	at java.desktop/java.awt.Component.dispatchEvent(Component.java:4828)
2025-12-30 20:43:48,514 [ERROR] LogOutputStream:75 - [STDERR_REDIRECT] 	at java.desktop/java.awt.LightweightDispatcher.retargetMouseEvent(Container.java:4948)
2025-12-30 20:43:48,517 [ERROR] LogOutputStream:75 - [STDERR_REDIRECT] 	at java.desktop/java.awt.LightweightDispatcher.processMouseEvent(Container.java:4572)
2025-12-30 20:43:48,521 [ERROR] LogOutputStream:75 - [STDERR_REDIRECT] 	at java.desktop/java.awt.LightweightDispatcher.dispatchEvent(Container.java:4516)
2025-12-30 20:43:48,523 [ERROR] LogOutputStream:75 - [STDERR_REDIRECT] 	at java.desktop/java.awt.Container.dispatchEventImpl(Container.java:2310)
2025-12-30 20:43:48,525 [ERROR] LogOutputStream:75 - [STDERR_REDIRECT] 	at java.desktop/java.awt.Component.dispatchEvent(Component.java:4828)
2025-12-30 20:43:48,526 [ERROR] LogOutputStream:75 - [STDERR_REDIRECT] 	at java.desktop/java.awt.EventQueue.dispatchEventImpl(EventQueue.java:775)
2025-12-30 20:43:48,527 [ERROR] LogOutputStream:75 - [STDERR_REDIRECT] 	at java.desktop/java.awt.EventQueue$4.run(EventQueue.java:720)
2025-12-30 20:43:48,529 [ERROR] LogOutputStream:75 - [STDERR_REDIRECT] 	at java.desktop/java.awt.EventQueue$4.run(EventQueue.java:714)
2025-12-30 20:43:48,531 [ERROR] LogOutputStream:75 - [STDERR_REDIRECT] 	at java.base/java.security.AccessController.doPrivileged(AccessController.java:400)
2025-12-30 20:43:48,535 [ERROR] LogOutputStream:75 - [STDERR_REDIRECT] 	at java.base/java.security.ProtectionDomain$JavaSecurityAccessImpl.doIntersectionPrivilege(ProtectionDomain.java:87)
2025-12-30 20:43:48,539 [ERROR] LogOutputStream:75 - [STDERR_REDIRECT] 	at java.base/java.security.ProtectionDomain$JavaSecurityAccessImpl.doIntersectionPrivilege(ProtectionDomain.java:98)
2025-12-30 20:43:48,541 [ERROR] LogOutputStream:75 - [STDERR_REDIRECT] 	at java.desktop/java.awt.EventQueue$5.run(EventQueue.java:747)
2025-12-30 20:43:48,542 [ERROR] LogOutputStream:75 - [STDERR_REDIRECT] 	at java.desktop/java.awt.EventQueue$5.run(EventQueue.java:745)
2025-12-30 20:43:48,543 [ERROR] LogOutputStream:75 - [STDERR_REDIRECT] 	at java.base/java.security.AccessController.doPrivileged(AccessController.java:400)
2025-12-30 20:43:48,546 [ERROR] LogOutputStream:75 - [STDERR_REDIRECT] 	at java.base/java.security.ProtectionDomain$JavaSecurityAccessImpl.doIntersectionPrivilege(ProtectionDomain.java:87)
2025-12-30 20:43:48,548 [ERROR] LogOutputStream:75 - [STDERR_REDIRECT] 	at java.desktop/java.awt.EventQueue.dispatchEvent(EventQueue.java:744)
2025-12-30 20:43:48,550 [ERROR] LogOutputStream:75 - [STDERR_REDIRECT] 	at java.desktop/java.awt.EventDispatchThread.pumpOneEventForFilters(EventDispatchThread.java:203)
2025-12-30 20:43:48,555 [ERROR] LogOutputStream:75 - [STDERR_REDIRECT] 	at java.desktop/java.awt.EventDispatchThread.pumpEventsForFilter(EventDispatchThread.java:124)
2025-12-30 20:43:48,558 [ERROR] LogOutputStream:75 - [STDERR_REDIRECT] 	at java.desktop/java.awt.EventDispatchThread.pumpEventsForHierarchy(EventDispatchThread.java:113)
2025-12-30 20:43:48,559 [ERROR] LogOutputStream:75 - [STDERR_REDIRECT] 	at java.desktop/java.awt.EventDispatchThread.pumpEvents(EventDispatchThread.java:109)
2025-12-30 20:43:48,562 [ERROR] LogOutputStream:75 - [STDERR_REDIRECT] 	at java.desktop/java.awt.EventDispatchThread.pumpEvents(EventDispatchThread.java:101)
2025-12-30 20:43:48,563 [ERROR] LogOutputStream:75 - [STDERR_REDIRECT] 	at java.desktop/java.awt.EventDispatchThread.run(EventDispatchThread.java:90)
2025-12-30 20:44:05,476 [INFO] ParamManager:905 - [Generic UI] PropertyChangeEvent: TAB_STATUS_CHANGED , "dont care", "never mind"
2025-12-30 20:44:05,556 [INFO] ParamManager:905 - [Generic UI] PropertyChangeEvent: TAB_STATUS_CHANGED , "dont care", "never mind"
2025-12-30 20:44:05,586 [INFO] ADCParametersView:116 -                Rank 1 : false
2025-12-30 20:44:05,823 [INFO] ADCParametersView:116 -                Rank 1 : false
2025-12-30 20:44:05,824 [INFO] ADCParametersView:116 -                Rank 1 : false
2025-12-30 20:44:05,824 [INFO] ADCParametersView:116 -                Rank 1 : false
2025-12-30 20:44:05,825 [INFO] ADCParametersView:116 -                Rank 1 : false
2025-12-30 20:44:05,825 [INFO] ADCParametersView:116 -                Rank 1 : false
2025-12-30 20:44:05,826 [INFO] ADCParametersView:116 -                Rank 1 : false
2025-12-30 20:44:05,827 [INFO] ADCParametersView:116 -                Rank 1 : false
2025-12-30 20:44:05,827 [INFO] ADCParametersView:116 -                Rank 1 : false
2025-12-30 20:44:05,828 [INFO] ADCParametersView:116 -                Rank 1 : false
2025-12-30 20:44:05,828 [INFO] ADCParametersView:116 -                Rank 1 : false
2025-12-30 20:44:05,828 [INFO] ADCParametersView:116 -                Rank 1 : false
2025-12-30 20:44:05,828 [INFO] ADCParametersView:116 -                Rank 1 : false
2025-12-30 20:44:05,829 [INFO] ADCParametersView:116 -                Rank 1 : false
2025-12-30 20:44:05,829 [INFO] ADCParametersView:116 -                Rank 1 : false
2025-12-30 20:44:05,855 [INFO] ADCParametersView:116 -                Rank 1 : false
2025-12-30 20:44:06,086 [INFO] NvicIntPanel:101 - NVIC parent = com.st.microxplorer.plugins.ip.nvic.MultiNvicIntPanel[,0,0,0x0,invalid,layout=javax.swing.BoxLayout,alignmentX=0.0,alignmentY=0.0,border=,flags=9,maximumSize=,minimumSize=,preferredSize=]
2025-12-30 20:44:06,322 [INFO] NvicIntPanel:101 - NVIC parent = com.st.microxplorer.plugins.ip.nvic.MultiNvicIntPanel[,0,0,0x0,invalid,layout=javax.swing.BoxLayout,alignmentX=0.0,alignmentY=0.0,border=,flags=9,maximumSize=,minimumSize=,preferredSize=]
2025-12-30 20:44:06,453 [INFO] ADCParametersView:116 -                Rank 1 : false
2025-12-30 20:44:06,454 [INFO] ADCParametersView:116 -                Rank 1 : false
2025-12-30 20:44:06,454 [INFO] ADCParametersView:116 -                Rank 1 : false
2025-12-30 20:44:06,454 [INFO] ADCParametersView:116 -                Rank 1 : false
2025-12-30 20:44:06,455 [INFO] ADCParametersView:116 -                Rank 1 : false
2025-12-30 20:44:06,455 [INFO] ADCParametersView:116 -                Rank 1 : false
2025-12-30 20:44:06,455 [INFO] ADCParametersView:116 -                Rank 1 : false
2025-12-30 20:44:06,455 [INFO] ADCParametersView:116 -                Rank 1 : false
2025-12-30 20:44:06,455 [INFO] ADCParametersView:116 -                Rank 1 : false
2025-12-30 20:44:06,455 [INFO] ADCParametersView:116 -                Rank 1 : false
2025-12-30 20:44:06,456 [INFO] ADCParametersView:116 -                Rank 1 : false
2025-12-30 20:44:06,456 [INFO] ADCParametersView:116 -                Rank 1 : false
2025-12-30 20:44:06,456 [INFO] ADCParametersView:116 -                Rank 1 : false
2025-12-30 20:44:06,456 [INFO] ADCParametersView:116 -                Rank 1 : false
2025-12-30 20:44:06,504 [INFO] ADCParametersView:116 -                Rank 1 : false
2025-12-30 20:44:06,573 [INFO] ADCParametersView:116 -                Rank 1 : false
2025-12-30 20:44:06,574 [INFO] ADCParametersView:116 -                Rank 1 : false
2025-12-30 20:44:06,574 [INFO] ADCParametersView:116 -                Rank 1 : false
2025-12-30 20:44:06,575 [INFO] ADCParametersView:116 -                Rank 1 : false
2025-12-30 20:44:06,575 [INFO] ADCParametersView:116 -                Rank 1 : false
2025-12-30 20:44:06,576 [INFO] ADCParametersView:116 -                Rank 1 : false
2025-12-30 20:44:06,577 [INFO] ADCParametersView:116 -                Rank 1 : false
2025-12-30 20:44:06,577 [INFO] ADCParametersView:116 -                Rank 1 : false
2025-12-30 20:44:06,578 [INFO] ADCParametersView:116 -                Rank 1 : false
2025-12-30 20:44:06,578 [INFO] ADCParametersView:116 -                Rank 1 : false
2025-12-30 20:44:06,578 [INFO] ADCParametersView:116 -                Rank 1 : false
2025-12-30 20:44:06,578 [INFO] ADCParametersView:116 -                Rank 1 : false
2025-12-30 20:44:06,579 [INFO] ADCParametersView:116 -                Rank 1 : false
2025-12-30 20:44:06,579 [INFO] ADCParametersView:116 -                Rank 1 : false
2025-12-30 20:44:06,630 [INFO] ADCParametersView:116 -                Rank 1 : false
2025-12-30 20:44:21,514 [WARN] IP:2250 - I2C_Coeff_DF not found: check if there is a RefParameter without a condition.
2025-12-30 20:44:21,514 [WARN] IP:2250 - Analog_Filter not found: check if there is a RefParameter without a condition.
2025-12-30 20:44:21,515 [WARN] IP:2250 - I2C_Coeff_DF not found: check if there is a RefParameter without a condition.
2025-12-30 20:44:21,515 [WARN] IP:2250 - Analog_Filter not found: check if there is a RefParameter without a condition.
2025-12-30 20:44:21,667 [WARN] IP:2250 - I2C_Coeff_DF not found: check if there is a RefParameter without a condition.
2025-12-30 20:44:21,667 [WARN] IP:2250 - Analog_Filter not found: check if there is a RefParameter without a condition.
2025-12-30 20:47:10,702 [WARN] IP:2250 - I2C_Coeff_DF not found: check if there is a RefParameter without a condition.
2025-12-30 20:47:10,703 [WARN] IP:2250 - Analog_Filter not found: check if there is a RefParameter without a condition.
2025-12-30 20:47:10,931 [WARN] IP:2250 - I2C_Coeff_DF not found: check if there is a RefParameter without a condition.
2025-12-30 20:47:10,931 [WARN] IP:2250 - Analog_Filter not found: check if there is a RefParameter without a condition.
2025-12-30 20:47:10,932 [WARN] IP:2250 - I2C_Coeff_DF not found: check if there is a RefParameter without a condition.
2025-12-30 20:47:10,932 [WARN] IP:2250 - Analog_Filter not found: check if there is a RefParameter without a condition.
2025-12-30 20:47:11,085 [WARN] IP:2250 - I2C_Coeff_DF not found: check if there is a RefParameter without a condition.
2025-12-30 20:47:11,085 [WARN] IP:2250 - Analog_Filter not found: check if there is a RefParameter without a condition.
2025-12-30 20:47:11,197 [WARN] IP:2250 - I2C_Coeff_DF not found: check if there is a RefParameter without a condition.
2025-12-30 20:47:11,198 [WARN] IP:2250 - Analog_Filter not found: check if there is a RefParameter without a condition.
2025-12-30 20:47:33,900 [WARN] IP:2250 - I2C_Coeff_DF not found: check if there is a RefParameter without a condition.
2025-12-30 20:47:33,901 [WARN] IP:2250 - Analog_Filter not found: check if there is a RefParameter without a condition.
2025-12-30 20:47:34,077 [WARN] IP:2250 - I2C_Coeff_DF not found: check if there is a RefParameter without a condition.
2025-12-30 20:47:34,077 [WARN] IP:2250 - Analog_Filter not found: check if there is a RefParameter without a condition.
2025-12-30 20:47:34,078 [WARN] IP:2250 - I2C_Coeff_DF not found: check if there is a RefParameter without a condition.
2025-12-30 20:47:34,078 [WARN] IP:2250 - Analog_Filter not found: check if there is a RefParameter without a condition.
2025-12-30 20:47:34,170 [WARN] IP:2250 - I2C_Coeff_DF not found: check if there is a RefParameter without a condition.
2025-12-30 20:47:34,170 [WARN] IP:2250 - Analog_Filter not found: check if there is a RefParameter without a condition.
2025-12-30 20:47:34,251 [WARN] IP:2250 - I2C_Coeff_DF not found: check if there is a RefParameter without a condition.
2025-12-30 20:47:34,251 [WARN] IP:2250 - Analog_Filter not found: check if there is a RefParameter without a condition.
2025-12-30 20:47:39,898 [WARN] IP:2250 - I2C_Coeff_DF not found: check if there is a RefParameter without a condition.
2025-12-30 20:47:39,898 [WARN] IP:2250 - Analog_Filter not found: check if there is a RefParameter without a condition.
2025-12-30 20:47:40,056 [WARN] IP:2250 - I2C_Coeff_DF not found: check if there is a RefParameter without a condition.
2025-12-30 20:47:40,056 [WARN] IP:2250 - Analog_Filter not found: check if there is a RefParameter without a condition.
2025-12-30 20:47:40,057 [WARN] IP:2250 - I2C_Coeff_DF not found: check if there is a RefParameter without a condition.
2025-12-30 20:47:40,057 [WARN] IP:2250 - Analog_Filter not found: check if there is a RefParameter without a condition.
2025-12-30 20:47:40,127 [WARN] IP:2250 - I2C_Coeff_DF not found: check if there is a RefParameter without a condition.
2025-12-30 20:47:40,127 [WARN] IP:2250 - Analog_Filter not found: check if there is a RefParameter without a condition.
2025-12-30 20:47:40,200 [WARN] IP:2250 - I2C_Coeff_DF not found: check if there is a RefParameter without a condition.
2025-12-30 20:47:40,200 [WARN] IP:2250 - Analog_Filter not found: check if there is a RefParameter without a condition.
2025-12-30 20:48:47,835 [INFO] UtilMem:75 - End SaveConfig() Used Memory: 923057232 Bytes (1073741824)
2025-12-30 20:48:50,993 [INFO] UtilMem:75 - End SaveConfig() Used Memory: 491184880 Bytes (1073741824)
2025-12-30 20:48:57,247 [INFO] UtilMem:75 - End SaveConfig() Used Memory: 651854088 Bytes (1073741824)
2025-12-30 20:48:57,727 [INFO] BlockDiagram:2775 - set Specific Code input for plugin: SYS
2025-12-30 20:48:57,728 [INFO] BlockDiagram:2775 - set Specific Code input for plugin: ADC
2025-12-30 20:48:57,728 [INFO] BlockDiagram:2775 - set Specific Code input for plugin: RCC
2025-12-30 20:48:57,728 [INFO] BlockDiagram:2775 - set Specific Code input for plugin: I2C
2025-12-30 20:48:57,728 [INFO] BlockDiagram:2775 - set Specific Code input for plugin: NVIC
2025-12-30 20:48:57,730 [INFO] BlockDiagram:2775 - set Specific Code input for plugin: GPIO
2025-12-30 20:48:57,731 [INFO] CodeGenerator:892 - code generatio: config db path: C:\ST\STM32CubeIDE_1.19.0\STM32CubeIDE\plugins\com.st.stm32cube.common.mx_6.15.0.202507011659\\db\
2025-12-30 20:48:57,750 [WARN] IP:2250 - I2C_Coeff_DF not found: check if there is a RefParameter without a condition.
2025-12-30 20:48:57,750 [WARN] IP:2250 - Analog_Filter not found: check if there is a RefParameter without a condition.
2025-12-30 20:48:57,897 [INFO] CodeEngine:265 - oldGeneratedFile, D:\project_env\project_demo\MXTmpFiles\license.tmp_save
2025-12-30 20:48:58,394 [INFO] CodeEngine:289 - Generated code: D:\project_env\project_demo\MXTmpFiles\license.tmp
2025-12-30 20:48:58,456 [INFO] CodeEngine:265 - oldGeneratedFile, D:\project_env\project_demo\MXTmpFiles\gpio.tmp_save
2025-12-30 20:48:58,817 [INFO] CodeEngine:289 - Generated code: D:\project_env\project_demo\MXTmpFiles\gpio.tmp
2025-12-30 20:48:59,094 [INFO] CodeEngine:265 - oldGeneratedFile, D:\project_env\project_demo\Core\Src\stm32f4xx_it.c_save
2025-12-30 20:48:59,209 [ERROR] ConfigurationRetriever:142 - IOException on connection: sw-center.st.com
2025-12-30 20:48:59,209 [ERROR] ConfigurationRetriever:142 - IOException on connection: sw-center.st.com
2025-12-30 20:48:59,209 [ERROR] ConfigurationRetriever:142 - IOException on connection: sw-center.st.com
2025-12-30 20:48:59,211 [ERROR] ConfigurationRetriever:142 - IOException on connection: sw-center.st.com
2025-12-30 20:48:59,211 [ERROR] ConfigurationRetriever:142 - IOException on connection: sw-center.st.com
2025-12-30 20:48:59,211 [ERROR] ConfigurationRetriever:142 - IOException on connection: sw-center.st.com
2025-12-30 20:48:59,212 [ERROR] ConfigurationRetriever:142 - IOException on connection: sw-center.st.com
2025-12-30 20:48:59,212 [ERROR] ConfigurationRetriever:142 - IOException on connection: sw-center.st.com
2025-12-30 20:48:59,212 [ERROR] ConfigurationRetriever:142 - IOException on connection: sw-center.st.com
2025-12-30 20:48:59,222 [ERROR] IocParser:95 - Exception caught: Cannot invoke "java.lang.CharSequence.length()" because "this.text" is null
2025-12-30 20:48:59,547 [INFO] CodeEngine:289 - Generated code: D:\project_env\project_demo\Core\Src\stm32f4xx_it.c
2025-12-30 20:48:59,557 [INFO] CodeEngine:265 - oldGeneratedFile, D:\project_env\project_demo\Core\Inc\stm32f4xx_it.h_save
2025-12-30 20:48:59,735 [INFO] CodeEngine:289 - Generated code: D:\project_env\project_demo\Core\Inc\stm32f4xx_it.h
2025-12-30 20:48:59,758 [INFO] CodeEngine:265 - oldGeneratedFile, D:\project_env\project_demo\Core\Src\stm32f4xx_hal_msp.c_save
2025-12-30 20:49:00,165 [INFO] CodeEngine:289 - Generated code: D:\project_env\project_demo\Core\Src\stm32f4xx_hal_msp.c
2025-12-30 20:49:00,172 [INFO] CodeEngine:265 - oldGeneratedFile, D:\project_env\project_demo\MXTmpFiles\system.tmp_save
2025-12-30 20:49:00,293 [INFO] CodeEngine:289 - Generated code: D:\project_env\project_demo\MXTmpFiles\system.tmp
2025-12-30 20:49:00,333 [INFO] CodeEngine:321 - oldGeneratedFile, D:\project_env\project_demo\Core\Inc\stm32f4xx_hal_conf.h_save
2025-12-30 20:49:00,644 [INFO] CodeEngine:345 - Generated code: D:\project_env\project_demo\Core\Inc\stm32f4xx_hal_conf.h
2025-12-30 20:49:00,730 [INFO] ApiDbMcu:532 - Load IP Config File for ADC1
2025-12-30 20:49:00,747 [INFO] CodeEngine:265 - oldGeneratedFile, D:\project_env\project_demo\Core\Inc\main.h_save
2025-12-30 20:49:01,170 [INFO] CodeEngine:289 - Generated code: D:\project_env\project_demo\Core\Inc\main.h
2025-12-30 20:49:01,179 [INFO] CodeEngine:265 - oldGeneratedFile, D:\project_env\project_demo\Core\Src\main.c_save
2025-12-30 20:49:01,492 [INFO] CodeEngine:289 - Generated code: D:\project_env\project_demo\Core\Src\main.c
2025-12-30 20:49:02,100 [INFO] ProjectBuilder:3606 - Time for Copy HAL[1] : 243mS.
2025-12-30 20:49:02,104 [INFO] ProjectBuilder:5216 - Project Generator version: 4.7.0-B52
2025-12-30 20:49:02,234 [INFO] ConfigFileManager:1595 - The Die is : DIE413
2025-12-30 20:49:05,118 [INFO] ProjectBuilder:5496 - Time for Generating toolchain IDE Files: 3014mS.
2025-12-30 20:49:05,119 [INFO] ProjectBuilder:3463 - Time for Copy CMSIS : 1mS.
2025-12-30 20:49:05,121 [INFO] ProjectBuilder:3463 - Time for Copy CMSIS : 0mS.
2025-12-30 20:49:05,179 [ERROR] ConfigurationRetriever:142 - IOException on connection: sw-center.st.com
2025-12-30 20:49:05,181 [ERROR] ConfigurationRetriever:142 - IOException on connection: sw-center.st.com
2025-12-30 20:49:05,182 [ERROR] ConfigurationRetriever:142 - IOException on connection: sw-center.st.com
2025-12-30 20:49:16,233 [INFO] WebApp:194 - Connection lost
2025-12-30 20:50:39,912 [INFO] WebApp:191 - Connection restablished
2025-12-30 20:50:41,226 [INFO] WebApp:194 - Connection lost
2025-12-30 20:50:41,487 [INFO] WebApp:191 - Connection restablished
2025-12-30 20:51:26,206 [INFO] WebApp:194 - Connection lost
2025-12-30 20:51:26,524 [INFO] WebApp:191 - Connection restablished
2025-12-30 22:29:36,748 [INFO] WebApp:194 - Connection lost
2025-12-30 22:30:22,596 [INFO] WebApp:191 - Connection restablished
2025-12-30 22:32:06,246 [INFO] WebApp:194 - Connection lost
2025-12-30 22:32:10,371 [INFO] WebApp:191 - Connection restablished
2025-12-30 23:08:12,298 [INFO] ADCParametersView:116 -                Rank 1 : false
2025-12-30 23:08:12,299 [INFO] ADCParametersView:116 -                Rank 1 : false
2025-12-30 23:08:12,299 [INFO] ADCParametersView:116 -                Rank 1 : false
2025-12-30 23:08:12,300 [INFO] ADCParametersView:116 -                Rank 1 : false
2025-12-30 23:08:12,300 [INFO] ADCParametersView:116 -                Rank 1 : false
2025-12-30 23:08:12,301 [INFO] ADCParametersView:116 -                Rank 1 : false
2025-12-30 23:08:12,301 [INFO] ADCParametersView:116 -                Rank 1 : false
2025-12-30 23:08:12,302 [INFO] ADCParametersView:116 -                Rank 1 : false
2025-12-30 23:08:12,302 [INFO] ADCParametersView:116 -                Rank 1 : false
2025-12-30 23:08:12,303 [INFO] ADCParametersView:116 -                Rank 1 : false
2025-12-30 23:08:12,303 [INFO] ADCParametersView:116 -                Rank 1 : false
2025-12-30 23:08:12,303 [INFO] ADCParametersView:116 -                Rank 1 : false
2025-12-30 23:08:12,304 [INFO] ADCParametersView:116 -                Rank 1 : false
2025-12-30 23:08:12,304 [INFO] ADCParametersView:116 -                Rank 1 : false
2025-12-30 23:08:12,441 [INFO] ADCParametersView:116 -                Rank 1 : false
2025-12-30 23:08:12,580 [INFO] ADCParametersView:116 -                Rank 1 : false
2025-12-30 23:08:12,581 [INFO] ADCParametersView:116 -                Rank 1 : false
2025-12-30 23:08:12,581 [INFO] ADCParametersView:116 -                Rank 1 : false
2025-12-30 23:08:12,582 [INFO] ADCParametersView:116 -                Rank 1 : false
2025-12-30 23:08:12,582 [INFO] ADCParametersView:116 -                Rank 1 : false
2025-12-30 23:08:12,583 [INFO] ADCParametersView:116 -                Rank 1 : false
2025-12-30 23:08:12,584 [INFO] ADCParametersView:116 -                Rank 1 : false
2025-12-30 23:08:12,584 [INFO] ADCParametersView:116 -                Rank 1 : false
2025-12-30 23:08:12,584 [INFO] ADCParametersView:116 -                Rank 1 : false
2025-12-30 23:08:12,584 [INFO] ADCParametersView:116 -                Rank 1 : false
2025-12-30 23:08:12,585 [INFO] ADCParametersView:116 -                Rank 1 : false
2025-12-30 23:08:12,585 [INFO] ADCParametersView:116 -                Rank 1 : false
2025-12-30 23:08:12,586 [INFO] ADCParametersView:116 -                Rank 1 : false
2025-12-30 23:08:12,586 [INFO] ADCParametersView:116 -                Rank 1 : false
2025-12-30 23:08:12,655 [INFO] ADCParametersView:116 -                Rank 1 : false
2025-12-30 23:08:17,472 [INFO] ParamManager:905 - [Generic UI] PropertyChangeEvent: TAB_STATUS_CHANGED , "dont care", "never mind"
2025-12-30 23:08:17,487 [INFO] ADCParametersView:116 -                Rank 1 : false
2025-12-30 23:08:17,487 [INFO] ADCParametersView:116 -                Rank 1 : false
2025-12-30 23:08:17,488 [INFO] ADCParametersView:116 -                Rank 1 : false
2025-12-30 23:08:17,488 [INFO] ADCParametersView:116 -                Rank 1 : false
2025-12-30 23:08:17,489 [INFO] ADCParametersView:116 -                Rank 1 : false
2025-12-30 23:08:17,489 [INFO] ADCParametersView:116 -                Rank 1 : false
2025-12-30 23:08:17,491 [INFO] ADCParametersView:116 -                Rank 1 : false
2025-12-30 23:08:17,491 [INFO] ADCParametersView:116 -                Rank 1 : false
2025-12-30 23:08:17,492 [INFO] ADCParametersView:116 -                Rank 1 : false
2025-12-30 23:08:17,493 [INFO] ADCParametersView:116 -                Rank 1 : false
2025-12-30 23:08:17,493 [INFO] ADCParametersView:116 -                Rank 1 : false
2025-12-30 23:08:17,493 [INFO] ADCParametersView:116 -                Rank 1 : false
2025-12-30 23:08:17,494 [INFO] ADCParametersView:116 -                Rank 1 : false
2025-12-30 23:08:17,494 [INFO] ADCParametersView:116 -                Rank 1 : false
2025-12-30 23:08:17,516 [INFO] ParamManager:905 - [Generic UI] PropertyChangeEvent: TAB_STATUS_CHANGED , "dont care", "never mind"
2025-12-30 23:08:17,531 [INFO] ADCParametersView:116 -                Rank 1 : false
2025-12-30 23:08:17,593 [INFO] ADCParametersView:116 -                Rank 1 : false
2025-12-30 23:08:17,594 [INFO] ADCParametersView:116 -                Rank 1 : false
2025-12-30 23:08:17,595 [INFO] ADCParametersView:116 -                Rank 1 : false
2025-12-30 23:08:17,595 [INFO] ADCParametersView:116 -                Rank 1 : false
2025-12-30 23:08:17,595 [INFO] ADCParametersView:116 -                Rank 1 : false
2025-12-30 23:08:17,595 [INFO] ADCParametersView:116 -                Rank 1 : false
2025-12-30 23:08:17,595 [INFO] ADCParametersView:116 -                Rank 1 : false
2025-12-30 23:08:17,595 [INFO] ADCParametersView:116 -                Rank 1 : false
2025-12-30 23:08:17,596 [INFO] ADCParametersView:116 -                Rank 1 : false
2025-12-30 23:08:17,596 [INFO] ADCParametersView:116 -                Rank 1 : false
2025-12-30 23:08:17,596 [INFO] ADCParametersView:116 -                Rank 1 : false
2025-12-30 23:08:17,596 [INFO] ADCParametersView:116 -                Rank 1 : false
2025-12-30 23:08:17,597 [INFO] ADCParametersView:116 -                Rank 1 : false
2025-12-30 23:08:17,597 [INFO] ADCParametersView:116 -                Rank 1 : false
2025-12-30 23:08:17,630 [INFO] ADCParametersView:116 -                Rank 1 : false
2025-12-30 23:08:17,859 [INFO] NvicIntPanel:101 - NVIC parent = com.st.microxplorer.plugins.ip.nvic.MultiNvicIntPanel[,0,0,0x0,invalid,layout=javax.swing.BoxLayout,alignmentX=0.0,alignmentY=0.0,border=,flags=9,maximumSize=,minimumSize=,preferredSize=]
2025-12-30 23:08:18,129 [INFO] NvicIntPanel:101 - NVIC parent = com.st.microxplorer.plugins.ip.nvic.MultiNvicIntPanel[,0,0,0x0,invalid,layout=javax.swing.BoxLayout,alignmentX=0.0,alignmentY=0.0,border=,flags=9,maximumSize=,minimumSize=,preferredSize=]
2025-12-30 23:08:18,258 [INFO] ADCParametersView:116 -                Rank 1 : false
2025-12-30 23:08:18,258 [INFO] ADCParametersView:116 -                Rank 1 : false
2025-12-30 23:08:18,259 [INFO] ADCParametersView:116 -                Rank 1 : false
2025-12-30 23:08:18,259 [INFO] ADCParametersView:116 -                Rank 1 : false
2025-12-30 23:08:18,259 [INFO] ADCParametersView:116 -                Rank 1 : false
2025-12-30 23:08:18,261 [INFO] ADCParametersView:116 -                Rank 1 : false
2025-12-30 23:08:18,261 [INFO] ADCParametersView:116 -                Rank 1 : false
2025-12-30 23:08:18,261 [INFO] ADCParametersView:116 -                Rank 1 : false
2025-12-30 23:08:18,261 [INFO] ADCParametersView:116 -                Rank 1 : false
2025-12-30 23:08:18,261 [INFO] ADCParametersView:116 -                Rank 1 : false
2025-12-30 23:08:18,261 [INFO] ADCParametersView:116 -                Rank 1 : false
2025-12-30 23:08:18,261 [INFO] ADCParametersView:116 -                Rank 1 : false
2025-12-30 23:08:18,262 [INFO] ADCParametersView:116 -                Rank 1 : false
2025-12-30 23:08:18,262 [INFO] ADCParametersView:116 -                Rank 1 : false
2025-12-30 23:08:18,304 [INFO] ADCParametersView:116 -                Rank 1 : false
2025-12-30 23:08:18,373 [INFO] ADCParametersView:116 -                Rank 1 : false
2025-12-30 23:08:18,373 [INFO] ADCParametersView:116 -                Rank 1 : false
2025-12-30 23:08:18,374 [INFO] ADCParametersView:116 -                Rank 1 : false
2025-12-30 23:08:18,375 [INFO] ADCParametersView:116 -                Rank 1 : false
2025-12-30 23:08:18,375 [INFO] ADCParametersView:116 -                Rank 1 : false
2025-12-30 23:08:18,376 [INFO] ADCParametersView:116 -                Rank 1 : false
2025-12-30 23:08:18,376 [INFO] ADCParametersView:116 -                Rank 1 : false
2025-12-30 23:08:18,376 [INFO] ADCParametersView:116 -                Rank 1 : false
2025-12-30 23:08:18,376 [INFO] ADCParametersView:116 -                Rank 1 : false
2025-12-30 23:08:18,377 [INFO] ADCParametersView:116 -                Rank 1 : false
2025-12-30 23:08:18,377 [INFO] ADCParametersView:116 -                Rank 1 : false
2025-12-30 23:08:18,377 [INFO] ADCParametersView:116 -                Rank 1 : false
2025-12-30 23:08:18,377 [INFO] ADCParametersView:116 -                Rank 1 : false
2025-12-30 23:08:18,377 [INFO] ADCParametersView:116 -                Rank 1 : false
2025-12-30 23:08:18,419 [INFO] ADCParametersView:116 -                Rank 1 : false
2025-12-30 23:08:57,771 [INFO] UtilMem:75 - End SaveConfig() Used Memory: 351117928 Bytes (916455424)
2025-12-30 23:50:08,581 [INFO] WebApp:194 - Connection lost
2025-12-30 23:50:08,866 [INFO] WebApp:191 - Connection restablished
2025-12-30 23:50:12,061 [INFO] WebApp:194 - Connection lost
2025-12-30 23:50:12,302 [INFO] WebApp:191 - Connection restablished
2025-12-30 23:50:24,563 [INFO] WebApp:194 - Connection lost
2025-12-30 23:50:25,113 [INFO] WebApp:191 - Connection restablished
2025-12-30 23:50:31,573 [INFO] WebApp:194 - Connection lost
2025-12-30 23:50:40,039 [INFO] WebApp:191 - Connection restablished
2025-12-30 23:50:44,555 [INFO] WebApp:194 - Connection lost
2025-12-30 23:50:44,758 [INFO] WebApp:191 - Connection restablished
2025-12-30 23:50:50,557 [INFO] WebApp:194 - Connection lost
2025-12-30 23:50:51,644 [INFO] WebApp:191 - Connection restablished
2025-12-30 23:50:56,062 [INFO] WebApp:194 - Connection lost
2025-12-30 23:50:56,544 [INFO] WebApp:191 - Connection restablished
2025-12-30 23:50:59,555 [INFO] WebApp:194 - Connection lost
2025-12-30 23:50:59,877 [INFO] WebApp:191 - Connection restablished
2025-12-30 23:51:33,063 [INFO] WebApp:194 - Connection lost
2025-12-30 23:51:33,556 [INFO] WebApp:191 - Connection restablished
2025-12-30 23:51:37,565 [INFO] WebApp:194 - Connection lost
2025-12-30 23:51:37,843 [INFO] WebApp:191 - Connection restablished
2025-12-30 23:51:47,565 [INFO] WebApp:194 - Connection lost
2025-12-30 23:51:47,792 [INFO] WebApp:191 - Connection restablished
2025-12-30 23:52:02,061 [INFO] WebApp:194 - Connection lost
2025-12-30 23:52:02,283 [INFO] WebApp:191 - Connection restablished
2025-12-30 23:52:10,073 [INFO] WebApp:194 - Connection lost
2025-12-30 23:52:32,716 [INFO] WebApp:191 - Connection restablished
2025-12-30 23:52:51,569 [INFO] WebApp:194 - Connection lost
2025-12-30 23:52:52,754 [INFO] WebApp:191 - Connection restablished
2025-12-30 23:52:56,069 [INFO] WebApp:194 - Connection lost
2025-12-30 23:52:56,293 [INFO] WebApp:191 - Connection restablished
2025-12-30 23:53:12,041 [INFO] WebApp:194 - Connection lost
2025-12-30 23:53:21,157 [INFO] WebApp:191 - Connection restablished
2025-12-30 23:53:32,543 [INFO] WebApp:194 - Connection lost
2025-12-30 23:53:40,260 [INFO] WebApp:191 - Connection restablished
2025-12-30 23:53:51,576 [INFO] WebApp:194 - Connection lost
2025-12-30 23:53:52,069 [INFO] WebApp:191 - Connection restablished
