2025-12-31 08:39:52,514 [INFO] Activator:176 - 


2025-12-31 08:39:52,528 [INFO] Activator:177 - !SESSION log4j initialized
2025-12-31 08:40:01,858 [INFO] LogOutputStream:77 - [STDOUT_REDIRECT] 
2025-12-31 08:40:04,440 [INFO] ApplicationProperties:184 - Using Application install path: C:\ST\STM32CubeIDE_1.19.0\STM32CubeIDE\plugins\com.st.stm32cube.common.mx_6.15.0.202507011659
2025-12-31 08:40:04,466 [INFO] DbMcusXml:78 - Set database path to: C:\ST\STM32CubeIDE_1.19.0\STM32CubeIDE\plugins\com.st.stm32cube.common.mx_6.15.0.202507011659\\db\/mcu/
2025-12-31 08:40:04,466 [INFO] ApiDb:274 - Set plugin database path to: C:\ST\STM32CubeIDE_1.19.0\STM32CubeIDE\plugins\com.st.stm32cube.common.mx_6.15.0.202507011659\\db\/plugins/boardmanager/
2025-12-31 08:40:04,521 [WARN] ApiDb:259 - Overriding images path with different value:  => C:\ST\STM32CubeIDE_1.19.0\STM32CubeIDE\plugins\com.st.stm32cube.common.mx_6.15.0.202507011659\\db\/plugins/mcufinder/images/
2025-12-31 08:40:04,540 [INFO] ApiDb:250 - Set database path to: C:\Users\Admin\.stmcufinder\plugins\mcufinder//mcu/
2025-12-31 08:40:04,543 [INFO] DbMcusAds:125 - Set database path to: C:\Users\Admin\.stmcufinder\plugins\mcufinder//mcu/
2025-12-31 08:40:04,550 [INFO] CrossReferenceDbSqlite:203 - Set database path to: C:\Users\Admin\.stmcufinder\plugins\mcufinder//mcu/cs/
2025-12-31 08:40:04,772 [INFO] RulesReader:64 - Compatibility file has been processed (317 Rules)
2025-12-31 08:40:04,917 [INFO] DbMcusXml:78 - Set database path to: C:\ST\STM32CubeIDE_1.19.0\STM32CubeIDE\plugins\com.st.stm32cube.common.mx_6.15.0.202507011659\\db\/mcu/
2025-12-31 08:40:04,918 [INFO] ApiDb:274 - Set plugin database path to: C:\ST\STM32CubeIDE_1.19.0\STM32CubeIDE\plugins\com.st.stm32cube.common.mx_6.15.0.202507011659\\db\/plugins/boardmanager/
2025-12-31 08:40:04,918 [INFO] ApiDb:261 - Set plugin images path to: C:\ST\STM32CubeIDE_1.19.0\STM32CubeIDE\plugins\com.st.stm32cube.common.mx_6.15.0.202507011659\\db\/plugins/mcufinder/images/
2025-12-31 08:40:04,918 [WARN] DbFile:41 - Overriding database path with different value: C:\Users\Admin\.stmcufinder\plugins\mcufinder/ => C:\Users\Admin\.stmcufinder\plugins\mcufinder
2025-12-31 08:40:04,919 [INFO] ApiDb:250 - Set database path to: C:\Users\Admin\.stmcufinder\plugins\mcufinder//mcu/
2025-12-31 08:40:04,919 [WARN] DbFile:41 - Overriding database path with different value: C:\Users\Admin\.stmcufinder\plugins\mcufinder/ => C:\Users\Admin\.stmcufinder\plugins\mcufinder
2025-12-31 08:40:04,919 [INFO] DbMcusAds:125 - Set database path to: C:\Users\Admin\.stmcufinder\plugins\mcufinder//mcu/
2025-12-31 08:40:04,919 [WARN] DbFile:41 - Overriding database path with different value: C:\Users\Admin\.stmcufinder\plugins\mcufinder/ => C:\Users\Admin\.stmcufinder\plugins\mcufinder
2025-12-31 08:40:04,919 [WARN] DbFile:41 - Overriding database path with different value: C:\Users\Admin\.stmcufinder\plugins\mcufinder/ => C:\Users\Admin\.stmcufinder\plugins\mcufinder
2025-12-31 08:40:04,920 [INFO] CrossReferenceDbSqlite:203 - Set database path to: C:\Users\Admin\.stmcufinder\plugins\mcufinder//mcu/cs/
2025-12-31 08:40:05,051 [INFO] MainPanel:274 - HeapMemory: 268435456
2025-12-31 08:40:05,222 [INFO] DbMcusXml:78 - Set database path to: C:\ST\STM32CubeIDE_1.19.0\STM32CubeIDE\plugins\com.st.stm32cube.common.mx_6.15.0.202507011659\\db\/mcu/
2025-12-31 08:40:05,222 [INFO] ApiDb:274 - Set plugin database path to: C:\ST\STM32CubeIDE_1.19.0\STM32CubeIDE\plugins\com.st.stm32cube.common.mx_6.15.0.202507011659\\db\/plugins/boardmanager/
2025-12-31 08:40:05,222 [INFO] ApiDb:261 - Set plugin images path to: C:\ST\STM32CubeIDE_1.19.0\STM32CubeIDE\plugins\com.st.stm32cube.common.mx_6.15.0.202507011659\\db\/plugins/mcufinder/images/
2025-12-31 08:40:05,224 [WARN] DbFile:41 - Overriding database path with different value: C:\Users\Admin\.stmcufinder\plugins\mcufinder/ => C:\Users\Admin\.stmcufinder\plugins\mcufinder
2025-12-31 08:40:05,224 [INFO] ApiDb:250 - Set database path to: C:\Users\Admin\.stmcufinder\plugins\mcufinder//mcu/
2025-12-31 08:40:05,224 [WARN] DbFile:41 - Overriding database path with different value: C:\Users\Admin\.stmcufinder\plugins\mcufinder/ => C:\Users\Admin\.stmcufinder\plugins\mcufinder
2025-12-31 08:40:05,224 [INFO] DbMcusAds:125 - Set database path to: C:\Users\Admin\.stmcufinder\plugins\mcufinder//mcu/
2025-12-31 08:40:05,225 [WARN] DbFile:41 - Overriding database path with different value: C:\Users\Admin\.stmcufinder\plugins\mcufinder/ => C:\Users\Admin\.stmcufinder\plugins\mcufinder
2025-12-31 08:40:05,225 [WARN] DbFile:41 - Overriding database path with different value: C:\Users\Admin\.stmcufinder\plugins\mcufinder/ => C:\Users\Admin\.stmcufinder\plugins\mcufinder
2025-12-31 08:40:05,225 [INFO] CrossReferenceDbSqlite:203 - Set database path to: C:\Users\Admin\.stmcufinder\plugins\mcufinder//mcu/cs/
2025-12-31 08:40:05,260 [INFO] ApplicationProperties:184 - Using Application install path: C:\ST\STM32CubeIDE_1.19.0\STM32CubeIDE\plugins\com.st.stm32cube.common.mx_6.15.0.202507011659
2025-12-31 08:40:05,263 [INFO] PluginManage:196 - Search for loadable plugins [exclusion list=, ]
2025-12-31 08:40:05,265 [INFO] PluginManage:310 - Check plugin analytics
2025-12-31 08:40:05,654 [INFO] AnalyticsPlugin:253 - Accepted Software Licenses: 
2025-12-31 08:40:05,655 [INFO] AnalyticsPlugin:255 - Accepted CMSIS Pack Licenses: 
2025-12-31 08:40:05,655 [INFO] AnalyticsPlugin:257 - Accepted Firmware Licenses: FW.F4.1.28.0
2025-12-31 08:40:05,661 [INFO] PluginManage:359 - Loaded plugin analytics (category:tool,tabindex:-1)
2025-12-31 08:40:05,661 [INFO] PluginManage:310 - Check plugin cadmodel
2025-12-31 08:40:05,671 [INFO] CADModel:105 - Init CAD model plugin
2025-12-31 08:40:05,672 [INFO] PluginManage:359 - Loaded plugin cadmodel (category:power,tabindex:5)
2025-12-31 08:40:05,672 [INFO] PluginManage:310 - Check plugin clock
2025-12-31 08:40:05,689 [INFO] PluginManage:359 - Loaded plugin clock (category:base,tabindex:2)
2025-12-31 08:40:05,690 [INFO] PluginManage:310 - Check plugin ddr
2025-12-31 08:40:05,694 [INFO] PluginManage:359 - Loaded plugin ddr (category:tool,tabindex:6)
2025-12-31 08:40:05,694 [INFO] PluginManage:310 - Check plugin filemanager
2025-12-31 08:40:05,982 [INFO] PluginManage:359 - Loaded plugin filemanager (category:base,tabindex:10)
2025-12-31 08:40:05,982 [INFO] PluginManage:310 - Check plugin ipmanager
2025-12-31 08:40:05,994 [INFO] PluginManage:359 - Loaded plugin ipmanager (category:base,tabindex:5)
2025-12-31 08:40:05,994 [INFO] PluginManage:310 - Check plugin lpbam
2025-12-31 08:40:06,009 [INFO] PluginManage:359 - Loaded plugin lpbam (category:base,tabindex:0)
2025-12-31 08:40:06,010 [INFO] PluginManage:310 - Check plugin memorymap
2025-12-31 08:40:06,037 [INFO] PluginManage:359 - Loaded plugin memorymap (category:base,tabindex:4)
2025-12-31 08:40:06,037 [INFO] PluginManage:310 - Check plugin pinoutandconfiguration
2025-12-31 08:40:06,056 [INFO] PluginManage:359 - Loaded plugin pinoutandconfiguration (category:base,tabindex:1)
2025-12-31 08:40:06,056 [INFO] PluginManage:310 - Check plugin pinoutconfig
2025-12-31 08:40:06,218 [WARN] SupportedApi:132 - Cannot load RTOS API schema: s4s-elt-must-match.1: The content of 'definitions' must match (annotation?, (simpleType | complexType)?, (unique | key | keyref)*)). A problem was found starting at: attribute.
2025-12-31 08:40:06,423 [INFO] PluginManage:359 - Loaded plugin pinoutconfig (category:base,tabindex:0)
2025-12-31 08:40:06,424 [INFO] PluginManage:310 - Check plugin power
2025-12-31 08:40:06,442 [INFO] PluginManage:359 - Loaded plugin power (category:power,tabindex:4)
2025-12-31 08:40:06,442 [INFO] PluginManage:310 - Check plugin projectmanager
2025-12-31 08:40:06,471 [INFO] PluginManage:359 - Loaded plugin projectmanager (category:projectmanager,tabindex:4)
2025-12-31 08:40:06,471 [INFO] PluginManage:310 - Check plugin rif
2025-12-31 08:40:06,516 [INFO] PluginManage:359 - Loaded plugin rif (category:base,tabindex:3)
2025-12-31 08:40:06,516 [INFO] PluginManage:310 - Check plugin thirdparty
2025-12-31 08:40:06,976 [INFO] PluginManage:359 - Loaded plugin thirdparty (category:base,tabindex:-1)
2025-12-31 08:40:06,976 [WARN] IntegrityCheckThread:84 - waiting for thirdparty lock release [integrity check]
2025-12-31 08:40:06,977 [INFO] PluginManage:310 - Check plugin tools
2025-12-31 08:40:06,977 [INFO] IntegrityCheckThread:86 - entering critical section [integrity check]
2025-12-31 08:40:06,977 [INFO] ThirdPartyUpdaterWithRetryManager:70 - Updater plugin not ready yet. [1/15]
2025-12-31 08:40:06,981 [INFO] PluginManage:359 - Loaded plugin tools (category:base,tabindex:7)
2025-12-31 08:40:06,981 [INFO] PluginManage:310 - Check plugin tutovideos
2025-12-31 08:40:07,304 [INFO] PluginManage:359 - Loaded plugin tutovideos (category:base,tabindex:-1)
2025-12-31 08:40:07,304 [INFO] PluginManage:310 - Check plugin updater
2025-12-31 08:40:07,339 [INFO] PluginManage:359 - Loaded plugin updater (category:base,tabindex:12)
2025-12-31 08:40:07,339 [INFO] PluginManage:310 - Check plugin userauth
2025-12-31 08:40:07,345 [INFO] UserAuth:118 - Init User Auth plugin
2025-12-31 08:40:07,347 [INFO] PluginManage:359 - Loaded plugin userauth (category:base,tabindex:14)
2025-12-31 08:40:07,347 [INFO] PluginManage:283 - PluginManage : Loaded plugins [18]
2025-12-31 08:40:07,711 [INFO] PinOutPanel:1589 - setPackage(No Configuration,No Configuration)
2025-12-31 08:40:07,843 [INFO] CADModel:165 - CPN selected for project level
2025-12-31 08:40:07,843 [INFO] CADModel:114 - Register for checkConnection events
2025-12-31 08:40:07,891 [INFO] IPUIPlugin:80 - create IPUIPlugin
2025-12-31 08:40:07,891 [INFO] PluginManager:220 - loadIPPluginJar : add adc
2025-12-31 08:40:07,896 [INFO] IPUIPlugin:80 - create IPUIPlugin
2025-12-31 08:40:07,897 [INFO] PluginManager:220 - loadIPPluginJar : add aes
2025-12-31 08:40:07,904 [INFO] IPUIPlugin:80 - create IPUIPlugin
2025-12-31 08:40:07,904 [INFO] PluginManager:220 - loadIPPluginJar : add can
2025-12-31 08:40:07,911 [INFO] IPUIPlugin:80 - create IPUIPlugin
2025-12-31 08:40:07,911 [INFO] PluginManager:220 - loadIPPluginJar : add comp
2025-12-31 08:40:07,918 [INFO] IPUIPlugin:80 - create IPUIPlugin
2025-12-31 08:40:07,919 [INFO] PluginManager:220 - loadIPPluginJar : add cryp
2025-12-31 08:40:07,959 [INFO] IPUIPlugin:80 - create IPUIPlugin
2025-12-31 08:40:07,959 [INFO] PluginManager:220 - loadIPPluginJar : add ddr_ctrl_phy
2025-12-31 08:40:07,964 [INFO] IPUIPlugin:80 - create IPUIPlugin
2025-12-31 08:40:07,964 [INFO] PluginManager:220 - loadIPPluginJar : add dfsdm
2025-12-31 08:40:07,974 [INFO] IPUIPlugin:80 - create IPUIPlugin
2025-12-31 08:40:07,975 [INFO] PluginManager:220 - loadIPPluginJar : add dma
2025-12-31 08:40:07,979 [INFO] IPUIPlugin:80 - create IPUIPlugin
2025-12-31 08:40:07,980 [INFO] PluginManager:220 - loadIPPluginJar : add dma3
2025-12-31 08:40:07,986 [INFO] IPUIPlugin:80 - create IPUIPlugin
2025-12-31 08:40:07,987 [INFO] PluginManager:220 - loadIPPluginJar : add extmemmanager
2025-12-31 08:40:07,990 [INFO] IPUIPlugin:80 - create IPUIPlugin
2025-12-31 08:40:07,990 [INFO] PluginManager:220 - loadIPPluginJar : add fatfs
2025-12-31 08:40:07,997 [INFO] IPUIPlugin:80 - create IPUIPlugin
2025-12-31 08:40:07,997 [INFO] PluginManager:220 - loadIPPluginJar : add fmc
2025-12-31 08:40:08,012 [INFO] IPUIPlugin:80 - create IPUIPlugin
2025-12-31 08:40:08,012 [INFO] PluginManager:220 - loadIPPluginJar : add freertos
2025-12-31 08:40:08,015 [INFO] IPUIPlugin:80 - create IPUIPlugin
2025-12-31 08:40:08,016 [INFO] PluginManager:220 - loadIPPluginJar : add genericplugin
2025-12-31 08:40:08,022 [INFO] IPUIPlugin:80 - create IPUIPlugin
2025-12-31 08:40:08,022 [INFO] PluginManager:220 - loadIPPluginJar : add gfxmmu
2025-12-31 08:40:08,031 [INFO] IPUIPlugin:80 - create IPUIPlugin
2025-12-31 08:40:08,032 [INFO] PluginManager:220 - loadIPPluginJar : add gic
2025-12-31 08:40:08,041 [INFO] IPUIPlugin:80 - create IPUIPlugin
2025-12-31 08:40:08,042 [INFO] PluginManager:220 - loadIPPluginJar : add gpio
2025-12-31 08:40:08,047 [INFO] IPUIPlugin:80 - create IPUIPlugin
2025-12-31 08:40:08,047 [INFO] PluginManager:220 - loadIPPluginJar : add gtzc
2025-12-31 08:40:08,054 [INFO] IPUIPlugin:80 - create IPUIPlugin
2025-12-31 08:40:08,055 [INFO] PluginManager:220 - loadIPPluginJar : add hash
2025-12-31 08:40:08,060 [INFO] IPUIPlugin:80 - create IPUIPlugin
2025-12-31 08:40:08,060 [INFO] PluginManager:220 - loadIPPluginJar : add i2c
2025-12-31 08:40:08,065 [INFO] IPUIPlugin:80 - create IPUIPlugin
2025-12-31 08:40:08,065 [INFO] PluginManager:220 - loadIPPluginJar : add i2s
2025-12-31 08:40:08,072 [INFO] IPUIPlugin:80 - create IPUIPlugin
2025-12-31 08:40:08,072 [INFO] PluginManager:220 - loadIPPluginJar : add i3c
2025-12-31 08:40:08,289 [INFO] IPUIPlugin:80 - create IPUIPlugin
2025-12-31 08:40:08,291 [INFO] PluginManager:220 - loadIPPluginJar : add ipddr
2025-12-31 08:40:08,302 [INFO] IPUIPlugin:80 - create IPUIPlugin
2025-12-31 08:40:08,302 [INFO] PluginManager:220 - loadIPPluginJar : add linkedlist
2025-12-31 08:40:08,307 [INFO] IPUIPlugin:80 - create IPUIPlugin
2025-12-31 08:40:08,308 [INFO] PluginManager:220 - loadIPPluginJar : add lorawan
2025-12-31 08:40:08,310 [INFO] IPUIPlugin:80 - create IPUIPlugin
2025-12-31 08:40:08,311 [INFO] PluginManager:220 - loadIPPluginJar : add ltdc
2025-12-31 08:40:08,321 [INFO] IPUIPlugin:80 - create IPUIPlugin
2025-12-31 08:40:08,321 [INFO] PluginManager:220 - loadIPPluginJar : add mdma
2025-12-31 08:40:08,327 [INFO] IPUIPlugin:80 - create IPUIPlugin
2025-12-31 08:40:08,327 [INFO] PluginManager:220 - loadIPPluginJar : add nvic
2025-12-31 08:40:08,333 [INFO] IPUIPlugin:80 - create IPUIPlugin
2025-12-31 08:40:08,333 [INFO] PluginManager:220 - loadIPPluginJar : add opamp
2025-12-31 08:40:08,337 [INFO] IPUIPlugin:80 - create IPUIPlugin
2025-12-31 08:40:08,338 [INFO] PluginManager:220 - loadIPPluginJar : add openamp
2025-12-31 08:40:08,342 [INFO] IPUIPlugin:80 - create IPUIPlugin
2025-12-31 08:40:08,342 [INFO] PluginManager:220 - loadIPPluginJar : add pdm2pcm
2025-12-31 08:40:08,351 [INFO] IPUIPlugin:80 - create IPUIPlugin
2025-12-31 08:40:08,354 [INFO] PluginManager:220 - loadIPPluginJar : add plateformsettings
2025-12-31 08:40:08,356 [INFO] IPUIPlugin:80 - create IPUIPlugin
2025-12-31 08:40:08,357 [INFO] PluginManager:220 - loadIPPluginJar : add quadspi
2025-12-31 08:40:08,359 [INFO] IPUIPlugin:80 - create IPUIPlugin
2025-12-31 08:40:08,360 [INFO] PluginManager:220 - loadIPPluginJar : add radio
2025-12-31 08:40:08,367 [INFO] IPUIPlugin:80 - create IPUIPlugin
2025-12-31 08:40:08,368 [INFO] PluginManager:220 - loadIPPluginJar : add resmgrutility
2025-12-31 08:40:08,374 [INFO] IPUIPlugin:80 - create IPUIPlugin
2025-12-31 08:40:08,374 [INFO] PluginManager:220 - loadIPPluginJar : add sai
2025-12-31 08:40:08,379 [INFO] IPUIPlugin:80 - create IPUIPlugin
2025-12-31 08:40:08,379 [INFO] PluginManager:220 - loadIPPluginJar : add spi
2025-12-31 08:40:08,388 [INFO] IPUIPlugin:80 - create IPUIPlugin
2025-12-31 08:40:08,388 [INFO] PluginManager:220 - loadIPPluginJar : add stm32_wpan
2025-12-31 08:40:08,391 [INFO] IPUIPlugin:80 - create IPUIPlugin
2025-12-31 08:40:08,391 [INFO] PluginManager:220 - loadIPPluginJar : add tim
2025-12-31 08:40:08,397 [INFO] IPUIPlugin:80 - create IPUIPlugin
2025-12-31 08:40:08,397 [INFO] PluginManager:220 - loadIPPluginJar : add touchsensing
2025-12-31 08:40:08,401 [INFO] IPUIPlugin:80 - create IPUIPlugin
2025-12-31 08:40:08,401 [INFO] PluginManager:220 - loadIPPluginJar : add tracer_emb
2025-12-31 08:40:08,404 [INFO] IPUIPlugin:80 - create IPUIPlugin
2025-12-31 08:40:08,404 [INFO] PluginManager:220 - loadIPPluginJar : add ts
2025-12-31 08:40:08,406 [INFO] IPUIPlugin:80 - create IPUIPlugin
2025-12-31 08:40:08,407 [INFO] PluginManager:220 - loadIPPluginJar : add tsc
2025-12-31 08:40:08,409 [INFO] IPUIPlugin:80 - create IPUIPlugin
2025-12-31 08:40:08,410 [INFO] PluginManager:220 - loadIPPluginJar : add ucpd
2025-12-31 08:40:08,414 [INFO] IPUIPlugin:80 - create IPUIPlugin
2025-12-31 08:40:08,414 [INFO] PluginManager:220 - loadIPPluginJar : add usart
2025-12-31 08:40:08,419 [INFO] IPUIPlugin:80 - create IPUIPlugin
2025-12-31 08:40:08,419 [INFO] PluginManager:220 - loadIPPluginJar : add usbx
2025-12-31 08:40:08,603 [FATAL] Updater:351 - Updater called before beeing initialized
2025-12-31 08:40:08,668 [INFO] RulesReader:64 - Compatibility file has been processed (317 Rules)
2025-12-31 08:40:08,700 [INFO] RulesReader:64 - Compatibility file has been processed (317 Rules)
2025-12-31 08:40:08,721 [INFO] CADModel:165 - CPN selected for project level
2025-12-31 08:40:08,721 [INFO] CADModel:114 - Register for checkConnection events
2025-12-31 08:40:08,721 [FATAL] Updater:351 - Updater called before beeing initialized
2025-12-31 08:40:08,722 [ERROR] CADModel:125 - Updater not yet initialized, retry later 
2025-12-31 08:40:08,964 [FATAL] Updater:351 - Updater called before beeing initialized
2025-12-31 08:40:08,967 [INFO] CADModel:165 - CPN selected for project level
2025-12-31 08:40:08,968 [INFO] CADModel:114 - Register for checkConnection events
2025-12-31 08:40:08,968 [FATAL] Updater:351 - Updater called before beeing initialized
2025-12-31 08:40:08,968 [ERROR] CADModel:125 - Updater not yet initialized, retry later 
2025-12-31 08:40:08,972 [FATAL] Updater:351 - Updater called before beeing initialized
2025-12-31 08:40:09,161 [FATAL] Updater:351 - Updater called before beeing initialized
2025-12-31 08:40:09,169 [INFO] DbMcusAds:53 - JSON generation date=Tue Dec 16 04:41:46 IST 2025 (1765840306612)
2025-12-31 08:40:09,170 [FATAL] Updater:351 - Updater called before beeing initialized
2025-12-31 08:40:09,227 [WARN] DetailPanel:346 - Failed to get advertising image, set to default
2025-12-31 08:40:09,337 [FATAL] Updater:351 - Updater called before beeing initialized
2025-12-31 08:40:09,340 [FATAL] Updater:351 - Updater called before beeing initialized
2025-12-31 08:40:09,340 [FATAL] Updater:351 - Updater called before beeing initialized
2025-12-31 08:40:09,340 [WARN] DetailPanel:346 - Failed to get advertising image, set to default
2025-12-31 08:40:09,341 [FATAL] Updater:351 - Updater called before beeing initialized
2025-12-31 08:40:09,436 [ERROR] Updater:1198 - MainUpdater not yet initialized. External WinMGr cannot be set.
2025-12-31 08:40:09,440 [INFO] Updater:1134 - Updater Version found : 6.15.0
2025-12-31 08:40:09,460 [INFO] ApplicationProperties:184 - Using Application install path: C:\ST\STM32CubeIDE_1.19.0\STM32CubeIDE\plugins\com.st.stm32cube.common.mx_6.15.0.202507011659
2025-12-31 08:40:09,977 [INFO] MainUpdater:2872 - connection check result : 10
2025-12-31 08:40:09,978 [INFO] MainUpdater:289 - Updater Check For Update Now.
2025-12-31 08:40:09,979 [INFO] MicroXplorer:498 - Change Database Version : DB.6.0.150
2025-12-31 08:40:09,979 [INFO] ThirdPartyUpdaterWithRetryManager:70 - Updater plugin not ready yet. [2/15]
2025-12-31 08:40:10,020 [INFO] McuFinderGlobals:63 - Set McuFinder mode to 2 (CubeIDE integrated)
2025-12-31 08:40:10,020 [INFO] UserAuth:171 - activating auth plugin
2025-12-31 08:40:10,025 [INFO] UserAuth:487 - Internet connection configuration mode: 1
2025-12-31 08:40:10,088 [INFO] JxBrowserEngine:152 - Initiate JxBrowser Engine with user profile folder
2025-12-31 08:40:10,336 [INFO] CheckServerUpdateThread:120 - End of CheckServer Thread
2025-12-31 08:40:11,423 [INFO] WebApp:169 - Instantiating new browser for Auth
2025-12-31 08:40:12,678 [INFO] WebApp:463 - Apply proxy settings
2025-12-31 08:40:12,679 [INFO] WebApp:548 - Chromium requires no authentication
2025-12-31 08:40:12,695 [INFO] WebApp:491 - Direct internet connection detected
2025-12-31 08:40:12,736 [INFO] WebApp:900 - Register for checkConnection events
2025-12-31 08:40:12,736 [INFO] WebApp:463 - Apply proxy settings
2025-12-31 08:40:12,736 [INFO] WebApp:548 - Chromium requires no authentication
2025-12-31 08:40:12,737 [INFO] WebApp:491 - Direct internet connection detected
2025-12-31 08:40:13,072 [INFO] WebApp:225 - Starting web application
2025-12-31 08:40:13,072 [INFO] WebApp:593 - Web application path used C:\ST\STM32CubeIDE_1.19.0\STM32CubeIDE\plugins\com.st.stm32cube.common.mx_6.15.0.202507011659\db\plugins\mcufinder\reactClient1\index.html
2025-12-31 08:40:13,434 [WARN] PackLoader:240 - Cannot read IP mode file for STMicroelectronics.FP-SNS-MOTENVWB1.1.4.0
2025-12-31 08:40:13,487 [WARN] PackLoader:240 - Cannot read IP mode file for STMicroelectronics.FP-ATR-ASTRA1.2.0.2
2025-12-31 08:40:13,535 [WARN] PackLoader:240 - Cannot read IP mode file for STMicroelectronics.X-CUBE-SMBUS.2.1.0
2025-12-31 08:40:13,663 [WARN] PackLoader:240 - Cannot read IP mode file for STMicroelectronics.X-CUBE-AZRTOS-F7.1.1.0
2025-12-31 08:40:13,684 [INFO] WebApp:191 - Connection restablished
2025-12-31 08:40:13,719 [WARN] PackLoader:240 - Cannot read IP mode file for STMicroelectronics.FP-SNS-MOTENV1.5.1.0
2025-12-31 08:40:14,065 [WARN] PackLoader:240 - Cannot read IP mode file for WES.I-CUBE-Cesium.1.4.0
2025-12-31 08:40:14,169 [WARN] PackLoader:240 - Cannot read IP mode file for STMicroelectronics.X-CUBE-AZRTOS-H7.3.4.0
2025-12-31 08:40:14,232 [WARN] PackLoader:240 - Cannot read IP mode file for STMicroelectronics.X-CUBE-DISPLAY.3.0.0
2025-12-31 08:40:14,300 [WARN] PackLoader:240 - Cannot read IP mode file for STMicroelectronics.X-CUBE-NFC10.1.0.0
2025-12-31 08:40:14,349 [WARN] PackLoader:240 - Cannot read IP mode file for STMicroelectronics.X-CUBE-ST60.1.1.0
2025-12-31 08:40:14,400 [WARN] PackLoader:240 - Cannot read IP mode file for emotas.I-CUBE-CANOPEN.1.3.0
2025-12-31 08:40:14,456 [WARN] PackLoader:240 - Cannot read IP mode file for STMicroelectronics.X-CUBE-GNSS1.7.1.0
2025-12-31 08:40:14,509 [WARN] PackLoader:240 - Cannot read IP mode file for STMicroelectronics.FP-SNS-STBOX1.2.1.0
2025-12-31 08:40:14,560 [WARN] PackLoader:240 - Cannot read IP mode file for STMicroelectronics.FP-SNS-SMARTAG2.1.2.0
2025-12-31 08:40:14,602 [WARN] PackLoader:240 - Cannot read IP mode file for STMicroelectronics.FP-SNS-FLIGHT1.5.1.0
2025-12-31 08:40:14,664 [INFO] LogOutputStream:77 - [STDOUT_REDIRECT] 1 : Invalid condition id : UX_CORESTACK_Condition cause : null
2025-12-31 08:40:14,665 [INFO] LogOutputStream:77 - [STDOUT_REDIRECT] 1 : Invalid condition id : UX_CORESTACK_Condition cause : null
2025-12-31 08:40:14,668 [INFO] LogOutputStream:77 - [STDOUT_REDIRECT] 1 : Invalid condition id : UX_CORESTACK_Condition cause : null
2025-12-31 08:40:14,671 [INFO] LogOutputStream:77 - [STDOUT_REDIRECT] 1 : Invalid condition id : UX_CORESTACK_Condition cause : null
2025-12-31 08:40:14,674 [INFO] LogOutputStream:77 - [STDOUT_REDIRECT] 1 : Invalid condition id : UX_CORESTACK_Condition cause : null
2025-12-31 08:40:14,681 [WARN] PackLoader:240 - Cannot read IP mode file for STMicroelectronics.X-CUBE-AZRTOS-WL.2.0.0
2025-12-31 08:40:14,793 [WARN] PackLoader:240 - Cannot read IP mode file for STMicroelectronics.X-CUBE-AZRTOS-H7RS.1.2.0
2025-12-31 08:40:14,850 [WARN] PackLoader:240 - Cannot read IP mode file for STMicroelectronics.X-CUBE-BLE2.3.3.0
2025-12-31 08:40:14,972 [WARN] PackLoader:240 - Cannot read IP mode file for Infineon.AIROC-Wi-Fi-Bluetooth-STM32.1.8.0
2025-12-31 08:40:15,041 [WARN] PackLoader:240 - Cannot read IP mode file for STMicroelectronics.X-CUBE-NFC9.1.0.0
2025-12-31 08:40:15,090 [WARN] PackLoader:240 - Cannot read IP mode file for STMicroelectronics.X-CUBE-BLE1.7.1.0
2025-12-31 08:40:15,196 [WARN] PackLoader:240 - Cannot read IP mode file for STMicroelectronics.X-CUBE-FREERTOS.1.4.0
2025-12-31 08:40:15,249 [WARN] PackLoader:240 - Cannot read IP mode file for STMicroelectronics.X-CUBE-EEPRMA1.5.2.0
2025-12-31 08:40:15,268 [WARN] PackLoader:240 - Cannot read IP mode file for Cesanta.I-CUBE-Mongoose.7.20.0
2025-12-31 08:40:15,315 [WARN] PackLoader:240 - Cannot read IP mode file for STMicroelectronics.X-CUBE-ST67W61.1.1.0
2025-12-31 08:40:15,500 [WARN] PackLoader:240 - Cannot read IP mode file for STMicroelectronics.X-CUBE-MEMS1.12.0.0
2025-12-31 08:40:15,820 [WARN] PackLoader:240 - Cannot read IP mode file for STMicroelectronics.X-CUBE-AZRTOS-G0.1.1.0
2025-12-31 08:40:15,858 [WARN] PackLoader:240 - Cannot read IP mode file for STMicroelectronics.X-CUBE-NFC4.3.0.0
2025-12-31 08:40:15,902 [WARN] PackLoader:240 - Cannot read IP mode file for EmbeddedOffice.I-CUBE-FS-RTOS.1.0.1
2025-12-31 08:40:15,942 [WARN] PackLoader:240 - Cannot read IP mode file for STMicroelectronics.X-CUBE-WB05N.2.0.0
2025-12-31 08:40:15,986 [WARN] PackLoader:240 - Cannot read IP mode file for STMicroelectronics.X-CUBE-TCPP.4.2.0
2025-12-31 08:40:16,027 [WARN] PackLoader:240 - Cannot read IP mode file for RealThread.X-CUBE-RT-Thread_Nano.4.1.1
2025-12-31 08:40:16,060 [WARN] PackLoader:240 - Cannot read IP mode file for STMicroelectronics.FP-ATR-SIGFOX1.3.2.0
2025-12-31 08:40:16,093 [WARN] PackLoader:240 - Cannot read IP mode file for ITTIA_DB.I-CUBE-ITTIADB.8.9.0
2025-12-31 08:40:16,127 [WARN] PackLoader:240 - Cannot read IP mode file for STMicroelectronics.X-CUBE-AI.10.2.0
2025-12-31 08:40:16,207 [WARN] PackLoader:240 - Cannot read IP mode file for SEGGER.I-CUBE-embOS.1.3.1
2025-12-31 08:40:16,304 [WARN] PackLoader:240 - Cannot read IP mode file for STMicroelectronics.X-CUBE-ALGOBUILD.1.4.0
2025-12-31 08:40:16,339 [WARN] PackLoader:240 - Cannot read IP mode file for STMicroelectronics.X-CUBE-PM33A1.1.0.0
2025-12-31 08:40:16,414 [WARN] PackLoader:240 - Cannot read IP mode file for STMicroelectronics.X-CUBE-AZRTOS-F4.1.1.0
2025-12-31 08:40:16,462 [WARN] PackLoader:240 - Cannot read IP mode file for STMicroelectronics.X-CUBE-ISPU.2.1.0
2025-12-31 08:40:16,538 [WARN] PackLoader:240 - Cannot read IP mode file for STMicroelectronics.X-CUBE-IPS.3.2.0
2025-12-31 08:40:16,598 [WARN] PackLoader:240 - Cannot read IP mode file for STMicroelectronics.X-CUBE-NFC12.1.0.0
2025-12-31 08:40:16,674 [WARN] PackLoader:240 - Cannot read IP mode file for STMicroelectronics.X-CUBE-AZRTOS-L5.2.0.0
2025-12-31 08:40:16,733 [WARN] PackLoader:240 - Cannot read IP mode file for STMicroelectronics.X-CUBE-NFC6.3.1.0
2025-12-31 08:40:16,778 [WARN] PackLoader:240 - Cannot read IP mode file for STMicroelectronics.X-CUBE-TOUCHGFX.4.26.0
2025-12-31 08:40:16,811 [WARN] PackLoader:240 - Cannot read IP mode file for STMicroelectronics.FP-SNS-STAIOTCFT.1.0.0
2025-12-31 08:40:16,855 [WARN] PackLoader:240 - Cannot read IP mode file for STMicroelectronics.X-CUBE-DPower.1.3.0
2025-12-31 08:40:16,917 [WARN] ConditionMgr:438 - getConditionDescription Invalid condition id : LAN8742 Phy interface Condition cause : null
2025-12-31 08:40:16,919 [WARN] PackLoader:240 - Cannot read IP mode file for STMicroelectronics.X-CUBE-AZRTOS-L4.2.0.0
2025-12-31 08:40:16,921 [WARN] ConditionMgr:1044 - genDependencies : Invalid condition id : LAN8742 Phy interface Condition cause : null
2025-12-31 08:40:16,922 [WARN] ConditionMgr:1044 - genDependencies : Invalid condition id : LAN8742 Phy interface Condition cause : null
2025-12-31 08:40:16,923 [WARN] ConditionMgr:1044 - genDependencies : Invalid condition id : LAN8742 Phy interface Condition cause : null
2025-12-31 08:40:16,959 [WARN] PackLoader:240 - Cannot read IP mode file for STMicroelectronics.X-CUBE-SFXS2LP1.4.0.0
2025-12-31 08:40:17,011 [WARN] PackLoader:240 - Cannot read IP mode file for STMicroelectronics.X-CUBE-BLEMGR.4.1.0
2025-12-31 08:40:17,073 [WARN] ConditionMgr:438 - getConditionDescription Invalid condition id : UX DEVICE CLASS RTOS Condition cause : null
2025-12-31 08:40:17,074 [WARN] ConditionMgr:438 - getConditionDescription Invalid condition id : UX DEVICE CLASS RTOS Condition cause : null
2025-12-31 08:40:17,077 [WARN] PackLoader:240 - Cannot read IP mode file for STMicroelectronics.X-CUBE-AZRTOS-WB.2.0.0
2025-12-31 08:40:17,078 [WARN] ConditionMgr:1044 - genDependencies : Invalid condition id : UX DEVICE CLASS RTOS Condition cause : null
2025-12-31 08:40:17,079 [WARN] ConditionMgr:1044 - genDependencies : Invalid condition id : UX DEVICE CLASS RTOS Condition cause : null
2025-12-31 08:40:17,080 [WARN] ConditionMgr:1044 - genDependencies : Invalid condition id : UX DEVICE CLASS RTOS Condition cause : null
2025-12-31 08:40:17,081 [WARN] ConditionMgr:1044 - genDependencies : Invalid condition id : UX DEVICE CLASS RTOS Condition cause : null
2025-12-31 08:40:17,081 [WARN] ConditionMgr:1044 - genDependencies : Invalid condition id : UX DEVICE CLASS RTOS Condition cause : null
2025-12-31 08:40:17,114 [WARN] ConditionMgr:438 - getConditionDescription Invalid condition id : Cortex-A Device cause : null
2025-12-31 08:40:17,174 [WARN] ConditionMgr:1044 - genDependencies : Invalid condition id : Cortex-A Device cause : null
2025-12-31 08:40:17,174 [WARN] ConditionMgr:1044 - genDependencies : Invalid condition id : Cortex-A Device cause : null
2025-12-31 08:40:17,175 [WARN] ConditionMgr:1044 - genDependencies : Invalid condition id : Cortex-A Device cause : null
2025-12-31 08:40:17,224 [WARN] PackLoader:240 - Cannot read IP mode file for STMicroelectronics.X-CUBE-SUBG2.5.0.0
2025-12-31 08:40:17,288 [WARN] PackLoader:240 - Cannot read IP mode file for STMicroelectronics.X-CUBE-AZRTOS-G4.2.0.0
2025-12-31 08:40:17,324 [WARN] PackLoader:240 - Cannot read IP mode file for STMicroelectronics.X-CUBE-NFC7.2.0.0
2025-12-31 08:40:17,355 [WARN] PackLoader:240 - Cannot read IP mode file for STMicroelectronics.X-CUBE-ALS.1.0.2
2025-12-31 08:40:17,390 [WARN] PackLoader:240 - Cannot read IP mode file for STMicroelectronics.X-CUBE-STSE01.1.0.0
2025-12-31 08:40:17,444 [WARN] PackLoader:240 - Cannot read IP mode file for STMicroelectronics.X-CUBE-TOF1.3.4.3
2025-12-31 08:40:17,457 [INFO] ThirdParty:978 - Integrity check success = true
2025-12-31 08:40:17,458 [INFO] IntegrityCheckThread:100 - exiting critical section [integrity check]
2025-12-31 08:40:17,458 [INFO] IntegrityCheckThread:103 - End integrity checks thread
2025-12-31 08:42:39,349 [INFO] McuFinderGlobals:63 - Set McuFinder mode to 2 (CubeIDE integrated)
2025-12-31 08:42:39,374 [INFO] MainUpdater:2872 - connection check result : 10
2025-12-31 08:42:39,376 [INFO] MainUpdater:2872 - connection check result : 10
2025-12-31 08:42:39,540 [INFO] MicroXplorer:468 - Change Database Path : 
2025-12-31 08:42:39,540 [INFO] MicroXplorer:498 - Change Database Version : DB.6.0.150
2025-12-31 08:42:39,562 [WARN] ThirdParty:871 - waiting for thirdparty lock release [close project]
2025-12-31 08:42:39,562 [INFO] ThirdParty:873 - entering critical section [close project]
2025-12-31 08:42:39,563 [INFO] ThirdParty:883 - exiting critical section [close project]
2025-12-31 08:42:39,567 [INFO] PinOutPanel:1589 - setPackage(No Configuration,No Configuration)
2025-12-31 08:42:39,568 [INFO] UtilMem:75 - Begin LoadConfig() Used Memory: 873179992 Bytes (1073741824)
2025-12-31 08:42:39,570 [INFO] MicroXplorer:468 - Change Database Path : 
2025-12-31 08:42:39,570 [INFO] MicroXplorer:498 - Change Database Version : DB.6.0.150
2025-12-31 08:42:39,570 [INFO] OpenFileManager:355 - Change cursor
2025-12-31 08:42:39,637 [INFO] Mcu:2029 - Initializing MCU STM32F407V(E-G)Tx STM32F407VGTx STM32F407VGT6
2025-12-31 08:42:43,534 [INFO] Context:786 - Trying to add GPIOservice into a context  which must be forbidden
2025-12-31 08:42:44,829 [INFO] ImportTextPane:234 - (OptionalMessage_ERROR) Pin7 (VP_RIF_VS_RIF1) cannot be retrieved for this MCU
2025-12-31 08:42:45,230 [INFO] RtosManager:558 - Registered RTOS mode: class=CMSIS, group=RTOS, mode=CMSIS_V1, owner=FREERTOS
2025-12-31 08:42:45,231 [INFO] RtosManager:558 - Registered RTOS mode: class=CMSIS, group=RTOS2, mode=CMSIS_V2, owner=FREERTOS
2025-12-31 08:42:45,231 [INFO] RtosManager:558 - Registered RTOS mode: class=RTOS, group=Core, mode=CMSIS_V1, owner=FREERTOS
2025-12-31 08:42:45,232 [INFO] RtosManager:558 - Registered RTOS mode: class=RTOS, group=Core, mode=CMSIS_V2, owner=FREERTOS
2025-12-31 08:42:45,232 [WARN] ModelIntegratedComponent:184 - Missing modes for component STMicroelectronics:FreeRTOS:0.0.1:STMicroelectronics:RTOS:FreeRTOS:Core:::10.2.0:
2025-12-31 08:42:45,269 [WARN] ModelIntegratedComponent:63 - No mode defined for component null
2025-12-31 08:42:45,269 [WARN] ModelIntegratedComponent:63 - No mode defined for component null
2025-12-31 08:42:45,269 [WARN] ModelIntegratedComponent:63 - No mode defined for component null
2025-12-31 08:42:45,269 [WARN] ModelIntegratedComponent:63 - No mode defined for component null
2025-12-31 08:42:45,269 [WARN] ModelIntegratedComponent:63 - No mode defined for component null
2025-12-31 08:42:45,270 [WARN] ModelIntegratedComponent:63 - No mode defined for component null
2025-12-31 08:42:45,270 [WARN] ModelIntegratedComponent:63 - No mode defined for component null
2025-12-31 08:42:45,270 [WARN] ModelIntegratedComponent:63 - No mode defined for component null
2025-12-31 08:42:45,270 [WARN] ModelIntegratedComponent:63 - No mode defined for component null
2025-12-31 08:42:45,270 [WARN] ModelIntegratedComponent:63 - No mode defined for component null
2025-12-31 08:42:45,270 [WARN] ModelIntegratedComponent:63 - No mode defined for component null
2025-12-31 08:42:45,270 [WARN] ModelIntegratedComponent:63 - No mode defined for component null
2025-12-31 08:42:45,271 [WARN] ModelIntegratedComponent:63 - No mode defined for component null
2025-12-31 08:42:45,271 [WARN] ModelIntegratedComponent:63 - No mode defined for component null
2025-12-31 08:42:45,271 [WARN] ModelIntegratedComponent:63 - No mode defined for component null
2025-12-31 08:42:45,271 [WARN] ModelIntegratedComponent:63 - No mode defined for component null
2025-12-31 08:42:45,271 [WARN] ModelIntegratedComponent:63 - No mode defined for component null
2025-12-31 08:42:45,271 [WARN] ModelIntegratedComponent:63 - No mode defined for component null
2025-12-31 08:42:45,271 [WARN] ModelIntegratedComponent:63 - No mode defined for component null
2025-12-31 08:42:45,272 [WARN] ModelIntegratedComponent:63 - No mode defined for component null
2025-12-31 08:42:45,272 [WARN] ModelIntegratedComponent:63 - No mode defined for component null
2025-12-31 08:42:45,272 [WARN] ModelIntegratedComponent:63 - No mode defined for component null
2025-12-31 08:42:45,272 [WARN] ModelIntegratedComponent:63 - No mode defined for component null
2025-12-31 08:42:45,272 [WARN] ModelIntegratedComponent:63 - No mode defined for component null
2025-12-31 08:42:45,272 [WARN] ModelIntegratedComponent:63 - No mode defined for component null
2025-12-31 08:42:45,272 [WARN] ModelIntegratedComponent:63 - No mode defined for component null
2025-12-31 08:42:45,273 [WARN] ModelIntegratedComponent:63 - No mode defined for component null
2025-12-31 08:42:45,273 [WARN] ModelIntegratedComponent:63 - No mode defined for component null
2025-12-31 08:42:45,273 [WARN] ModelIntegratedComponent:63 - No mode defined for component null
2025-12-31 08:42:45,273 [WARN] ModelIntegratedComponent:63 - No mode defined for component null
2025-12-31 08:42:45,273 [WARN] ModelIntegratedComponent:63 - No mode defined for component null
2025-12-31 08:42:45,273 [WARN] ModelIntegratedComponent:63 - No mode defined for component null
2025-12-31 08:42:45,273 [WARN] ModelIntegratedComponent:63 - No mode defined for component null
2025-12-31 08:42:45,274 [WARN] ModelIntegratedComponent:63 - No mode defined for component null
2025-12-31 08:42:45,274 [WARN] ModelIntegratedComponent:63 - No mode defined for component null
2025-12-31 08:42:45,274 [WARN] ModelPack:524 - Component already loaded: STMicroelectronics:HAL Drivers:0.0.0:STMicroelectronics:Device:STMicro_Driver:XSPI:HAL::0.0.1:HAL_XSPI
2025-12-31 08:42:45,342 [INFO] ThirdPartyModel:298 - Start build external matchings
2025-12-31 08:42:45,935 [INFO] ThirdPartyModel:316 - End build external matchings
2025-12-31 08:42:46,867 [INFO] ApiDb:581 - Connected to CubeFinder SQLite database (C:\Users\Admin\.stmcufinder\plugins\mcufinder\mcu\cube-finder-db.db)
2025-12-31 08:42:47,020 [INFO] ApiDb:668 - CubeFinder database Data Model version=2.1
2025-12-31 08:42:47,021 [INFO] ApiDb:669 - CubeFinder database Configuration version=3.0.39
2025-12-31 08:42:47,021 [INFO] ApiDb:670 - CubeFinder database generation date=2025-11-05 (1762334721)
2025-12-31 08:42:47,021 [INFO] ApiDb:671 - CubeFinder database FW Pack versions=[FP-ATR-ASTRA1_V2.0.0, FP-SNS-FLIGHT1_V5.1.0, FP-SNS-MOTENV1_V5.1.0, FP-SNS-MOTENVWB1_V1.4.0, FP-SNS-SMARTAG2_V1.2.0, FP-SNS-STBOX1_V2.1.0, STM32Cube_FW_C0_V1.4.0, STM32Cube_FW_F4_V1.28.3, STM32Cube_FW_F7_V1.17.4, STM32Cube_FW_G0_V1.6.2, STM32Cube_FW_G4_V1.6.1, STM32Cube_FW_H5_V1.5.1, STM32Cube_FW_H7RS_V1.3.0, STM32Cube_FW_H7_V1.12.1, STM32Cube_FW_L0_V1.12.2, STM32Cube_FW_L4_V1.18.1, STM32Cube_FW_L5_V1.6.0, STM32Cube_FW_N6_V1.3.0, STM32Cube_FW_U0_V1.3.0, STM32Cube_FW_U3_V1.2.1, STM32Cube_FW_U5_V1.8.0, STM32Cube_FW_WB0_V1.4.0, STM32Cube_FW_WBA_V1.8.0, STM32Cube_FW_WB_V1.24.0, STM32Cube_FW_WL3_V1.3.0, STM32Cube_FW_WL_V1.4.0, X-CUBE-ALGOBUILD_V1.4.0, X-CUBE-ALS_V1.0.2, X-CUBE-AZRTOS-F4_V1.1.0, X-CUBE-AZRTOS-F7_V1.1.0, X-CUBE-AZRTOS-G0_V1.1.0, X-CUBE-AZRTOS-G4_V2.0.0, X-CUBE-AZRTOS-H7RS_V1.1.0, X-CUBE-AZRTOS-H7_V3.4.0, X-CUBE-AZRTOS-L4_V2.0.0, X-CUBE-AZRTOS-L5_V2.0.0, X-CUBE-AZRTOS-WB_V2.0.0, X-CUBE-AZRTOS-WL_V2.0.0, X-CUBE-BLE1_V7.1.0, X-CUBE-BLE2_V3.3.0, X-CUBE-BLEMGR_V4.1.0, X-CUBE-EEPRMA1_V5.2.0, X-CUBE-FREERTOS_V1.3.1, X-CUBE-GNSS1_V6.0.0, X-CUBE-MEMS1_V11.3.0, X-CUBE-NFC4_V3.0.0, X-CUBE-NFC7_V2.0.0, X-CUBE-SFXS2LP1_V4.0.0, X-CUBE-ST67W61_V1.1.0, X-CUBE-SUBG2_V5.0.0, X-CUBE-TOF1_V3.4.3]
2025-12-31 08:42:47,181 [INFO] DbBoardsSqlite:226 - include board P-NUCLEO-WB55-NUCLEO as a kit item of type 'Nucleo-64'
2025-12-31 08:42:47,182 [INFO] DbBoardsSqlite:226 - include board P-NUCLEO-WB55-USBDONGLE as a kit item of type 'Nucleo USB Dongle'
2025-12-31 08:42:47,183 [INFO] DbBoardsSqlite:226 - include board STEVAL-IDP005V1 as a kit item of type 'Evaluation Board'
2025-12-31 08:42:47,184 [INFO] DbBoardsSqlite:226 - include board STEVAL-IDP005V2 as a kit item of type 'Evaluation Board'
2025-12-31 08:42:47,696 [INFO] ApiDb:240 - Found 880 in-development CPN: [B-G473E-ZEST1S, B-WB1M-WPAN1, B-WBA5M-WPAN, B-WL5M-SUBG1, NUCLEO-C031C6, NUCLEO-C051C8, NUCLEO-C071RB, NUCLEO-C092RC, NUCLEO-H503RB, NUCLEO-H533RE, NUCLEO-H563ZI, NUCLEO-H7S3L8, NUCLEO-N657X0-Q, NUCLEO-U031R8, NUCLEO-U083RC, NUCLEO-U385RG-Q, NUCLEO-U545RE-Q, NUCLEO-U5A5ZJ-Q, NUCLEO-WB05KZ, NUCLEO-WB07CC, NUCLEO-WB09KE, NUCLEO-WBA52CG, NUCLEO-WBA55CG, NUCLEO-WL33CC1, NUCLEO-WL33CC2, STEVAL-PROTEUS1, STEVAL-SMARTAG2, STEVAL-STWINBX1, STM320518-EVAL, STM32C0116-DK, STM32C011D6Y3TR, STM32C011D6Y6TR, STM32C011F4P3, STM32C011F4P6, STM32C011F4U3, STM32C011F4U6TR, STM32C011F6P3, STM32C011F6P6, STM32C011F6U3, STM32C011F6U6TR, STM32C011J4M3, STM32C011J4M6, STM32C011J6M3, STM32C011J6M6, STM32C0316-DK, STM32C031C4T3, STM32C031C4T6, STM32C031C4U3, STM32C031C4U6, STM32C031C6T3, STM32C031C6T6, STM32C031C6U3, STM32C031C6U6, STM32C031F4P3, STM32C031F4P6, STM32C031F6P3, STM32C031F6P6, STM32C031G4U3, STM32C031G4U6, STM32C031G6U3, STM32C031G6U6, STM32C031K4T3, STM32C031K4T6, STM32C031K4U3, STM32C031K4U6, STM32C031K6T3, STM32C031K6T6, STM32C031K6U3, STM32C031K6U6, STM32C051C6T6, STM32C051C6U6, STM32C051C8T6, STM32C051C8U6, STM32C051D8Y6TR, STM32C051F6P6, STM32C051F8P6, STM32C051G6U6, STM32C051G8U6, STM32C051K6T6, STM32C051K6U6, STM32C051K8T6, STM32C071C8T6, STM32C071C8T6N, STM32C071C8U6, STM32C071C8U6N, STM32C071CBT6, STM32C071CBT6N, STM32C071CBU6, STM32C071CBU6N, STM32C071F8P6, STM32C071F8P6N, STM32C071FBP6, STM32C071FBP6N, STM32C071FBY6TR, STM32C071G8U6, STM32C071G8U6N, STM32C071GBU6, STM32C071GBU6N, STM32C071K8T6, STM32C071K8T6N, STM32C071K8U6, STM32C071K8U6N, STM32C071KBT6, STM32C071KBT6N, STM32C071KBU6, STM32C071KBU6N, STM32C071R8T6, STM32C071R8T6N, STM32C071RBI6N, STM32C071RBT6, STM32C071RBT6N, STM32C091CBT6, STM32C091CBU6, STM32C091CCT6, STM32C091CCU6, STM32C091ECY6TR, STM32C091FBP6, STM32C091FCP6, STM32C091GBU6, STM32C091GCU6, STM32C091KBT6, STM32C091KBU6, STM32C091KCT6, STM32C091KCU6, STM32C091RBT6, STM32C091RCI6, STM32C091RCT6, STM32C092CBT6, STM32C092CBU6, STM32C092CCT6, STM32C092CCU6, STM32C092ECY6TR, STM32C092FBP6, STM32C092FCP6, STM32C092GBU6, STM32C092GCU6, STM32C092KBT6, STM32C092KBU6, STM32C092KCT6, STM32C092KCU6, STM32C092RBT6, STM32C092RCI6, STM32C092RCT6, STM32G071K8TXN, STM32G071K8UXN, STM32G081GBU6N, STM32G081KBT6N, STM32G081KBUXN, STM32G0B1CCT6N, STM32G0B1KCT6, STM32G0B1NEY6TR, STM32G0B1RCT6N, STM32G0C1CCT6, STM32G0C1CCT6N, STM32G0C1CCU6N, STM32G0C1CET6N, STM32G0C1CEU6N, STM32G0C1KCT6, STM32G0C1NEY6TR, STM32G0C1RCI6N, STM32G0C1RCT6N, STM32G0C1REI6N, STM32G0C1RET6N, STM32G0C1VCI6, STM32G0C1VEI6, STM32G411C6T3, STM32G411C6T6, STM32G411C6U3, STM32G411C6U6, STM32G411C8T3, STM32G411C8T6, STM32G411C8U3, STM32G411C8U6, STM32G411CBT3, STM32G411CBT6, STM32G411CBU3, STM32G411CBU6, STM32G411K6T3, STM32G411K6T6, STM32G411K6U3, STM32G411K6U6, STM32G411K8T3, STM32G411K8T6, STM32G411K8U3, STM32G411K8U6, STM32G411KBT3, STM32G411KBT6, STM32G411KBU3, STM32G411KBU6, STM32G411M6T3, STM32G411M6T6, STM32G411M8T3, STM32G411M8T6, STM32G411MBT3, STM32G411MBT6, STM32G411R6T3, STM32G411R6T6, STM32G411R8T3, STM32G411R8T6, STM32G411RBT3, STM32G411RBT6, STM32G414CBT3, STM32G414CBT6, STM32G414CBU3, STM32G414CBU6, STM32G414CCT3, STM32G414CCT6, STM32G414CCU3, STM32G414CCU6, STM32G414MBT3, STM32G414MBT6, STM32G414MCT3, STM32G414MCT6, STM32G414RBT3, STM32G414RBT6, STM32G414RCT3, STM32G414RCT6, STM32G414VBT3, STM32G414VBT6, STM32G414VCT3, STM32G414VCT6, STM32G431CBT3Z, STM32G431RBT3Z, STM32G471CCT6, STM32G471CCU6, STM32G471CET3, STM32G471CET6, STM32G471CEU3, STM32G471CEU6, STM32G471MCT6, STM32G471MET3, STM32G471MET6, STM32G471MEY6TR, STM32G471QCT6, STM32G471QET3, STM32G471RCT6, STM32G471RET3, STM32G471RET6, STM32G471VCH6, STM32G471VCI6, STM32G471VCT6, STM32G471VEH3, STM32G471VEH6, STM32G471VEI3, STM32G471VEI6, STM32G471VET3, STM32G471VET6, STM32G473QET3Z, STM32G473RET3Z, STM32G474CCT6, STM32G491RET3Z, STM32H503CBT6, STM32H503CBU6, STM32H503EBY6TR, STM32H503KBU6, STM32H503RBT6, STM32H523CCT6, STM32H523CCU6, STM32H523CET6, STM32H523CEU6, STM32H523HEY6TR, STM32H523RCT6, STM32H523RET6, STM32H523VCI6, STM32H523VCT6, STM32H523VEI6, STM32H523VET6, STM32H523ZCJ6, STM32H523ZCT6, STM32H523ZEJ6, STM32H523ZET6, STM32H533CET6, STM32H533CEU6, STM32H533HEY6TR, STM32H533RET6, STM32H533VEI6, STM32H533VET6, STM32H533ZEJ6, STM32H533ZET6, STM32H562AGI6, STM32H562AII6, STM32H562IGK6, STM32H562IGT6, STM32H562IIK6, STM32H562IIT6, STM32H562RGT6, STM32H562RGV6, STM32H562RIT6, STM32H562RIV6, STM32H562VGT6, STM32H562VIT6, STM32H562ZGT6, STM32H562ZIT6, STM32H563AGI6, STM32H563AII3Q, STM32H563AII6, STM32H563IGK6, STM32H563IGT6, STM32H563IIK3Q, STM32H563IIK6, STM32H563IIT3Q, STM32H563IIT6, STM32H563MIY3QTR, STM32H563RGT6, STM32H563RGV6, STM32H563RIT6, STM32H563RIV6, STM32H563VGT6, STM32H563VIT3Q, STM32H563VIT6, STM32H563ZGT6, STM32H563ZIT3Q, STM32H563ZIT6, STM32H573AII3Q, STM32H573AII6, STM32H573I-DK, STM32H573IIK3Q, STM32H573IIK6, STM32H573IIT3Q, STM32H573IIT6, STM32H573MIY3QTR, STM32H573RIT6, STM32H573RIV6, STM32H573VIT3Q, STM32H573VIT6, STM32H573ZIT3Q, STM32H573ZIT6, STM32H7R3A8I6, STM32H7R3I8K6, STM32H7R3I8T6, STM32H7R3L8H6, STM32H7R3L8H6H, STM32H7R3R8V6, STM32H7R3V8H6, STM32H7R3V8T6, STM32H7R3V8Y6TR, STM32H7R3Z8J6, STM32H7R3Z8T6, STM32H7R7A8I6, STM32H7R7I8K6, STM32H7R7I8T6, STM32H7R7L8H6, STM32H7R7L8H6H, STM32H7R7Z8J6, STM32H7S3A8I6, STM32H7S3I8K6, STM32H7S3I8T6, STM32H7S3L8H6, STM32H7S3L8H6H, STM32H7S3R8V6, STM32H7S3V8H6, STM32H7S3V8T6, STM32H7S3V8Y6TR, STM32H7S3Z8J6, STM32H7S3Z8T6, STM32H7S78-DK, STM32H7S7A8I6, STM32H7S7I8K6, STM32H7S7I8T6, STM32H7S7L8H6, STM32H7S7L8H6H, STM32H7S7Z8J6, STM32L4R5QGI6STR, STM32MP131AAE3, STM32MP131AAF3, STM32MP131AAG3, STM32MP131CAE3, STM32MP131CAF3, STM32MP131CAG3, STM32MP131DAE7, STM32MP131DAF7, STM32MP131DAG7, STM32MP131FAE7, STM32MP131FAF7, STM32MP131FAG7, STM32MP133AAE3, STM32MP133AAF3, STM32MP133AAG3, STM32MP133CAE3, STM32MP133CAF3, STM32MP133CAG3, STM32MP133DAE7, STM32MP133DAF7, STM32MP133DAG7, STM32MP133FAE7, STM32MP133FAF7, STM32MP133FAG7, STM32MP135AAE3, STM32MP135AAF3, STM32MP135AAG3, STM32MP135CAE3, STM32MP135CAF3, STM32MP135CAG3, STM32MP135DAE7, STM32MP135DAF7, STM32MP135DAG7, STM32MP135F-DK, STM32MP135FAE7, STM32MP135FAF7, STM32MP135FAF7T, STM32MP135FAF7U, STM32MP135FAG7, STM32MP211AAL3, STM32MP211AAM3, STM32MP211AAN3, STM32MP211AAO3, STM32MP211CAL3, STM32MP211CAM3, STM32MP211CAN3, STM32MP211CAO3, STM32MP211DAL3, STM32MP211DAM3, STM32MP211DAN3, STM32MP211DAO3, STM32MP211FAL3, STM32MP211FAM3, STM32MP211FAN3, STM32MP211FAO3, STM32MP213AAL3, STM32MP213AAM3, STM32MP213AAN3, STM32MP213AAO3, STM32MP213CAL3, STM32MP213CAM3, STM32MP213CAN3, STM32MP213CAO3, STM32MP213DAL3, STM32MP213DAM3, STM32MP213DAN3, STM32MP213DAO3, STM32MP213FAL3, STM32MP213FAM3, STM32MP213FAN3, STM32MP213FAO3, STM32MP215AAL3, STM32MP215AAM3, STM32MP215AAN3, STM32MP215AAO3, STM32MP215CAL3, STM32MP215CAM3, STM32MP215CAN3, STM32MP215CAO3, STM32MP215DAL3, STM32MP215DAM3, STM32MP215DAN3, STM32MP215DAO3, STM32MP215F-DK, STM32MP215FAL3, STM32MP215FAM3, STM32MP215FAN3, STM32MP215FAO3, STM32MP231AAJ3, STM32MP231AAK3, STM32MP231AAL3, STM32MP231CAJ3, STM32MP231CAK3, STM32MP231CAL3, STM32MP231DAJ3, STM32MP231DAK3, STM32MP231DAL3, STM32MP231FAJ3, STM32MP231FAK3, STM32MP231FAL3, STM32MP233AAJ3, STM32MP233AAK3, STM32MP233AAL3, STM32MP233CAJ3, STM32MP233CAK3, STM32MP233CAL3, STM32MP233DAJ3, STM32MP233DAK3, STM32MP233DAL3, STM32MP233FAJ3, STM32MP233FAK3, STM32MP233FAL3, STM32MP235AAJ3, STM32MP235AAK3, STM32MP235AAL3, STM32MP235CAJ3, STM32MP235CAK3, STM32MP235CAL3, STM32MP235DAJ3, STM32MP235DAK3, STM32MP235DAL3, STM32MP235FAJ3, STM32MP235FAK3, STM32MP235FAL3, STM32MP251AAI3, STM32MP251AAK3, STM32MP251AAL3, STM32MP251CAI3, STM32MP251CAK3, STM32MP251CAL3, STM32MP251DAI3, STM32MP251DAK3, STM32MP251DAL3, STM32MP251FAI3, STM32MP251FAK3, STM32MP251FAL3, STM32MP253AAI3, STM32MP253AAK3, STM32MP253AAL3, STM32MP253CAI3, STM32MP253CAK3, STM32MP253CAL3, STM32MP253DAI3, STM32MP253DAK3, STM32MP253DAL3, STM32MP253FAI3, STM32MP253FAK3, STM32MP253FAL3, STM32MP255AAI3, STM32MP255AAK3, STM32MP255AAL3, STM32MP255CAI3, STM32MP255CAK3, STM32MP255CAL3, STM32MP255DAI3, STM32MP255DAK3, STM32MP255DAL3, STM32MP255FAI3, STM32MP255FAK3, STM32MP255FAL3, STM32MP257AAI3, STM32MP257AAK3, STM32MP257AAL3, STM32MP257CAI3, STM32MP257CAK3, STM32MP257CAL3, STM32MP257DAI3, STM32MP257DAK3, STM32MP257DAL3, STM32MP257F-DK, STM32MP257F-EV1, STM32MP257FAI3, STM32MP257FAK3, STM32MP257FAL3, STM32N645A0H3Q, STM32N645B0H3Q, STM32N645I0H3Q, STM32N645L0H3Q, STM32N645X0H3Q, STM32N645Z0H3Q, STM32N647A0H3Q, STM32N647B0H3Q, STM32N647I0H3Q, STM32N647L0H3Q, STM32N647X0H3Q, STM32N647Z0H3Q, STM32N655A0H3Q, STM32N655B0H3Q, STM32N655I0H3Q, STM32N655L0H3Q, STM32N655X0H3Q, STM32N655Z0H3Q, STM32N6570-DK, STM32N657A0H3Q, STM32N657B0H3Q, STM32N657I0H3Q, STM32N657L0H3Q, STM32N657X0H3Q, STM32N657Z0H3Q, STM32U031C6T6, STM32U031C6U6, STM32U031C8T6, STM32U031C8U6, STM32U031F4P6, STM32U031F6P6, STM32U031F8P6, STM32U031G6Y6TR, STM32U031G8Y6TR, STM32U031K4U6, STM32U031K6U6, STM32U031K8U6, STM32U031R6I6, STM32U031R6T6, STM32U031R8I6, STM32U031R8T6, STM32U073C8T6, STM32U073C8U6, STM32U073CBT6, STM32U073CBU6, STM32U073CCT6, STM32U073CCU6, STM32U073H8Y6TR, STM32U073HBY6TR, STM32U073HCY6TR, STM32U073K8U6, STM32U073KBU6, STM32U073KCU6, STM32U073M8I6, STM32U073M8T6, STM32U073MBI6, STM32U073MBT6, STM32U073MCI6, STM32U073MCT6, STM32U073R8I6, STM32U073R8T6, STM32U073RBI6, STM32U073RBT6, STM32U073RCI6, STM32U073RCT6, STM32U083C-DK, STM32U083CCT6, STM32U083CCU6, STM32U083HCY6TR, STM32U083KCU6, STM32U083MCI6, STM32U083MCT6, STM32U083RCI6, STM32U083RCT6, STM32U375CET6, STM32U375CET6Q, STM32U375CEU6, STM32U375CEU6Q, STM32U375CEY6QTR, STM32U375CGT6, STM32U375CGT6Q, STM32U375CGU6, STM32U375CGU6Q, STM32U375CGY6QTR, STM32U375KEU6, STM32U375KGU6, STM32U375REI6, STM32U375REI6Q, STM32U375RET6, STM32U375RET6Q, STM32U375REY6GTR, STM32U375REY6QTR, STM32U375RGI6, STM32U375RGI6Q, STM32U375RGT6, STM32U375RGT6Q, STM32U375RGY6GTR, STM32U375RGY6QTR, STM32U375VEI6, STM32U375VEI6Q, STM32U375VET6, STM32U375VET6Q, STM32U375VGI6, STM32U375VGI6Q, STM32U375VGT6, STM32U375VGT6Q, STM32U385CGT6, STM32U385CGT6Q, STM32U385CGU6, STM32U385CGU6Q, STM32U385CGY6QTR, STM32U385KGU6, STM32U385RGI6, STM32U385RGI6Q, STM32U385RGT6, STM32U385RGT6Q, STM32U385RGY6GTR, STM32U385RGY6QTR, STM32U385VGI6, STM32U385VGI6Q, STM32U385VGT6, STM32U385VGT6Q, STM32U535CBT6, STM32U535CBT6Q, STM32U535CBU6, STM32U535CBU6Q, STM32U535CCT6, STM32U535CCT6Q, STM32U535CCU6, STM32U535CCU6Q, STM32U535CET6, STM32U535CET6Q, STM32U535CEU6, STM32U535CEU6Q, STM32U535JEY6QTR, STM32U535NCY6QTR, STM32U535NEY6QTR, STM32U535RBI6, STM32U535RBI6Q, STM32U535RBT6, STM32U535RBT6Q, STM32U535RCI6, STM32U535RCI6Q, STM32U535RCT6, STM32U535RCT6Q, STM32U535REI6, STM32U535REI6Q, STM32U535RET6, STM32U535RET6Q, STM32U535VCI6, STM32U535VCI6Q, STM32U535VCT6, STM32U535VCT6Q, STM32U535VEI6, STM32U535VEI6Q, STM32U535VET6, STM32U535VET6Q, STM32U545CET6, STM32U545CET6Q, STM32U545CEU6, STM32U545CEU6Q, STM32U545JEY6QTR, STM32U545NEY6QTR, STM32U545REI6, STM32U545REI6Q, STM32U545RET6, STM32U545RET6Q, STM32U545VEI6, STM32U545VEI6Q, STM32U545VET6, STM32U545VET6Q, STM32U595AIH6, STM32U595AIH6Q, STM32U595AJH6, STM32U595AJH6Q, STM32U595QII6, STM32U595QII6Q, STM32U595QJI6, STM32U595QJI6Q, STM32U595RIT6, STM32U595RIT6Q, STM32U595RJT6, STM32U595RJT6Q, STM32U595VIT6, STM32U595VIT6Q, STM32U595VJT6, STM32U595VJT6Q, STM32U595ZIT6, STM32U595ZIT6Q, STM32U595ZIY6QTR, STM32U595ZJT6, STM32U595ZJT6Q, STM32U595ZJY6QTR, STM32U599BJY6QTR, STM32U599NIH6Q, STM32U599NJH6Q, STM32U599VIT6Q, STM32U599VJT6, STM32U599VJT6Q, STM32U599ZIT6Q, STM32U599ZIY6QTR, STM32U599ZJT6Q, STM32U599ZJY6QTR, STM32U5A5AJH6, STM32U5A5AJH6Q, STM32U5A5QII3Q , STM32U5A5QJI6, STM32U5A5QJI6Q, STM32U5A5RJT6, STM32U5A5RJT6Q, STM32U5A5VJT6, STM32U5A5VJT6Q, STM32U5A5ZJT6, STM32U5A5ZJT6Q, STM32U5A5ZJY6QTR, STM32U5A9BJY6QTR, STM32U5A9J-DK, STM32U5A9NJH6Q, STM32U5A9VJT6Q, STM32U5A9ZJT6Q, STM32U5A9ZJY6QTR, STM32U5F7VIT6, STM32U5F7VIT6Q, STM32U5F7VJT6, STM32U5F7VJT6Q, STM32U5F9BJY6QTR, STM32U5F9NJH6Q, STM32U5F9VIT6Q, STM32U5F9VJT6Q, STM32U5F9ZIJ6QTR, STM32U5F9ZIT6Q, STM32U5F9ZJJ6QTR, STM32U5F9ZJT6Q, STM32U5G7VJT6, STM32U5G7VJT6Q, STM32U5G9BJY6QTR, STM32U5G9J-DK1, STM32U5G9J-DK2, STM32U5G9NJH6Q, STM32U5G9VJT6Q, STM32U5G9ZJJ6QTR, STM32U5G9ZJT6Q, STM32WB05KZV6TR, STM32WB05KZV7TR, STM32WB05TZF6TR, STM32WB05TZF7TR, STM32WB06CCF6TR, STM32WB06CCF7TR, STM32WB06CCV6TR, STM32WB06CCV7TR, STM32WB06KCV6TR, STM32WB06KCV7TR, STM32WB07CCF6TR, STM32WB07CCF7TR, STM32WB07CCV6TR, STM32WB07CCV7TR, STM32WB07KCV6TR, STM32WB07KCV7TR, STM32WB09KEV6TR, STM32WB09KEV7TR, STM32WB09TEF6TR, STM32WB09TEF7TR, STM32WB1MMCH6, STM32WBA50KGU6, STM32WBA50KGU6TR, STM32WBA52CEU6, STM32WBA52CEU6TR, STM32WBA52CEU7, STM32WBA52CEU7TR, STM32WBA52CGU6, STM32WBA52CGU6TR, STM32WBA52CGU6U, STM32WBA52CGU7, STM32WBA52CGU7TR, STM32WBA52KEU6, STM32WBA52KEU6TR, STM32WBA52KGU6, STM32WBA52KGU6TR, STM32WBA54CEU6, STM32WBA54CEU6TR, STM32WBA54CEU7, STM32WBA54CEU7TR, STM32WBA54CGU6, STM32WBA54CGU6TR, STM32WBA54CGU7, STM32WBA54CGU7TR, STM32WBA54KEU6, STM32WBA54KEU6TR, STM32WBA54KEU7, STM32WBA54KEU7TR, STM32WBA54KGU6, STM32WBA54KGU6TR, STM32WBA54KGU7, STM32WBA54KGU7TR, STM32WBA55CEU6, STM32WBA55CEU6TR, STM32WBA55CEU7, STM32WBA55CEU7TR, STM32WBA55CGU6, STM32WBA55CGU6TR, STM32WBA55CGU6U, STM32WBA55CGU7, STM32WBA55CGU7TR, STM32WBA55G-DK1, STM32WBA55HEF6, STM32WBA55HEF7, STM32WBA55HGF6, STM32WBA55HGF7, STM32WBA55UEI6, STM32WBA55UEI6TR, STM32WBA55UEI7, STM32WBA55UEI7TR, STM32WBA55UGI6, STM32WBA55UGI6TR, STM32WBA55UGI7, STM32WBA55UGI7TR, STM32WBA5MMGH6TR, STM32WBA62MGF6, STM32WBA62MIF6, STM32WBA65MGF7, STM32WBA65MIF6, STM32WBA65MIF7, STM32WL30K8V6, STM32WL30KBV6, STM32WL31C8V6, STM32WL31CBV6, STM32WL31K8V6, STM32WL31KBV6, STM32WL33C8V6, STM32WL33C8V6X, STM32WL33CBV6, STM32WL33CBV6X, STM32WL33CCV6, STM32WL33CCV6A, STM32WL33CCV6X, STM32WL33K8V7, STM32WL33K8V7X, STM32WL33KBV7 , STM32WL33KBV7X, STM32WL33KCV7, STM32WL33KCV7X, STM32WL5MOCH6, STM32WL5MOCH6TR]
2025-12-31 08:42:47,703 [INFO] ApiDb:668 - CubeFinder database Data Model version=2.1
2025-12-31 08:42:47,703 [INFO] ApiDb:669 - CubeFinder database Configuration version=3.0.39
2025-12-31 08:42:47,703 [INFO] ApiDb:670 - CubeFinder database generation date=2025-11-05 (1762334721)
2025-12-31 08:42:47,703 [INFO] ApiDb:671 - CubeFinder database FW Pack versions=[FP-ATR-ASTRA1_V2.0.0, FP-SNS-FLIGHT1_V5.1.0, FP-SNS-MOTENV1_V5.1.0, FP-SNS-MOTENVWB1_V1.4.0, FP-SNS-SMARTAG2_V1.2.0, FP-SNS-STBOX1_V2.1.0, STM32Cube_FW_C0_V1.4.0, STM32Cube_FW_F4_V1.28.3, STM32Cube_FW_F7_V1.17.4, STM32Cube_FW_G0_V1.6.2, STM32Cube_FW_G4_V1.6.1, STM32Cube_FW_H5_V1.5.1, STM32Cube_FW_H7RS_V1.3.0, STM32Cube_FW_H7_V1.12.1, STM32Cube_FW_L0_V1.12.2, STM32Cube_FW_L4_V1.18.1, STM32Cube_FW_L5_V1.6.0, STM32Cube_FW_N6_V1.3.0, STM32Cube_FW_U0_V1.3.0, STM32Cube_FW_U3_V1.2.1, STM32Cube_FW_U5_V1.8.0, STM32Cube_FW_WB0_V1.4.0, STM32Cube_FW_WBA_V1.8.0, STM32Cube_FW_WB_V1.24.0, STM32Cube_FW_WL3_V1.3.0, STM32Cube_FW_WL_V1.4.0, X-CUBE-ALGOBUILD_V1.4.0, X-CUBE-ALS_V1.0.2, X-CUBE-AZRTOS-F4_V1.1.0, X-CUBE-AZRTOS-F7_V1.1.0, X-CUBE-AZRTOS-G0_V1.1.0, X-CUBE-AZRTOS-G4_V2.0.0, X-CUBE-AZRTOS-H7RS_V1.1.0, X-CUBE-AZRTOS-H7_V3.4.0, X-CUBE-AZRTOS-L4_V2.0.0, X-CUBE-AZRTOS-L5_V2.0.0, X-CUBE-AZRTOS-WB_V2.0.0, X-CUBE-AZRTOS-WL_V2.0.0, X-CUBE-BLE1_V7.1.0, X-CUBE-BLE2_V3.3.0, X-CUBE-BLEMGR_V4.1.0, X-CUBE-EEPRMA1_V5.2.0, X-CUBE-FREERTOS_V1.3.1, X-CUBE-GNSS1_V6.0.0, X-CUBE-MEMS1_V11.3.0, X-CUBE-NFC4_V3.0.0, X-CUBE-NFC7_V2.0.0, X-CUBE-SFXS2LP1_V4.0.0, X-CUBE-ST67W61_V1.1.0, X-CUBE-SUBG2_V5.0.0, X-CUBE-TOF1_V3.4.3]
2025-12-31 08:42:51,116 [INFO] ApiDb:240 - Found 880 in-development CPN: [B-G473E-ZEST1S, B-WB1M-WPAN1, B-WBA5M-WPAN, B-WL5M-SUBG1, NUCLEO-C031C6, NUCLEO-C051C8, NUCLEO-C071RB, NUCLEO-C092RC, NUCLEO-H503RB, NUCLEO-H533RE, NUCLEO-H563ZI, NUCLEO-H7S3L8, NUCLEO-N657X0-Q, NUCLEO-U031R8, NUCLEO-U083RC, NUCLEO-U385RG-Q, NUCLEO-U545RE-Q, NUCLEO-U5A5ZJ-Q, NUCLEO-WB05KZ, NUCLEO-WB07CC, NUCLEO-WB09KE, NUCLEO-WBA52CG, NUCLEO-WBA55CG, NUCLEO-WL33CC1, NUCLEO-WL33CC2, STEVAL-PROTEUS1, STEVAL-SMARTAG2, STEVAL-STWINBX1, STM320518-EVAL, STM32C0116-DK, STM32C011D6Y3TR, STM32C011D6Y6TR, STM32C011F4P3, STM32C011F4P6, STM32C011F4U3, STM32C011F4U6TR, STM32C011F6P3, STM32C011F6P6, STM32C011F6U3, STM32C011F6U6TR, STM32C011J4M3, STM32C011J4M6, STM32C011J6M3, STM32C011J6M6, STM32C0316-DK, STM32C031C4T3, STM32C031C4T6, STM32C031C4U3, STM32C031C4U6, STM32C031C6T3, STM32C031C6T6, STM32C031C6U3, STM32C031C6U6, STM32C031F4P3, STM32C031F4P6, STM32C031F6P3, STM32C031F6P6, STM32C031G4U3, STM32C031G4U6, STM32C031G6U3, STM32C031G6U6, STM32C031K4T3, STM32C031K4T6, STM32C031K4U3, STM32C031K4U6, STM32C031K6T3, STM32C031K6T6, STM32C031K6U3, STM32C031K6U6, STM32C051C6T6, STM32C051C6U6, STM32C051C8T6, STM32C051C8U6, STM32C051D8Y6TR, STM32C051F6P6, STM32C051F8P6, STM32C051G6U6, STM32C051G8U6, STM32C051K6T6, STM32C051K6U6, STM32C051K8T6, STM32C071C8T6, STM32C071C8T6N, STM32C071C8U6, STM32C071C8U6N, STM32C071CBT6, STM32C071CBT6N, STM32C071CBU6, STM32C071CBU6N, STM32C071F8P6, STM32C071F8P6N, STM32C071FBP6, STM32C071FBP6N, STM32C071FBY6TR, STM32C071G8U6, STM32C071G8U6N, STM32C071GBU6, STM32C071GBU6N, STM32C071K8T6, STM32C071K8T6N, STM32C071K8U6, STM32C071K8U6N, STM32C071KBT6, STM32C071KBT6N, STM32C071KBU6, STM32C071KBU6N, STM32C071R8T6, STM32C071R8T6N, STM32C071RBI6N, STM32C071RBT6, STM32C071RBT6N, STM32C091CBT6, STM32C091CBU6, STM32C091CCT6, STM32C091CCU6, STM32C091ECY6TR, STM32C091FBP6, STM32C091FCP6, STM32C091GBU6, STM32C091GCU6, STM32C091KBT6, STM32C091KBU6, STM32C091KCT6, STM32C091KCU6, STM32C091RBT6, STM32C091RCI6, STM32C091RCT6, STM32C092CBT6, STM32C092CBU6, STM32C092CCT6, STM32C092CCU6, STM32C092ECY6TR, STM32C092FBP6, STM32C092FCP6, STM32C092GBU6, STM32C092GCU6, STM32C092KBT6, STM32C092KBU6, STM32C092KCT6, STM32C092KCU6, STM32C092RBT6, STM32C092RCI6, STM32C092RCT6, STM32G071K8TXN, STM32G071K8UXN, STM32G081GBU6N, STM32G081KBT6N, STM32G081KBUXN, STM32G0B1CCT6N, STM32G0B1KCT6, STM32G0B1NEY6TR, STM32G0B1RCT6N, STM32G0C1CCT6, STM32G0C1CCT6N, STM32G0C1CCU6N, STM32G0C1CET6N, STM32G0C1CEU6N, STM32G0C1KCT6, STM32G0C1NEY6TR, STM32G0C1RCI6N, STM32G0C1RCT6N, STM32G0C1REI6N, STM32G0C1RET6N, STM32G0C1VCI6, STM32G0C1VEI6, STM32G411C6T3, STM32G411C6T6, STM32G411C6U3, STM32G411C6U6, STM32G411C8T3, STM32G411C8T6, STM32G411C8U3, STM32G411C8U6, STM32G411CBT3, STM32G411CBT6, STM32G411CBU3, STM32G411CBU6, STM32G411K6T3, STM32G411K6T6, STM32G411K6U3, STM32G411K6U6, STM32G411K8T3, STM32G411K8T6, STM32G411K8U3, STM32G411K8U6, STM32G411KBT3, STM32G411KBT6, STM32G411KBU3, STM32G411KBU6, STM32G411M6T3, STM32G411M6T6, STM32G411M8T3, STM32G411M8T6, STM32G411MBT3, STM32G411MBT6, STM32G411R6T3, STM32G411R6T6, STM32G411R8T3, STM32G411R8T6, STM32G411RBT3, STM32G411RBT6, STM32G414CBT3, STM32G414CBT6, STM32G414CBU3, STM32G414CBU6, STM32G414CCT3, STM32G414CCT6, STM32G414CCU3, STM32G414CCU6, STM32G414MBT3, STM32G414MBT6, STM32G414MCT3, STM32G414MCT6, STM32G414RBT3, STM32G414RBT6, STM32G414RCT3, STM32G414RCT6, STM32G414VBT3, STM32G414VBT6, STM32G414VCT3, STM32G414VCT6, STM32G431CBT3Z, STM32G431RBT3Z, STM32G471CCT6, STM32G471CCU6, STM32G471CET3, STM32G471CET6, STM32G471CEU3, STM32G471CEU6, STM32G471MCT6, STM32G471MET3, STM32G471MET6, STM32G471MEY6TR, STM32G471QCT6, STM32G471QET3, STM32G471RCT6, STM32G471RET3, STM32G471RET6, STM32G471VCH6, STM32G471VCI6, STM32G471VCT6, STM32G471VEH3, STM32G471VEH6, STM32G471VEI3, STM32G471VEI6, STM32G471VET3, STM32G471VET6, STM32G473QET3Z, STM32G473RET3Z, STM32G474CCT6, STM32G491RET3Z, STM32H503CBT6, STM32H503CBU6, STM32H503EBY6TR, STM32H503KBU6, STM32H503RBT6, STM32H523CCT6, STM32H523CCU6, STM32H523CET6, STM32H523CEU6, STM32H523HEY6TR, STM32H523RCT6, STM32H523RET6, STM32H523VCI6, STM32H523VCT6, STM32H523VEI6, STM32H523VET6, STM32H523ZCJ6, STM32H523ZCT6, STM32H523ZEJ6, STM32H523ZET6, STM32H533CET6, STM32H533CEU6, STM32H533HEY6TR, STM32H533RET6, STM32H533VEI6, STM32H533VET6, STM32H533ZEJ6, STM32H533ZET6, STM32H562AGI6, STM32H562AII6, STM32H562IGK6, STM32H562IGT6, STM32H562IIK6, STM32H562IIT6, STM32H562RGT6, STM32H562RGV6, STM32H562RIT6, STM32H562RIV6, STM32H562VGT6, STM32H562VIT6, STM32H562ZGT6, STM32H562ZIT6, STM32H563AGI6, STM32H563AII3Q, STM32H563AII6, STM32H563IGK6, STM32H563IGT6, STM32H563IIK3Q, STM32H563IIK6, STM32H563IIT3Q, STM32H563IIT6, STM32H563MIY3QTR, STM32H563RGT6, STM32H563RGV6, STM32H563RIT6, STM32H563RIV6, STM32H563VGT6, STM32H563VIT3Q, STM32H563VIT6, STM32H563ZGT6, STM32H563ZIT3Q, STM32H563ZIT6, STM32H573AII3Q, STM32H573AII6, STM32H573I-DK, STM32H573IIK3Q, STM32H573IIK6, STM32H573IIT3Q, STM32H573IIT6, STM32H573MIY3QTR, STM32H573RIT6, STM32H573RIV6, STM32H573VIT3Q, STM32H573VIT6, STM32H573ZIT3Q, STM32H573ZIT6, STM32H7R3A8I6, STM32H7R3I8K6, STM32H7R3I8T6, STM32H7R3L8H6, STM32H7R3L8H6H, STM32H7R3R8V6, STM32H7R3V8H6, STM32H7R3V8T6, STM32H7R3V8Y6TR, STM32H7R3Z8J6, STM32H7R3Z8T6, STM32H7R7A8I6, STM32H7R7I8K6, STM32H7R7I8T6, STM32H7R7L8H6, STM32H7R7L8H6H, STM32H7R7Z8J6, STM32H7S3A8I6, STM32H7S3I8K6, STM32H7S3I8T6, STM32H7S3L8H6, STM32H7S3L8H6H, STM32H7S3R8V6, STM32H7S3V8H6, STM32H7S3V8T6, STM32H7S3V8Y6TR, STM32H7S3Z8J6, STM32H7S3Z8T6, STM32H7S78-DK, STM32H7S7A8I6, STM32H7S7I8K6, STM32H7S7I8T6, STM32H7S7L8H6, STM32H7S7L8H6H, STM32H7S7Z8J6, STM32L4R5QGI6STR, STM32MP131AAE3, STM32MP131AAF3, STM32MP131AAG3, STM32MP131CAE3, STM32MP131CAF3, STM32MP131CAG3, STM32MP131DAE7, STM32MP131DAF7, STM32MP131DAG7, STM32MP131FAE7, STM32MP131FAF7, STM32MP131FAG7, STM32MP133AAE3, STM32MP133AAF3, STM32MP133AAG3, STM32MP133CAE3, STM32MP133CAF3, STM32MP133CAG3, STM32MP133DAE7, STM32MP133DAF7, STM32MP133DAG7, STM32MP133FAE7, STM32MP133FAF7, STM32MP133FAG7, STM32MP135AAE3, STM32MP135AAF3, STM32MP135AAG3, STM32MP135CAE3, STM32MP135CAF3, STM32MP135CAG3, STM32MP135DAE7, STM32MP135DAF7, STM32MP135DAG7, STM32MP135F-DK, STM32MP135FAE7, STM32MP135FAF7, STM32MP135FAF7T, STM32MP135FAF7U, STM32MP135FAG7, STM32MP211AAL3, STM32MP211AAM3, STM32MP211AAN3, STM32MP211AAO3, STM32MP211CAL3, STM32MP211CAM3, STM32MP211CAN3, STM32MP211CAO3, STM32MP211DAL3, STM32MP211DAM3, STM32MP211DAN3, STM32MP211DAO3, STM32MP211FAL3, STM32MP211FAM3, STM32MP211FAN3, STM32MP211FAO3, STM32MP213AAL3, STM32MP213AAM3, STM32MP213AAN3, STM32MP213AAO3, STM32MP213CAL3, STM32MP213CAM3, STM32MP213CAN3, STM32MP213CAO3, STM32MP213DAL3, STM32MP213DAM3, STM32MP213DAN3, STM32MP213DAO3, STM32MP213FAL3, STM32MP213FAM3, STM32MP213FAN3, STM32MP213FAO3, STM32MP215AAL3, STM32MP215AAM3, STM32MP215AAN3, STM32MP215AAO3, STM32MP215CAL3, STM32MP215CAM3, STM32MP215CAN3, STM32MP215CAO3, STM32MP215DAL3, STM32MP215DAM3, STM32MP215DAN3, STM32MP215DAO3, STM32MP215F-DK, STM32MP215FAL3, STM32MP215FAM3, STM32MP215FAN3, STM32MP215FAO3, STM32MP231AAJ3, STM32MP231AAK3, STM32MP231AAL3, STM32MP231CAJ3, STM32MP231CAK3, STM32MP231CAL3, STM32MP231DAJ3, STM32MP231DAK3, STM32MP231DAL3, STM32MP231FAJ3, STM32MP231FAK3, STM32MP231FAL3, STM32MP233AAJ3, STM32MP233AAK3, STM32MP233AAL3, STM32MP233CAJ3, STM32MP233CAK3, STM32MP233CAL3, STM32MP233DAJ3, STM32MP233DAK3, STM32MP233DAL3, STM32MP233FAJ3, STM32MP233FAK3, STM32MP233FAL3, STM32MP235AAJ3, STM32MP235AAK3, STM32MP235AAL3, STM32MP235CAJ3, STM32MP235CAK3, STM32MP235CAL3, STM32MP235DAJ3, STM32MP235DAK3, STM32MP235DAL3, STM32MP235FAJ3, STM32MP235FAK3, STM32MP235FAL3, STM32MP251AAI3, STM32MP251AAK3, STM32MP251AAL3, STM32MP251CAI3, STM32MP251CAK3, STM32MP251CAL3, STM32MP251DAI3, STM32MP251DAK3, STM32MP251DAL3, STM32MP251FAI3, STM32MP251FAK3, STM32MP251FAL3, STM32MP253AAI3, STM32MP253AAK3, STM32MP253AAL3, STM32MP253CAI3, STM32MP253CAK3, STM32MP253CAL3, STM32MP253DAI3, STM32MP253DAK3, STM32MP253DAL3, STM32MP253FAI3, STM32MP253FAK3, STM32MP253FAL3, STM32MP255AAI3, STM32MP255AAK3, STM32MP255AAL3, STM32MP255CAI3, STM32MP255CAK3, STM32MP255CAL3, STM32MP255DAI3, STM32MP255DAK3, STM32MP255DAL3, STM32MP255FAI3, STM32MP255FAK3, STM32MP255FAL3, STM32MP257AAI3, STM32MP257AAK3, STM32MP257AAL3, STM32MP257CAI3, STM32MP257CAK3, STM32MP257CAL3, STM32MP257DAI3, STM32MP257DAK3, STM32MP257DAL3, STM32MP257F-DK, STM32MP257F-EV1, STM32MP257FAI3, STM32MP257FAK3, STM32MP257FAL3, STM32N645A0H3Q, STM32N645B0H3Q, STM32N645I0H3Q, STM32N645L0H3Q, STM32N645X0H3Q, STM32N645Z0H3Q, STM32N647A0H3Q, STM32N647B0H3Q, STM32N647I0H3Q, STM32N647L0H3Q, STM32N647X0H3Q, STM32N647Z0H3Q, STM32N655A0H3Q, STM32N655B0H3Q, STM32N655I0H3Q, STM32N655L0H3Q, STM32N655X0H3Q, STM32N655Z0H3Q, STM32N6570-DK, STM32N657A0H3Q, STM32N657B0H3Q, STM32N657I0H3Q, STM32N657L0H3Q, STM32N657X0H3Q, STM32N657Z0H3Q, STM32U031C6T6, STM32U031C6U6, STM32U031C8T6, STM32U031C8U6, STM32U031F4P6, STM32U031F6P6, STM32U031F8P6, STM32U031G6Y6TR, STM32U031G8Y6TR, STM32U031K4U6, STM32U031K6U6, STM32U031K8U6, STM32U031R6I6, STM32U031R6T6, STM32U031R8I6, STM32U031R8T6, STM32U073C8T6, STM32U073C8U6, STM32U073CBT6, STM32U073CBU6, STM32U073CCT6, STM32U073CCU6, STM32U073H8Y6TR, STM32U073HBY6TR, STM32U073HCY6TR, STM32U073K8U6, STM32U073KBU6, STM32U073KCU6, STM32U073M8I6, STM32U073M8T6, STM32U073MBI6, STM32U073MBT6, STM32U073MCI6, STM32U073MCT6, STM32U073R8I6, STM32U073R8T6, STM32U073RBI6, STM32U073RBT6, STM32U073RCI6, STM32U073RCT6, STM32U083C-DK, STM32U083CCT6, STM32U083CCU6, STM32U083HCY6TR, STM32U083KCU6, STM32U083MCI6, STM32U083MCT6, STM32U083RCI6, STM32U083RCT6, STM32U375CET6, STM32U375CET6Q, STM32U375CEU6, STM32U375CEU6Q, STM32U375CEY6QTR, STM32U375CGT6, STM32U375CGT6Q, STM32U375CGU6, STM32U375CGU6Q, STM32U375CGY6QTR, STM32U375KEU6, STM32U375KGU6, STM32U375REI6, STM32U375REI6Q, STM32U375RET6, STM32U375RET6Q, STM32U375REY6GTR, STM32U375REY6QTR, STM32U375RGI6, STM32U375RGI6Q, STM32U375RGT6, STM32U375RGT6Q, STM32U375RGY6GTR, STM32U375RGY6QTR, STM32U375VEI6, STM32U375VEI6Q, STM32U375VET6, STM32U375VET6Q, STM32U375VGI6, STM32U375VGI6Q, STM32U375VGT6, STM32U375VGT6Q, STM32U385CGT6, STM32U385CGT6Q, STM32U385CGU6, STM32U385CGU6Q, STM32U385CGY6QTR, STM32U385KGU6, STM32U385RGI6, STM32U385RGI6Q, STM32U385RGT6, STM32U385RGT6Q, STM32U385RGY6GTR, STM32U385RGY6QTR, STM32U385VGI6, STM32U385VGI6Q, STM32U385VGT6, STM32U385VGT6Q, STM32U535CBT6, STM32U535CBT6Q, STM32U535CBU6, STM32U535CBU6Q, STM32U535CCT6, STM32U535CCT6Q, STM32U535CCU6, STM32U535CCU6Q, STM32U535CET6, STM32U535CET6Q, STM32U535CEU6, STM32U535CEU6Q, STM32U535JEY6QTR, STM32U535NCY6QTR, STM32U535NEY6QTR, STM32U535RBI6, STM32U535RBI6Q, STM32U535RBT6, STM32U535RBT6Q, STM32U535RCI6, STM32U535RCI6Q, STM32U535RCT6, STM32U535RCT6Q, STM32U535REI6, STM32U535REI6Q, STM32U535RET6, STM32U535RET6Q, STM32U535VCI6, STM32U535VCI6Q, STM32U535VCT6, STM32U535VCT6Q, STM32U535VEI6, STM32U535VEI6Q, STM32U535VET6, STM32U535VET6Q, STM32U545CET6, STM32U545CET6Q, STM32U545CEU6, STM32U545CEU6Q, STM32U545JEY6QTR, STM32U545NEY6QTR, STM32U545REI6, STM32U545REI6Q, STM32U545RET6, STM32U545RET6Q, STM32U545VEI6, STM32U545VEI6Q, STM32U545VET6, STM32U545VET6Q, STM32U595AIH6, STM32U595AIH6Q, STM32U595AJH6, STM32U595AJH6Q, STM32U595QII6, STM32U595QII6Q, STM32U595QJI6, STM32U595QJI6Q, STM32U595RIT6, STM32U595RIT6Q, STM32U595RJT6, STM32U595RJT6Q, STM32U595VIT6, STM32U595VIT6Q, STM32U595VJT6, STM32U595VJT6Q, STM32U595ZIT6, STM32U595ZIT6Q, STM32U595ZIY6QTR, STM32U595ZJT6, STM32U595ZJT6Q, STM32U595ZJY6QTR, STM32U599BJY6QTR, STM32U599NIH6Q, STM32U599NJH6Q, STM32U599VIT6Q, STM32U599VJT6, STM32U599VJT6Q, STM32U599ZIT6Q, STM32U599ZIY6QTR, STM32U599ZJT6Q, STM32U599ZJY6QTR, STM32U5A5AJH6, STM32U5A5AJH6Q, STM32U5A5QII3Q , STM32U5A5QJI6, STM32U5A5QJI6Q, STM32U5A5RJT6, STM32U5A5RJT6Q, STM32U5A5VJT6, STM32U5A5VJT6Q, STM32U5A5ZJT6, STM32U5A5ZJT6Q, STM32U5A5ZJY6QTR, STM32U5A9BJY6QTR, STM32U5A9J-DK, STM32U5A9NJH6Q, STM32U5A9VJT6Q, STM32U5A9ZJT6Q, STM32U5A9ZJY6QTR, STM32U5F7VIT6, STM32U5F7VIT6Q, STM32U5F7VJT6, STM32U5F7VJT6Q, STM32U5F9BJY6QTR, STM32U5F9NJH6Q, STM32U5F9VIT6Q, STM32U5F9VJT6Q, STM32U5F9ZIJ6QTR, STM32U5F9ZIT6Q, STM32U5F9ZJJ6QTR, STM32U5F9ZJT6Q, STM32U5G7VJT6, STM32U5G7VJT6Q, STM32U5G9BJY6QTR, STM32U5G9J-DK1, STM32U5G9J-DK2, STM32U5G9NJH6Q, STM32U5G9VJT6Q, STM32U5G9ZJJ6QTR, STM32U5G9ZJT6Q, STM32WB05KZV6TR, STM32WB05KZV7TR, STM32WB05TZF6TR, STM32WB05TZF7TR, STM32WB06CCF6TR, STM32WB06CCF7TR, STM32WB06CCV6TR, STM32WB06CCV7TR, STM32WB06KCV6TR, STM32WB06KCV7TR, STM32WB07CCF6TR, STM32WB07CCF7TR, STM32WB07CCV6TR, STM32WB07CCV7TR, STM32WB07KCV6TR, STM32WB07KCV7TR, STM32WB09KEV6TR, STM32WB09KEV7TR, STM32WB09TEF6TR, STM32WB09TEF7TR, STM32WB1MMCH6, STM32WBA50KGU6, STM32WBA50KGU6TR, STM32WBA52CEU6, STM32WBA52CEU6TR, STM32WBA52CEU7, STM32WBA52CEU7TR, STM32WBA52CGU6, STM32WBA52CGU6TR, STM32WBA52CGU6U, STM32WBA52CGU7, STM32WBA52CGU7TR, STM32WBA52KEU6, STM32WBA52KEU6TR, STM32WBA52KGU6, STM32WBA52KGU6TR, STM32WBA54CEU6, STM32WBA54CEU6TR, STM32WBA54CEU7, STM32WBA54CEU7TR, STM32WBA54CGU6, STM32WBA54CGU6TR, STM32WBA54CGU7, STM32WBA54CGU7TR, STM32WBA54KEU6, STM32WBA54KEU6TR, STM32WBA54KEU7, STM32WBA54KEU7TR, STM32WBA54KGU6, STM32WBA54KGU6TR, STM32WBA54KGU7, STM32WBA54KGU7TR, STM32WBA55CEU6, STM32WBA55CEU6TR, STM32WBA55CEU7, STM32WBA55CEU7TR, STM32WBA55CGU6, STM32WBA55CGU6TR, STM32WBA55CGU6U, STM32WBA55CGU7, STM32WBA55CGU7TR, STM32WBA55G-DK1, STM32WBA55HEF6, STM32WBA55HEF7, STM32WBA55HGF6, STM32WBA55HGF7, STM32WBA55UEI6, STM32WBA55UEI6TR, STM32WBA55UEI7, STM32WBA55UEI7TR, STM32WBA55UGI6, STM32WBA55UGI6TR, STM32WBA55UGI7, STM32WBA55UGI7TR, STM32WBA5MMGH6TR, STM32WBA62MGF6, STM32WBA62MIF6, STM32WBA65MGF7, STM32WBA65MIF6, STM32WBA65MIF7, STM32WL30K8V6, STM32WL30KBV6, STM32WL31C8V6, STM32WL31CBV6, STM32WL31K8V6, STM32WL31KBV6, STM32WL33C8V6, STM32WL33C8V6X, STM32WL33CBV6, STM32WL33CBV6X, STM32WL33CCV6, STM32WL33CCV6A, STM32WL33CCV6X, STM32WL33K8V7, STM32WL33K8V7X, STM32WL33KBV7 , STM32WL33KBV7X, STM32WL33KCV7, STM32WL33KCV7X, STM32WL5MOCH6, STM32WL5MOCH6TR]
2025-12-31 08:42:51,123 [INFO] DbMcus:218 - Found 4876 MCUs, 4876 are supported
2025-12-31 08:42:51,125 [INFO] ApiDb:423 - Load user favorites file C:\Users\Admin/.stm32cubeide/favorites.mcus.txt: 0 item(s)
2025-12-31 08:42:51,125 [INFO] ApiDb:427 - User favorites MCUs=[]
2025-12-31 08:42:51,125 [INFO] DbMcus:224 - Set 0 / 0 favorites MCUs
2025-12-31 08:42:52,340 [INFO] BoardInfo:889 - No configuration file found for board P-NUCLEO-WB55
2025-12-31 08:42:52,342 [INFO] DbBoards:161 - Kit is not supported: P-NUCLEO-WB55
2025-12-31 08:42:52,353 [INFO] BoardInfo:889 - No configuration file found for board STEVAL-BFA001V1B
2025-12-31 08:42:52,354 [INFO] DbBoards:161 - Kit is not supported: STEVAL-BFA001V1B
2025-12-31 08:42:52,355 [INFO] BoardInfo:889 - No configuration file found for board STEVAL-BFA001V2B
2025-12-31 08:42:52,357 [INFO] DbBoards:161 - Kit is not supported: STEVAL-BFA001V2B
2025-12-31 08:42:52,762 [INFO] DbBoards:168 - Found 212 boards, 209 are supported
2025-12-31 08:42:52,762 [INFO] DbBoards:169 - Found 212 boards, 43 of them is supported for  Bsp
2025-12-31 08:42:52,782 [INFO] ApiDb:423 - Load user favorites file C:\Users\Admin/.stm32cubeide/favorites.boards.txt: 1 item(s)
2025-12-31 08:42:52,783 [INFO] ApiDb:427 - User favorites Boards=[STM32F407G-DISC1]
2025-12-31 08:42:52,783 [INFO] DbBoards:198 - Set 1 / 1 favorites Boards
2025-12-31 08:42:52,871 [INFO] UtilMem:75 - End LoadConfig() Used Memory: 679109872 Bytes (1073741824)
2025-12-31 08:42:53,142 [WARN] ThirdParty:833 - waiting for thirdparty lock release [change project]
2025-12-31 08:42:53,143 [INFO] ThirdParty:835 - entering critical section [change project]
2025-12-31 08:42:53,144 [INFO] ThirdParty:1030 - CMSIS Pack Vendor :STMicroelectronics X-CUBE-PM33A1 1.0.0
2025-12-31 08:42:53,144 [INFO] ThirdParty:1030 - CMSIS Pack Vendor :STMicroelectronics USBPD 4.1
2025-12-31 08:42:53,144 [INFO] ThirdParty:1030 - CMSIS Pack Vendor :STMicroelectronics X-CUBE-NFC9 1.0.0
2025-12-31 08:42:53,144 [INFO] ThirdParty:1030 - CMSIS Pack Vendor :STMicroelectronics USB_HOST 2.0.0
2025-12-31 08:42:53,145 [INFO] ThirdParty:1030 - CMSIS Pack Vendor :STMicroelectronics FP-SNS-MOTENVWB1 1.4.0
2025-12-31 08:42:53,145 [INFO] ThirdParty:1030 - CMSIS Pack Vendor :STMicroelectronics X-CUBE-AZRTOS-F4 1.1.0
2025-12-31 08:42:53,145 [INFO] ThirdParty:1030 - CMSIS Pack Vendor :STMicroelectronics LIBJPEG 8.0.0
2025-12-31 08:42:53,145 [INFO] ThirdParty:1030 - CMSIS Pack Vendor :STMicroelectronics FP-ATR-ASTRA1 2.0.2
2025-12-31 08:42:53,145 [INFO] ThirdParty:1030 - CMSIS Pack Vendor :STMicroelectronics X-CUBE-BLE1 7.1.0
2025-12-31 08:42:53,145 [INFO] ThirdParty:1030 - CMSIS Pack Vendor :STMicroelectronics X-CUBE-SMBUS 2.1.0
2025-12-31 08:42:53,145 [INFO] ThirdParty:1030 - CMSIS Pack Vendor :STMicroelectronics USB_DEVICE 3.0.0
2025-12-31 08:42:53,145 [INFO] ThirdParty:1030 - CMSIS Pack Vendor :STMicroelectronics X-CUBE-ISPU 2.1.0
2025-12-31 08:42:53,145 [INFO] ThirdParty:1030 - CMSIS Pack Vendor :STMicroelectronics X-CUBE-FREERTOS 1.4.0
2025-12-31 08:42:53,145 [INFO] ThirdParty:1030 - CMSIS Pack Vendor :STMicroelectronics X-CUBE-EEPRMA1 5.2.0
2025-12-31 08:42:53,145 [INFO] ThirdParty:1030 - CMSIS Pack Vendor :STMicroelectronics X-CUBE-IPS 3.2.0
2025-12-31 08:42:53,145 [INFO] ThirdParty:1030 - CMSIS Pack Vendor :STMicroelectronics X-CUBE-BLEMGR 4.1.0
2025-12-31 08:42:53,146 [INFO] ThirdParty:1030 - CMSIS Pack Vendor :STMicroelectronics X-CUBE-AZRTOS-WB 2.0.0
2025-12-31 08:42:53,146 [INFO] ThirdParty:1030 - CMSIS Pack Vendor :Cesanta I-CUBE-Mongoose 7.20.0
2025-12-31 08:42:53,146 [INFO] ThirdParty:1030 - CMSIS Pack Vendor :STMicroelectronics X-CUBE-NFC12 1.0.0
2025-12-31 08:42:53,146 [INFO] ThirdParty:1030 - CMSIS Pack Vendor :STMicroelectronics X-CUBE-AZRTOS-F7 1.1.0
2025-12-31 08:42:53,146 [INFO] ThirdParty:1030 - CMSIS Pack Vendor :STMicroelectronics X-CUBE-AZRTOS-L5 2.0.0
2025-12-31 08:42:53,146 [INFO] ThirdParty:1030 - CMSIS Pack Vendor :STMicroelectronics USB_DEVICE 2.0.0
2025-12-31 08:42:53,146 [INFO] ThirdParty:1030 - CMSIS Pack Vendor :STMicroelectronics X-CUBE-NFC6 3.1.0
2025-12-31 08:42:53,146 [INFO] ThirdParty:1030 - CMSIS Pack Vendor :STMicroelectronics X-CUBE-ST67W61 1.1.0
2025-12-31 08:42:53,146 [INFO] ThirdParty:1030 - CMSIS Pack Vendor :quantropi X-CUBE-qispace-sdk-base 2.1.0
2025-12-31 08:42:53,146 [INFO] ThirdParty:1030 - CMSIS Pack Vendor :STMicroelectronics X-CUBE-MEMS1 12.0.0
2025-12-31 08:42:53,146 [INFO] ThirdParty:1030 - CMSIS Pack Vendor :STMicroelectronics FP-SNS-MOTENV1 5.1.0
2025-12-31 08:42:53,146 [INFO] ThirdParty:1030 - CMSIS Pack Vendor :STMicroelectronics FreeRTOS 0.0.1
2025-12-31 08:42:53,146 [INFO] ThirdParty:1030 - CMSIS Pack Vendor :STMicroelectronics X-CUBE-AZRTOS-G0 1.1.0
2025-12-31 08:42:53,147 [INFO] ThirdParty:1030 - CMSIS Pack Vendor :STMicroelectronics X-CUBE-NFC4 3.0.0
2025-12-31 08:42:53,147 [INFO] ThirdParty:1030 - CMSIS Pack Vendor :STMicroelectronics X-CUBE-SUBG2 5.0.0
2025-12-31 08:42:53,147 [INFO] ThirdParty:1030 - CMSIS Pack Vendor :STMicroelectronics STM32_WPAN 1.0.0
2025-12-31 08:42:53,147 [INFO] ThirdParty:1030 - CMSIS Pack Vendor :EmbeddedOffice I-CUBE-FS-RTOS 1.0.1
2025-12-31 08:42:53,147 [INFO] ThirdParty:1030 - CMSIS Pack Vendor :STMicroelectronics lwIP 2.0.3
2025-12-31 08:42:53,147 [INFO] ThirdParty:1030 - CMSIS Pack Vendor :WES I-CUBE-Cesium 1.4.0
2025-12-31 08:42:53,147 [INFO] ThirdParty:1030 - CMSIS Pack Vendor :STMicroelectronics USB_HOST 1.0.0
2025-12-31 08:42:53,147 [INFO] ThirdParty:1030 - CMSIS Pack Vendor :STMicroelectronics X-CUBE-AZRTOS-G4 2.0.0
2025-12-31 08:42:53,147 [INFO] ThirdParty:1030 - CMSIS Pack Vendor :STMicroelectronics X-CUBE-WB05N 2.0.0
2025-12-31 08:42:53,147 [INFO] ThirdParty:1030 - CMSIS Pack Vendor :STMicroelectronics PDM2PCM 3.1.0
2025-12-31 08:42:53,147 [INFO] ThirdParty:1030 - CMSIS Pack Vendor :STMicroelectronics PDM2PCM 3.3.0
2025-12-31 08:42:53,147 [INFO] ThirdParty:1030 - CMSIS Pack Vendor :STMicroelectronics X-CUBE-AZRTOS-H7 3.4.0
2025-12-31 08:42:53,147 [INFO] ThirdParty:1030 - CMSIS Pack Vendor :STMicroelectronics X-CUBE-DISPLAY 3.0.0
2025-12-31 08:42:53,148 [INFO] ThirdParty:1030 - CMSIS Pack Vendor :STMicroelectronics X-CUBE-NFC7 2.0.0
2025-12-31 08:42:53,148 [INFO] ThirdParty:1030 - CMSIS Pack Vendor :STMicroelectronics X-CUBE-TCPP 4.2.0
2025-12-31 08:42:53,148 [INFO] ThirdParty:1030 - CMSIS Pack Vendor :RealThread X-CUBE-RT-Thread_Nano 4.1.1
2025-12-31 08:42:53,148 [INFO] ThirdParty:1030 - CMSIS Pack Vendor :STMicroelectronics FP-ATR-SIGFOX1 3.2.0
2025-12-31 08:42:53,148 [INFO] ThirdParty:1030 - CMSIS Pack Vendor :STMicroelectronics X-CUBE-NFC10 1.0.0
2025-12-31 08:42:53,148 [INFO] ThirdParty:1030 - CMSIS Pack Vendor :STMicroelectronics HAL Drivers 0.0.0
2025-12-31 08:42:53,148 [INFO] ThirdParty:1030 - CMSIS Pack Vendor :STMicroelectronics MBEDTLS 2.16.2
2025-12-31 08:42:53,148 [INFO] ThirdParty:1030 - CMSIS Pack Vendor :STMicroelectronics X-CUBE-ST60 1.1.0
2025-12-31 08:42:53,148 [INFO] ThirdParty:1030 - CMSIS Pack Vendor :STMicroelectronics X-CUBE-ALS 1.0.2
2025-12-31 08:42:53,148 [INFO] ThirdParty:1030 - CMSIS Pack Vendor :emotas I-CUBE-CANOPEN 1.3.0
2025-12-31 08:42:53,148 [INFO] ThirdParty:1030 - CMSIS Pack Vendor :STMicroelectronics MBEDTLS 2.14.1
2025-12-31 08:42:53,148 [INFO] ThirdParty:1030 - CMSIS Pack Vendor :STMicroelectronics X-CUBE-GNSS1 7.1.0
2025-12-31 08:42:53,148 [INFO] ThirdParty:1030 - CMSIS Pack Vendor :ITTIA_DB I-CUBE-ITTIADB 8.9.0
2025-12-31 08:42:53,148 [INFO] ThirdParty:1030 - CMSIS Pack Vendor :STMicroelectronics X-CUBE-TOUCHGFX 4.26.0
2025-12-31 08:42:53,149 [INFO] ThirdParty:1030 - CMSIS Pack Vendor :STMicroelectronics X-CUBE-STSE01 1.0.0
2025-12-31 08:42:53,149 [INFO] ThirdParty:1030 - CMSIS Pack Vendor :STMicroelectronics FP-SNS-STBOX1 2.1.0
2025-12-31 08:42:53,149 [INFO] ThirdParty:1030 - CMSIS Pack Vendor :STMicroelectronics X-CUBE-AI 10.2.0
2025-12-31 08:42:53,149 [INFO] ThirdParty:1030 - CMSIS Pack Vendor :STMicroelectronics FP-SNS-STAIOTCFT 1.0.0
2025-12-31 08:42:53,149 [INFO] ThirdParty:1030 - CMSIS Pack Vendor :STMicroelectronics ThreadX 1.0.0
2025-12-31 08:42:53,149 [INFO] ThirdParty:1030 - CMSIS Pack Vendor :STMicroelectronics FP-SNS-SMARTAG2 1.2.0
2025-12-31 08:42:53,149 [INFO] ThirdParty:1030 - CMSIS Pack Vendor :STMicroelectronics FP-SNS-FLIGHT1 5.1.0
2025-12-31 08:42:53,149 [INFO] ThirdParty:1030 - CMSIS Pack Vendor :STMicroelectronics X-CUBE-AZRTOS-WL 2.0.0
2025-12-31 08:42:53,149 [INFO] ThirdParty:1030 - CMSIS Pack Vendor :SEGGER I-CUBE-embOS 1.3.1
2025-12-31 08:42:53,149 [INFO] ThirdParty:1030 - CMSIS Pack Vendor :STMicroelectronics X-CUBE-ALGOBUILD 1.4.0
2025-12-31 08:42:53,149 [INFO] ThirdParty:1030 - CMSIS Pack Vendor :STMicroelectronics X-CUBE-DPower 1.3.0
2025-12-31 08:42:53,149 [INFO] ThirdParty:1030 - CMSIS Pack Vendor :STMicroelectronics USB_DEVICE 1.0.0
2025-12-31 08:42:53,149 [INFO] ThirdParty:1030 - CMSIS Pack Vendor :STMicroelectronics X-CUBE-AZRTOS-H7RS 1.2.0
2025-12-31 08:42:53,149 [INFO] ThirdParty:1030 - CMSIS Pack Vendor :STMicroelectronics X-CUBE-AZRTOS-L4 2.0.0
2025-12-31 08:42:53,149 [INFO] ThirdParty:1030 - CMSIS Pack Vendor :STMicroelectronics ThreadX 0.0.2
2025-12-31 08:42:53,149 [INFO] ThirdParty:1030 - CMSIS Pack Vendor :STMicroelectronics lwIP 2.1.2
2025-12-31 08:42:53,150 [INFO] ThirdParty:1030 - CMSIS Pack Vendor :STMicroelectronics X-CUBE-SFXS2LP1 4.0.0
2025-12-31 08:42:53,150 [INFO] ThirdParty:1030 - CMSIS Pack Vendor :STMicroelectronics X-CUBE-BLE2 3.3.0
2025-12-31 08:42:53,150 [INFO] ThirdParty:1030 - CMSIS Pack Vendor :STMicroelectronics X-CUBE-TOF1 3.4.3
2025-12-31 08:42:53,150 [INFO] ThirdParty:1030 - CMSIS Pack Vendor :Infineon AIROC-Wi-Fi-Bluetooth-STM32 1.8.0
2025-12-31 08:42:53,150 [INFO] ThirdParty:1030 - CMSIS Pack Vendor :STMicroelectronics PDM2PCM 3.2.0
2025-12-31 08:42:53,150 [INFO] ThirdParty:841 - exiting critical section [change project]
2025-12-31 08:42:54,048 [INFO] PinOutPanel:1589 - setPackage(No Configuration,No Configuration)
2025-12-31 08:42:54,050 [INFO] PinOutPanel:1589 - setPackage(STM32F407VGTx,LQFP100)
2025-12-31 08:42:54,899 [INFO] UtilMem:75 - Before build in PCC Used Memory: 656001632 Bytes (1073741824)
2025-12-31 08:42:56,687 [INFO] UtilMem:75 - After build in PCC Used Memory: 713673408 Bytes (1073741824)
2025-12-31 08:42:56,761 [INFO] IPUIPlugin:80 - create IPUIPlugin
2025-12-31 08:42:56,761 [INFO] IPUIPlugin:80 - create IPUIPlugin
2025-12-31 08:42:56,761 [INFO] IPUIPlugin:80 - create IPUIPlugin
2025-12-31 08:42:56,761 [INFO] IPUIPlugin:80 - create IPUIPlugin
2025-12-31 08:42:56,761 [INFO] IPUIPlugin:80 - create IPUIPlugin
2025-12-31 08:42:56,761 [INFO] IPUIPlugin:80 - create IPUIPlugin
2025-12-31 08:42:56,762 [INFO] IPUIPlugin:80 - create IPUIPlugin
2025-12-31 08:42:56,762 [INFO] IPUIPlugin:80 - create IPUIPlugin
2025-12-31 08:42:56,762 [INFO] IPUIPlugin:80 - create IPUIPlugin
2025-12-31 08:42:56,762 [INFO] IPUIPlugin:80 - create IPUIPlugin
2025-12-31 08:42:56,763 [INFO] IPUIPlugin:80 - create IPUIPlugin
2025-12-31 08:42:56,763 [INFO] IPUIPlugin:80 - create IPUIPlugin
2025-12-31 08:42:56,763 [INFO] IPUIPlugin:80 - create IPUIPlugin
2025-12-31 08:42:56,763 [INFO] IPUIPlugin:80 - create IPUIPlugin
2025-12-31 08:42:56,763 [INFO] IPUIPlugin:80 - create IPUIPlugin
2025-12-31 08:42:56,763 [INFO] IPUIPlugin:80 - create IPUIPlugin
2025-12-31 08:42:56,764 [INFO] IPUIPlugin:80 - create IPUIPlugin
2025-12-31 08:42:56,764 [INFO] IPUIPlugin:80 - create IPUIPlugin
2025-12-31 08:42:56,764 [INFO] IPUIPlugin:80 - create IPUIPlugin
2025-12-31 08:42:56,764 [INFO] IPUIPlugin:80 - create IPUIPlugin
2025-12-31 08:42:56,765 [INFO] IPUIPlugin:80 - create IPUIPlugin
2025-12-31 08:42:56,765 [INFO] IPUIPlugin:80 - create IPUIPlugin
2025-12-31 08:42:56,765 [INFO] IPUIPlugin:80 - create IPUIPlugin
2025-12-31 08:42:56,766 [INFO] IPUIPlugin:80 - create IPUIPlugin
2025-12-31 08:42:56,766 [INFO] IPUIPlugin:80 - create IPUIPlugin
2025-12-31 08:42:56,766 [INFO] IPUIPlugin:80 - create IPUIPlugin
2025-12-31 08:42:56,767 [INFO] IPUIPlugin:80 - create IPUIPlugin
2025-12-31 08:42:56,767 [INFO] IPUIPlugin:80 - create IPUIPlugin
2025-12-31 08:42:56,768 [INFO] IPUIPlugin:80 - create IPUIPlugin
2025-12-31 08:42:56,768 [INFO] IPUIPlugin:80 - create IPUIPlugin
2025-12-31 08:42:56,768 [INFO] IPUIPlugin:80 - create IPUIPlugin
2025-12-31 08:42:56,768 [INFO] IPUIPlugin:80 - create IPUIPlugin
2025-12-31 08:42:56,769 [INFO] IPUIPlugin:80 - create IPUIPlugin
2025-12-31 08:42:56,769 [INFO] IPUIPlugin:80 - create IPUIPlugin
2025-12-31 08:42:56,770 [INFO] IPUIPlugin:80 - create IPUIPlugin
2025-12-31 08:42:56,770 [INFO] IPUIPlugin:80 - create IPUIPlugin
2025-12-31 08:42:56,770 [INFO] IPUIPlugin:80 - create IPUIPlugin
2025-12-31 08:42:56,771 [INFO] IPUIPlugin:80 - create IPUIPlugin
2025-12-31 08:42:56,771 [INFO] IPUIPlugin:80 - create IPUIPlugin
2025-12-31 08:42:56,771 [INFO] IPUIPlugin:80 - create IPUIPlugin
2025-12-31 08:42:56,772 [INFO] IPUIPlugin:80 - create IPUIPlugin
2025-12-31 08:42:56,772 [INFO] IPUIPlugin:80 - create IPUIPlugin
2025-12-31 08:42:56,773 [INFO] IPUIPlugin:80 - create IPUIPlugin
2025-12-31 08:42:56,773 [INFO] IPUIPlugin:80 - create IPUIPlugin
2025-12-31 08:42:56,773 [INFO] IPUIPlugin:80 - create IPUIPlugin
2025-12-31 08:42:56,775 [INFO] IPUIPlugin:80 - create IPUIPlugin
2025-12-31 08:42:56,776 [INFO] IPUIPlugin:80 - create IPUIPlugin
2025-12-31 08:42:56,777 [INFO] IPUIPlugin:80 - create IPUIPlugin
2025-12-31 08:42:56,778 [INFO] IPUIPlugin:80 - create IPUIPlugin
2025-12-31 08:42:56,778 [INFO] IPUIPlugin:80 - create IPUIPlugin
2025-12-31 08:42:56,779 [INFO] IPUIPlugin:80 - create IPUIPlugin
2025-12-31 08:42:56,779 [INFO] IPUIPlugin:80 - create IPUIPlugin
2025-12-31 08:42:56,780 [INFO] IPUIPlugin:80 - create IPUIPlugin
2025-12-31 08:42:56,780 [INFO] IPUIPlugin:80 - create IPUIPlugin
2025-12-31 08:42:56,781 [INFO] IPUIPlugin:80 - create IPUIPlugin
2025-12-31 08:42:56,781 [INFO] IPUIPlugin:80 - create IPUIPlugin
2025-12-31 08:42:56,782 [INFO] IPUIPlugin:80 - create IPUIPlugin
2025-12-31 08:42:56,783 [INFO] IPUIPlugin:80 - create IPUIPlugin
2025-12-31 08:42:56,890 [INFO] ApiDbMcu:532 - Load IP Config File for PDM2PCM
2025-12-31 08:42:56,910 [WARN] IP:2250 - I2C_Coeff_DF not found: check if there is a RefParameter without a condition.
2025-12-31 08:42:56,910 [WARN] IP:2250 - Analog_Filter not found: check if there is a RefParameter without a condition.
2025-12-31 08:42:57,268 [INFO] CADModel:165 - CPN selected for project levelSTM32F407VGT6
2025-12-31 08:42:57,269 [INFO] CADModel:114 - Register for checkConnection events
2025-12-31 08:42:57,332 [INFO] OpenFileManager:386 - Restore cursor
2025-12-31 08:42:57,681 [WARN] IP:2250 - I2C_Coeff_DF not found: check if there is a RefParameter without a condition.
2025-12-31 08:42:57,681 [WARN] IP:2250 - Analog_Filter not found: check if there is a RefParameter without a condition.
2025-12-31 08:42:57,682 [WARN] IP:2250 - I2C_Coeff_DF not found: check if there is a RefParameter without a condition.
2025-12-31 08:42:57,682 [WARN] IP:2250 - Analog_Filter not found: check if there is a RefParameter without a condition.
2025-12-31 08:45:26,524 [INFO] ADCParametersView:116 -                Rank 1 : false
2025-12-31 08:45:26,706 [INFO] ADCParametersView:116 -                Rank 1 : false
2025-12-31 08:45:26,707 [INFO] ADCParametersView:116 -                Rank 1 : false
2025-12-31 08:45:26,708 [INFO] ADCParametersView:116 -                Rank 1 : false
2025-12-31 08:45:26,709 [INFO] ADCParametersView:116 -                Rank 1 : false
2025-12-31 08:45:26,709 [INFO] ADCParametersView:116 -                Rank 1 : false
2025-12-31 08:45:26,710 [INFO] ADCParametersView:116 -                Rank 1 : false
2025-12-31 08:45:26,710 [INFO] ADCParametersView:116 -                Rank 1 : false
2025-12-31 08:45:26,710 [INFO] ADCParametersView:116 -                Rank 1 : false
2025-12-31 08:45:26,711 [INFO] ADCParametersView:116 -                Rank 1 : false
2025-12-31 08:45:26,711 [INFO] ADCParametersView:116 -                Rank 1 : false
2025-12-31 08:45:26,711 [INFO] ADCParametersView:116 -                Rank 1 : false
2025-12-31 08:45:26,711 [INFO] ADCParametersView:116 -                Rank 1 : false
2025-12-31 08:45:26,711 [INFO] ADCParametersView:116 -                Rank 1 : false
2025-12-31 08:45:26,711 [INFO] ADCParametersView:116 -                Rank 1 : false
2025-12-31 08:45:26,754 [INFO] ADCParametersView:116 -                Rank 1 : false
2025-12-31 08:45:32,631 [INFO] ParamManager:905 - [Generic UI] PropertyChangeEvent: TAB_STATUS_CHANGED , "dont care", "never mind"
2025-12-31 08:45:32,639 [INFO] ADCParametersView:116 -                Rank 1 : false
2025-12-31 08:45:32,639 [INFO] ADCParametersView:116 -                Rank 1 : false
2025-12-31 08:45:32,639 [INFO] ADCParametersView:116 -                Rank 1 : false
2025-12-31 08:45:32,639 [INFO] ADCParametersView:116 -                Rank 1 : false
2025-12-31 08:45:32,640 [INFO] ADCParametersView:116 -                Rank 1 : false
2025-12-31 08:45:32,640 [INFO] ADCParametersView:116 -                Rank 1 : false
2025-12-31 08:45:32,640 [INFO] ADCParametersView:116 -                Rank 1 : false
2025-12-31 08:45:32,640 [INFO] ADCParametersView:116 -                Rank 1 : false
2025-12-31 08:45:32,640 [INFO] ADCParametersView:116 -                Rank 1 : false
2025-12-31 08:45:32,641 [INFO] ADCParametersView:116 -                Rank 1 : false
2025-12-31 08:45:32,641 [INFO] ADCParametersView:116 -                Rank 1 : false
2025-12-31 08:45:32,641 [INFO] ADCParametersView:116 -                Rank 1 : false
2025-12-31 08:45:32,641 [INFO] ADCParametersView:116 -                Rank 1 : false
2025-12-31 08:45:32,641 [INFO] ADCParametersView:116 -                Rank 1 : false
2025-12-31 08:45:32,654 [INFO] ParamManager:905 - [Generic UI] PropertyChangeEvent: TAB_STATUS_CHANGED , "dont care", "never mind"
2025-12-31 08:45:32,661 [INFO] ADCParametersView:116 -                Rank 1 : false
2025-12-31 08:45:32,715 [INFO] ADCParametersView:116 -                Rank 1 : false
2025-12-31 08:45:32,715 [INFO] ADCParametersView:116 -                Rank 1 : false
2025-12-31 08:45:32,715 [INFO] ADCParametersView:116 -                Rank 1 : false
2025-12-31 08:45:32,716 [INFO] ADCParametersView:116 -                Rank 1 : false
2025-12-31 08:45:32,716 [INFO] ADCParametersView:116 -                Rank 1 : false
2025-12-31 08:45:32,716 [INFO] ADCParametersView:116 -                Rank 1 : false
2025-12-31 08:45:32,717 [INFO] ADCParametersView:116 -                Rank 1 : false
2025-12-31 08:45:32,717 [INFO] ADCParametersView:116 -                Rank 1 : false
2025-12-31 08:45:32,717 [INFO] ADCParametersView:116 -                Rank 1 : false
2025-12-31 08:45:32,718 [INFO] ADCParametersView:116 -                Rank 1 : false
2025-12-31 08:45:32,718 [INFO] ADCParametersView:116 -                Rank 1 : false
2025-12-31 08:45:32,718 [INFO] ADCParametersView:116 -                Rank 1 : false
2025-12-31 08:45:32,718 [INFO] ADCParametersView:116 -                Rank 1 : false
2025-12-31 08:45:32,718 [INFO] ADCParametersView:116 -                Rank 1 : false
2025-12-31 08:45:32,749 [INFO] ADCParametersView:116 -                Rank 1 : false
2025-12-31 08:45:32,964 [INFO] NvicIntPanel:101 - NVIC parent = com.st.microxplorer.plugins.ip.nvic.MultiNvicIntPanel[,0,0,0x0,invalid,layout=javax.swing.BoxLayout,alignmentX=0.0,alignmentY=0.0,border=,flags=9,maximumSize=,minimumSize=,preferredSize=]
2025-12-31 08:45:33,188 [INFO] NvicIntPanel:101 - NVIC parent = com.st.microxplorer.plugins.ip.nvic.MultiNvicIntPanel[,0,0,0x0,invalid,layout=javax.swing.BoxLayout,alignmentX=0.0,alignmentY=0.0,border=,flags=9,maximumSize=,minimumSize=,preferredSize=]
2025-12-31 08:45:33,314 [INFO] ADCParametersView:116 -                Rank 1 : false
2025-12-31 08:45:33,315 [INFO] ADCParametersView:116 -                Rank 1 : false
2025-12-31 08:45:33,315 [INFO] ADCParametersView:116 -                Rank 1 : false
2025-12-31 08:45:33,315 [INFO] ADCParametersView:116 -                Rank 1 : false
2025-12-31 08:45:33,315 [INFO] ADCParametersView:116 -                Rank 1 : false
2025-12-31 08:45:33,316 [INFO] ADCParametersView:116 -                Rank 1 : false
2025-12-31 08:45:33,316 [INFO] ADCParametersView:116 -                Rank 1 : false
2025-12-31 08:45:33,316 [INFO] ADCParametersView:116 -                Rank 1 : false
2025-12-31 08:45:33,316 [INFO] ADCParametersView:116 -                Rank 1 : false
2025-12-31 08:45:33,316 [INFO] ADCParametersView:116 -                Rank 1 : false
2025-12-31 08:45:33,316 [INFO] ADCParametersView:116 -                Rank 1 : false
2025-12-31 08:45:33,317 [INFO] ADCParametersView:116 -                Rank 1 : false
2025-12-31 08:45:33,317 [INFO] ADCParametersView:116 -                Rank 1 : false
2025-12-31 08:45:33,317 [INFO] ADCParametersView:116 -                Rank 1 : false
2025-12-31 08:45:33,358 [INFO] ADCParametersView:116 -                Rank 1 : false
2025-12-31 08:45:33,425 [INFO] ADCParametersView:116 -                Rank 1 : false
2025-12-31 08:45:33,425 [INFO] ADCParametersView:116 -                Rank 1 : false
2025-12-31 08:45:33,426 [INFO] ADCParametersView:116 -                Rank 1 : false
2025-12-31 08:45:33,426 [INFO] ADCParametersView:116 -                Rank 1 : false
2025-12-31 08:45:33,426 [INFO] ADCParametersView:116 -                Rank 1 : false
2025-12-31 08:45:33,426 [INFO] ADCParametersView:116 -                Rank 1 : false
2025-12-31 08:45:33,426 [INFO] ADCParametersView:116 -                Rank 1 : false
2025-12-31 08:45:33,427 [INFO] ADCParametersView:116 -                Rank 1 : false
2025-12-31 08:45:33,427 [INFO] ADCParametersView:116 -                Rank 1 : false
2025-12-31 08:45:33,427 [INFO] ADCParametersView:116 -                Rank 1 : false
2025-12-31 08:45:33,427 [INFO] ADCParametersView:116 -                Rank 1 : false
2025-12-31 08:45:33,427 [INFO] ADCParametersView:116 -                Rank 1 : false
2025-12-31 08:45:33,427 [INFO] ADCParametersView:116 -                Rank 1 : false
2025-12-31 08:45:33,428 [INFO] ADCParametersView:116 -                Rank 1 : false
2025-12-31 08:45:33,471 [INFO] ADCParametersView:116 -                Rank 1 : false
2025-12-31 08:45:52,971 [INFO] UtilMem:75 - End SaveConfig() Used Memory: 655657368 Bytes (1073741824)
2025-12-31 08:45:55,556 [INFO] UtilMem:75 - End SaveConfig() Used Memory: 688039792 Bytes (1073741824)
2025-12-31 08:46:04,944 [INFO] UtilMem:75 - End SaveConfig() Used Memory: 776521088 Bytes (1073741824)
2025-12-31 08:46:05,864 [INFO] BlockDiagram:2775 - set Specific Code input for plugin: SYS
2025-12-31 08:46:05,864 [INFO] BlockDiagram:2775 - set Specific Code input for plugin: ADC
2025-12-31 08:46:05,864 [INFO] BlockDiagram:2775 - set Specific Code input for plugin: RCC
2025-12-31 08:46:05,865 [INFO] BlockDiagram:2775 - set Specific Code input for plugin: I2C
2025-12-31 08:46:05,865 [INFO] BlockDiagram:2775 - set Specific Code input for plugin: NVIC
2025-12-31 08:46:05,865 [INFO] BlockDiagram:2775 - set Specific Code input for plugin: GPIO
2025-12-31 08:46:05,867 [INFO] CodeGenerator:892 - code generatio: config db path: C:\ST\STM32CubeIDE_1.19.0\STM32CubeIDE\plugins\com.st.stm32cube.common.mx_6.15.0.202507011659\\db\
2025-12-31 08:46:05,886 [WARN] IP:2250 - I2C_Coeff_DF not found: check if there is a RefParameter without a condition.
2025-12-31 08:46:05,887 [WARN] IP:2250 - Analog_Filter not found: check if there is a RefParameter without a condition.
2025-12-31 08:46:06,178 [INFO] CodeEngine:265 - oldGeneratedFile, D:\project_env\project_demo\MXTmpFiles\license.tmp_save
2025-12-31 08:46:06,944 [INFO] CodeEngine:289 - Generated code: D:\project_env\project_demo\MXTmpFiles\license.tmp
2025-12-31 08:46:07,161 [INFO] CodeEngine:265 - oldGeneratedFile, D:\project_env\project_demo\MXTmpFiles\gpio.tmp_save
2025-12-31 08:46:07,542 [INFO] CodeEngine:289 - Generated code: D:\project_env\project_demo\MXTmpFiles\gpio.tmp
2025-12-31 08:46:07,927 [INFO] CodeEngine:265 - oldGeneratedFile, D:\project_env\project_demo\Core\Src\stm32f4xx_it.c_save
2025-12-31 08:46:08,362 [INFO] CodeEngine:289 - Generated code: D:\project_env\project_demo\Core\Src\stm32f4xx_it.c
2025-12-31 08:46:08,378 [INFO] CodeEngine:265 - oldGeneratedFile, D:\project_env\project_demo\Core\Inc\stm32f4xx_it.h_save
2025-12-31 08:46:08,568 [INFO] CodeEngine:289 - Generated code: D:\project_env\project_demo\Core\Inc\stm32f4xx_it.h
2025-12-31 08:46:08,603 [INFO] CodeEngine:265 - oldGeneratedFile, D:\project_env\project_demo\Core\Src\stm32f4xx_hal_msp.c_save
2025-12-31 08:46:09,016 [INFO] CodeEngine:289 - Generated code: D:\project_env\project_demo\Core\Src\stm32f4xx_hal_msp.c
2025-12-31 08:46:09,025 [INFO] CodeEngine:265 - oldGeneratedFile, D:\project_env\project_demo\MXTmpFiles\system.tmp_save
2025-12-31 08:46:09,125 [INFO] CodeEngine:289 - Generated code: D:\project_env\project_demo\MXTmpFiles\system.tmp
2025-12-31 08:46:09,158 [INFO] CodeEngine:321 - oldGeneratedFile, D:\project_env\project_demo\Core\Inc\stm32f4xx_hal_conf.h_save
2025-12-31 08:46:09,434 [INFO] CodeEngine:345 - Generated code: D:\project_env\project_demo\Core\Inc\stm32f4xx_hal_conf.h
2025-12-31 08:46:09,528 [INFO] ApiDbMcu:532 - Load IP Config File for ADC1
2025-12-31 08:46:09,533 [INFO] ApiDbMcu:532 - Load IP Config File for I2C1
2025-12-31 08:46:09,540 [INFO] ApiDbMcu:532 - Load IP Config File for RCC
2025-12-31 08:46:09,563 [INFO] CodeEngine:265 - oldGeneratedFile, D:\project_env\project_demo\Core\Inc\main.h_save
2025-12-31 08:46:09,853 [INFO] CodeEngine:289 - Generated code: D:\project_env\project_demo\Core\Inc\main.h
2025-12-31 08:46:09,862 [INFO] CodeEngine:265 - oldGeneratedFile, D:\project_env\project_demo\Core\Src\main.c_save
2025-12-31 08:46:10,194 [INFO] CodeEngine:289 - Generated code: D:\project_env\project_demo\Core\Src\main.c
2025-12-31 08:46:10,812 [INFO] ProjectBuilder:3606 - Time for Copy HAL[1] : 281mS.
2025-12-31 08:46:10,821 [INFO] ProjectBuilder:5216 - Project Generator version: 4.7.0-B52
2025-12-31 08:46:10,992 [INFO] ConfigFileManager:1595 - The Die is : DIE413
2025-12-31 08:46:11,017 [INFO] ApiDbMcu:532 - Load IP Config File for FATFS
2025-12-31 08:46:11,043 [INFO] ApiDbMcu:532 - Load IP Config File for FREERTOS
2025-12-31 08:46:11,063 [INFO] ApiDbMcu:532 - Load IP Config File for LIBJPEG
2025-12-31 08:46:11,091 [INFO] ApiDbMcu:532 - Load IP Config File for LWIP
2025-12-31 08:46:11,118 [INFO] ApiDbMcu:532 - Load IP Config File for MBEDTLS
2025-12-31 08:46:11,150 [INFO] ApiDbMcu:532 - Load IP Config File for USB_DEVICE
2025-12-31 08:46:11,175 [INFO] ApiDbMcu:532 - Load IP Config File for USB_HOST
2025-12-31 08:46:12,225 [INFO] LogOutputStream:77 - [STDOUT_REDIRECT] 
2025-12-31 08:46:15,061 [INFO] ProjectBuilder:5496 - Time for Generating toolchain IDE Files: 4239mS.
2025-12-31 08:46:15,063 [INFO] ProjectBuilder:3463 - Time for Copy CMSIS : 1mS.
2025-12-31 08:46:15,066 [INFO] ProjectBuilder:3463 - Time for Copy CMSIS : 0mS.
2025-12-31 10:12:26,843 [INFO] WebApp:194 - Connection lost
2025-12-31 10:13:05,774 [INFO] WebApp:191 - Connection restablished
2025-12-31 10:13:08,394 [INFO] WebApp:194 - Connection lost
2025-12-31 10:13:36,489 [INFO] WebApp:191 - Connection restablished
2025-12-31 10:19:13,537 [ERROR] ConfigurationRetriever:142 - IOException on connection: Connect timed out
2025-12-31 10:19:15,542 [ERROR] ConfigurationRetriever:142 - IOException on connection: Connect timed out
2025-12-31 10:19:17,546 [ERROR] ConfigurationRetriever:142 - IOException on connection: Connect timed out
2025-12-31 10:25:57,491 [INFO] WebApp:194 - Connection lost
2025-12-31 10:49:42,226 [ERROR] ConfigurationRetriever:142 - IOException on connection: sw-center.st.com
2025-12-31 10:49:42,227 [ERROR] ConfigurationRetriever:142 - IOException on connection: sw-center.st.com
2025-12-31 10:49:42,228 [ERROR] ConfigurationRetriever:142 - IOException on connection: sw-center.st.com
2025-12-31 10:51:11,110 [INFO] WebApp:191 - Connection restablished
2025-12-31 10:51:13,017 [INFO] WebApp:194 - Connection lost
2025-12-31 10:51:13,201 [INFO] WebApp:191 - Connection restablished
2025-12-31 10:52:34,535 [INFO] WebApp:194 - Connection lost
2025-12-31 10:52:34,769 [INFO] WebApp:191 - Connection restablished
2025-12-31 10:52:39,665 [ERROR] LogOutputStream:75 - [STDERR_REDIRECT] 
2025-12-31 10:52:58,051 [INFO] Activator:176 - 


2025-12-31 10:52:58,056 [INFO] Activator:177 - !SESSION log4j initialized
2025-12-31 10:53:06,604 [INFO] LogOutputStream:77 - [STDOUT_REDIRECT] 
2025-12-31 10:53:08,588 [INFO] ApplicationProperties:184 - Using Application install path: C:\ST\STM32CubeIDE_1.19.0\STM32CubeIDE\plugins\com.st.stm32cube.common.mx_6.15.0.202507011659
2025-12-31 10:53:08,619 [INFO] DbMcusXml:78 - Set database path to: C:\ST\STM32CubeIDE_1.19.0\STM32CubeIDE\plugins\com.st.stm32cube.common.mx_6.15.0.202507011659\\db\/mcu/
2025-12-31 10:53:08,619 [INFO] ApiDb:274 - Set plugin database path to: C:\ST\STM32CubeIDE_1.19.0\STM32CubeIDE\plugins\com.st.stm32cube.common.mx_6.15.0.202507011659\\db\/plugins/boardmanager/
2025-12-31 10:53:08,619 [WARN] ApiDb:259 - Overriding images path with different value:  => C:\ST\STM32CubeIDE_1.19.0\STM32CubeIDE\plugins\com.st.stm32cube.common.mx_6.15.0.202507011659\\db\/plugins/mcufinder/images/
2025-12-31 10:53:08,629 [INFO] ApiDb:250 - Set database path to: C:\Users\Admin\.stmcufinder\plugins\mcufinder//mcu/
2025-12-31 10:53:08,630 [INFO] DbMcusAds:125 - Set database path to: C:\Users\Admin\.stmcufinder\plugins\mcufinder//mcu/
2025-12-31 10:53:08,635 [INFO] CrossReferenceDbSqlite:203 - Set database path to: C:\Users\Admin\.stmcufinder\plugins\mcufinder//mcu/cs/
2025-12-31 10:53:08,861 [INFO] RulesReader:64 - Compatibility file has been processed (317 Rules)
2025-12-31 10:53:09,009 [INFO] DbMcusXml:78 - Set database path to: C:\ST\STM32CubeIDE_1.19.0\STM32CubeIDE\plugins\com.st.stm32cube.common.mx_6.15.0.202507011659\\db\/mcu/
2025-12-31 10:53:09,009 [INFO] ApiDb:274 - Set plugin database path to: C:\ST\STM32CubeIDE_1.19.0\STM32CubeIDE\plugins\com.st.stm32cube.common.mx_6.15.0.202507011659\\db\/plugins/boardmanager/
2025-12-31 10:53:09,010 [INFO] ApiDb:261 - Set plugin images path to: C:\ST\STM32CubeIDE_1.19.0\STM32CubeIDE\plugins\com.st.stm32cube.common.mx_6.15.0.202507011659\\db\/plugins/mcufinder/images/
2025-12-31 10:53:09,010 [WARN] DbFile:41 - Overriding database path with different value: C:\Users\Admin\.stmcufinder\plugins\mcufinder/ => C:\Users\Admin\.stmcufinder\plugins\mcufinder
2025-12-31 10:53:09,011 [INFO] ApiDb:250 - Set database path to: C:\Users\Admin\.stmcufinder\plugins\mcufinder//mcu/
2025-12-31 10:53:09,011 [WARN] DbFile:41 - Overriding database path with different value: C:\Users\Admin\.stmcufinder\plugins\mcufinder/ => C:\Users\Admin\.stmcufinder\plugins\mcufinder
2025-12-31 10:53:09,011 [INFO] DbMcusAds:125 - Set database path to: C:\Users\Admin\.stmcufinder\plugins\mcufinder//mcu/
2025-12-31 10:53:09,011 [WARN] DbFile:41 - Overriding database path with different value: C:\Users\Admin\.stmcufinder\plugins\mcufinder/ => C:\Users\Admin\.stmcufinder\plugins\mcufinder
2025-12-31 10:53:09,011 [WARN] DbFile:41 - Overriding database path with different value: C:\Users\Admin\.stmcufinder\plugins\mcufinder/ => C:\Users\Admin\.stmcufinder\plugins\mcufinder
2025-12-31 10:53:09,012 [INFO] CrossReferenceDbSqlite:203 - Set database path to: C:\Users\Admin\.stmcufinder\plugins\mcufinder//mcu/cs/
2025-12-31 10:53:09,145 [INFO] MainPanel:274 - HeapMemory: 268435456
2025-12-31 10:53:09,312 [INFO] DbMcusXml:78 - Set database path to: C:\ST\STM32CubeIDE_1.19.0\STM32CubeIDE\plugins\com.st.stm32cube.common.mx_6.15.0.202507011659\\db\/mcu/
2025-12-31 10:53:09,313 [INFO] ApiDb:274 - Set plugin database path to: C:\ST\STM32CubeIDE_1.19.0\STM32CubeIDE\plugins\com.st.stm32cube.common.mx_6.15.0.202507011659\\db\/plugins/boardmanager/
2025-12-31 10:53:09,313 [INFO] ApiDb:261 - Set plugin images path to: C:\ST\STM32CubeIDE_1.19.0\STM32CubeIDE\plugins\com.st.stm32cube.common.mx_6.15.0.202507011659\\db\/plugins/mcufinder/images/
2025-12-31 10:53:09,314 [WARN] DbFile:41 - Overriding database path with different value: C:\Users\Admin\.stmcufinder\plugins\mcufinder/ => C:\Users\Admin\.stmcufinder\plugins\mcufinder
2025-12-31 10:53:09,314 [INFO] ApiDb:250 - Set database path to: C:\Users\Admin\.stmcufinder\plugins\mcufinder//mcu/
2025-12-31 10:53:09,314 [WARN] DbFile:41 - Overriding database path with different value: C:\Users\Admin\.stmcufinder\plugins\mcufinder/ => C:\Users\Admin\.stmcufinder\plugins\mcufinder
2025-12-31 10:53:09,314 [INFO] DbMcusAds:125 - Set database path to: C:\Users\Admin\.stmcufinder\plugins\mcufinder//mcu/
2025-12-31 10:53:09,314 [WARN] DbFile:41 - Overriding database path with different value: C:\Users\Admin\.stmcufinder\plugins\mcufinder/ => C:\Users\Admin\.stmcufinder\plugins\mcufinder
2025-12-31 10:53:09,314 [WARN] DbFile:41 - Overriding database path with different value: C:\Users\Admin\.stmcufinder\plugins\mcufinder/ => C:\Users\Admin\.stmcufinder\plugins\mcufinder
2025-12-31 10:53:09,314 [INFO] CrossReferenceDbSqlite:203 - Set database path to: C:\Users\Admin\.stmcufinder\plugins\mcufinder//mcu/cs/
2025-12-31 10:53:09,341 [INFO] ApplicationProperties:184 - Using Application install path: C:\ST\STM32CubeIDE_1.19.0\STM32CubeIDE\plugins\com.st.stm32cube.common.mx_6.15.0.202507011659
2025-12-31 10:53:09,343 [INFO] PluginManage:196 - Search for loadable plugins [exclusion list=, ]
2025-12-31 10:53:09,345 [INFO] PluginManage:310 - Check plugin analytics
2025-12-31 10:53:09,724 [INFO] AnalyticsPlugin:253 - Accepted Software Licenses: 
2025-12-31 10:53:09,725 [INFO] AnalyticsPlugin:255 - Accepted CMSIS Pack Licenses: 
2025-12-31 10:53:09,725 [INFO] AnalyticsPlugin:257 - Accepted Firmware Licenses: FW.F4.1.28.0
2025-12-31 10:53:09,732 [INFO] PluginManage:359 - Loaded plugin analytics (category:tool,tabindex:-1)
2025-12-31 10:53:09,733 [INFO] PluginManage:310 - Check plugin cadmodel
2025-12-31 10:53:09,740 [INFO] CADModel:105 - Init CAD model plugin
2025-12-31 10:53:09,741 [INFO] PluginManage:359 - Loaded plugin cadmodel (category:power,tabindex:5)
2025-12-31 10:53:09,742 [INFO] PluginManage:310 - Check plugin clock
2025-12-31 10:53:09,760 [INFO] PluginManage:359 - Loaded plugin clock (category:base,tabindex:2)
2025-12-31 10:53:09,760 [INFO] PluginManage:310 - Check plugin ddr
2025-12-31 10:53:09,765 [INFO] PluginManage:359 - Loaded plugin ddr (category:tool,tabindex:6)
2025-12-31 10:53:09,765 [INFO] PluginManage:310 - Check plugin filemanager
2025-12-31 10:53:10,020 [INFO] PluginManage:359 - Loaded plugin filemanager (category:base,tabindex:10)
2025-12-31 10:53:10,020 [INFO] PluginManage:310 - Check plugin ipmanager
2025-12-31 10:53:10,035 [INFO] PluginManage:359 - Loaded plugin ipmanager (category:base,tabindex:5)
2025-12-31 10:53:10,035 [INFO] PluginManage:310 - Check plugin lpbam
2025-12-31 10:53:10,050 [INFO] PluginManage:359 - Loaded plugin lpbam (category:base,tabindex:0)
2025-12-31 10:53:10,050 [INFO] PluginManage:310 - Check plugin memorymap
2025-12-31 10:53:10,071 [INFO] PluginManage:359 - Loaded plugin memorymap (category:base,tabindex:4)
2025-12-31 10:53:10,071 [INFO] PluginManage:310 - Check plugin pinoutandconfiguration
2025-12-31 10:53:10,082 [INFO] PluginManage:359 - Loaded plugin pinoutandconfiguration (category:base,tabindex:1)
2025-12-31 10:53:10,082 [INFO] PluginManage:310 - Check plugin pinoutconfig
2025-12-31 10:53:10,221 [WARN] SupportedApi:132 - Cannot load RTOS API schema: s4s-elt-must-match.1: The content of 'definitions' must match (annotation?, (simpleType | complexType)?, (unique | key | keyref)*)). A problem was found starting at: attribute.
2025-12-31 10:53:10,434 [INFO] PluginManage:359 - Loaded plugin pinoutconfig (category:base,tabindex:0)
2025-12-31 10:53:10,435 [INFO] PluginManage:310 - Check plugin power
2025-12-31 10:53:10,452 [INFO] PluginManage:359 - Loaded plugin power (category:power,tabindex:4)
2025-12-31 10:53:10,452 [INFO] PluginManage:310 - Check plugin projectmanager
2025-12-31 10:53:10,479 [INFO] PluginManage:359 - Loaded plugin projectmanager (category:projectmanager,tabindex:4)
2025-12-31 10:53:10,479 [INFO] PluginManage:310 - Check plugin rif
2025-12-31 10:53:10,493 [INFO] PluginManage:359 - Loaded plugin rif (category:base,tabindex:3)
2025-12-31 10:53:10,494 [INFO] PluginManage:310 - Check plugin thirdparty
2025-12-31 10:53:10,704 [INFO] PluginManage:359 - Loaded plugin thirdparty (category:base,tabindex:-1)
2025-12-31 10:53:10,704 [WARN] IntegrityCheckThread:84 - waiting for thirdparty lock release [integrity check]
2025-12-31 10:53:10,705 [INFO] PluginManage:310 - Check plugin tools
2025-12-31 10:53:10,705 [INFO] IntegrityCheckThread:86 - entering critical section [integrity check]
2025-12-31 10:53:10,706 [INFO] ThirdPartyUpdaterWithRetryManager:70 - Updater plugin not ready yet. [1/15]
2025-12-31 10:53:10,713 [INFO] PluginManage:359 - Loaded plugin tools (category:base,tabindex:7)
2025-12-31 10:53:10,713 [INFO] PluginManage:310 - Check plugin tutovideos
2025-12-31 10:53:11,030 [INFO] PluginManage:359 - Loaded plugin tutovideos (category:base,tabindex:-1)
2025-12-31 10:53:11,030 [INFO] PluginManage:310 - Check plugin updater
2025-12-31 10:53:11,084 [INFO] PluginManage:359 - Loaded plugin updater (category:base,tabindex:12)
2025-12-31 10:53:11,085 [INFO] PluginManage:310 - Check plugin userauth
2025-12-31 10:53:11,094 [INFO] UserAuth:118 - Init User Auth plugin
2025-12-31 10:53:11,096 [INFO] PluginManage:359 - Loaded plugin userauth (category:base,tabindex:14)
2025-12-31 10:53:11,097 [INFO] PluginManage:283 - PluginManage : Loaded plugins [18]
2025-12-31 10:53:11,504 [INFO] PinOutPanel:1589 - setPackage(No Configuration,No Configuration)
2025-12-31 10:53:11,670 [INFO] CADModel:165 - CPN selected for project level
2025-12-31 10:53:11,671 [INFO] CADModel:114 - Register for checkConnection events
2025-12-31 10:53:11,698 [INFO] IPUIPlugin:80 - create IPUIPlugin
2025-12-31 10:53:11,698 [INFO] PluginManager:220 - loadIPPluginJar : add adc
2025-12-31 10:53:11,703 [INFO] IPUIPlugin:80 - create IPUIPlugin
2025-12-31 10:53:11,703 [INFO] PluginManager:220 - loadIPPluginJar : add aes
2025-12-31 10:53:11,708 [INFO] IPUIPlugin:80 - create IPUIPlugin
2025-12-31 10:53:11,708 [INFO] PluginManager:220 - loadIPPluginJar : add can
2025-12-31 10:53:11,711 [INFO] IPUIPlugin:80 - create IPUIPlugin
2025-12-31 10:53:11,711 [INFO] PluginManager:220 - loadIPPluginJar : add comp
2025-12-31 10:53:11,715 [INFO] IPUIPlugin:80 - create IPUIPlugin
2025-12-31 10:53:11,715 [INFO] PluginManager:220 - loadIPPluginJar : add cryp
2025-12-31 10:53:11,720 [INFO] IPUIPlugin:80 - create IPUIPlugin
2025-12-31 10:53:11,720 [INFO] PluginManager:220 - loadIPPluginJar : add ddr_ctrl_phy
2025-12-31 10:53:11,724 [INFO] IPUIPlugin:80 - create IPUIPlugin
2025-12-31 10:53:11,724 [INFO] PluginManager:220 - loadIPPluginJar : add dfsdm
2025-12-31 10:53:11,734 [INFO] IPUIPlugin:80 - create IPUIPlugin
2025-12-31 10:53:11,735 [INFO] PluginManager:220 - loadIPPluginJar : add dma
2025-12-31 10:53:11,739 [INFO] IPUIPlugin:80 - create IPUIPlugin
2025-12-31 10:53:11,739 [INFO] PluginManager:220 - loadIPPluginJar : add dma3
2025-12-31 10:53:11,743 [INFO] IPUIPlugin:80 - create IPUIPlugin
2025-12-31 10:53:11,744 [INFO] PluginManager:220 - loadIPPluginJar : add extmemmanager
2025-12-31 10:53:11,746 [INFO] IPUIPlugin:80 - create IPUIPlugin
2025-12-31 10:53:11,746 [INFO] PluginManager:220 - loadIPPluginJar : add fatfs
2025-12-31 10:53:11,752 [INFO] IPUIPlugin:80 - create IPUIPlugin
2025-12-31 10:53:11,752 [INFO] PluginManager:220 - loadIPPluginJar : add fmc
2025-12-31 10:53:11,760 [INFO] IPUIPlugin:80 - create IPUIPlugin
2025-12-31 10:53:11,761 [INFO] PluginManager:220 - loadIPPluginJar : add freertos
2025-12-31 10:53:11,763 [INFO] IPUIPlugin:80 - create IPUIPlugin
2025-12-31 10:53:11,763 [INFO] PluginManager:220 - loadIPPluginJar : add genericplugin
2025-12-31 10:53:11,766 [INFO] IPUIPlugin:80 - create IPUIPlugin
2025-12-31 10:53:11,766 [INFO] PluginManager:220 - loadIPPluginJar : add gfxmmu
2025-12-31 10:53:11,773 [INFO] IPUIPlugin:80 - create IPUIPlugin
2025-12-31 10:53:11,774 [INFO] PluginManager:220 - loadIPPluginJar : add gic
2025-12-31 10:53:11,780 [INFO] IPUIPlugin:80 - create IPUIPlugin
2025-12-31 10:53:11,780 [INFO] PluginManager:220 - loadIPPluginJar : add gpio
2025-12-31 10:53:11,784 [INFO] IPUIPlugin:80 - create IPUIPlugin
2025-12-31 10:53:11,784 [INFO] PluginManager:220 - loadIPPluginJar : add gtzc
2025-12-31 10:53:11,788 [INFO] IPUIPlugin:80 - create IPUIPlugin
2025-12-31 10:53:11,788 [INFO] PluginManager:220 - loadIPPluginJar : add hash
2025-12-31 10:53:11,792 [INFO] IPUIPlugin:80 - create IPUIPlugin
2025-12-31 10:53:11,793 [INFO] PluginManager:220 - loadIPPluginJar : add i2c
2025-12-31 10:53:11,797 [INFO] IPUIPlugin:80 - create IPUIPlugin
2025-12-31 10:53:11,797 [INFO] PluginManager:220 - loadIPPluginJar : add i2s
2025-12-31 10:53:11,801 [INFO] IPUIPlugin:80 - create IPUIPlugin
2025-12-31 10:53:11,801 [INFO] PluginManager:220 - loadIPPluginJar : add i3c
2025-12-31 10:53:11,810 [INFO] IPUIPlugin:80 - create IPUIPlugin
2025-12-31 10:53:11,810 [INFO] PluginManager:220 - loadIPPluginJar : add ipddr
2025-12-31 10:53:11,820 [INFO] IPUIPlugin:80 - create IPUIPlugin
2025-12-31 10:53:11,820 [INFO] PluginManager:220 - loadIPPluginJar : add linkedlist
2025-12-31 10:53:11,825 [INFO] IPUIPlugin:80 - create IPUIPlugin
2025-12-31 10:53:11,825 [INFO] PluginManager:220 - loadIPPluginJar : add lorawan
2025-12-31 10:53:11,827 [INFO] IPUIPlugin:80 - create IPUIPlugin
2025-12-31 10:53:11,828 [INFO] PluginManager:220 - loadIPPluginJar : add ltdc
2025-12-31 10:53:11,835 [INFO] IPUIPlugin:80 - create IPUIPlugin
2025-12-31 10:53:11,836 [INFO] PluginManager:220 - loadIPPluginJar : add mdma
2025-12-31 10:53:11,840 [INFO] IPUIPlugin:80 - create IPUIPlugin
2025-12-31 10:53:11,840 [INFO] PluginManager:220 - loadIPPluginJar : add nvic
2025-12-31 10:53:11,846 [INFO] IPUIPlugin:80 - create IPUIPlugin
2025-12-31 10:53:11,846 [INFO] PluginManager:220 - loadIPPluginJar : add opamp
2025-12-31 10:53:11,850 [INFO] IPUIPlugin:80 - create IPUIPlugin
2025-12-31 10:53:11,850 [INFO] PluginManager:220 - loadIPPluginJar : add openamp
2025-12-31 10:53:11,855 [INFO] IPUIPlugin:80 - create IPUIPlugin
2025-12-31 10:53:11,855 [INFO] PluginManager:220 - loadIPPluginJar : add pdm2pcm
2025-12-31 10:53:11,865 [INFO] IPUIPlugin:80 - create IPUIPlugin
2025-12-31 10:53:11,870 [INFO] PluginManager:220 - loadIPPluginJar : add plateformsettings
2025-12-31 10:53:11,873 [INFO] IPUIPlugin:80 - create IPUIPlugin
2025-12-31 10:53:11,873 [INFO] PluginManager:220 - loadIPPluginJar : add quadspi
2025-12-31 10:53:11,876 [INFO] IPUIPlugin:80 - create IPUIPlugin
2025-12-31 10:53:11,877 [INFO] PluginManager:220 - loadIPPluginJar : add radio
2025-12-31 10:53:11,882 [INFO] IPUIPlugin:80 - create IPUIPlugin
2025-12-31 10:53:11,882 [INFO] PluginManager:220 - loadIPPluginJar : add resmgrutility
2025-12-31 10:53:11,887 [INFO] IPUIPlugin:80 - create IPUIPlugin
2025-12-31 10:53:11,887 [INFO] PluginManager:220 - loadIPPluginJar : add sai
2025-12-31 10:53:11,890 [INFO] IPUIPlugin:80 - create IPUIPlugin
2025-12-31 10:53:11,891 [INFO] PluginManager:220 - loadIPPluginJar : add spi
2025-12-31 10:53:11,899 [INFO] IPUIPlugin:80 - create IPUIPlugin
2025-12-31 10:53:11,900 [INFO] PluginManager:220 - loadIPPluginJar : add stm32_wpan
2025-12-31 10:53:11,902 [INFO] IPUIPlugin:80 - create IPUIPlugin
2025-12-31 10:53:11,902 [INFO] PluginManager:220 - loadIPPluginJar : add tim
2025-12-31 10:53:11,907 [INFO] IPUIPlugin:80 - create IPUIPlugin
2025-12-31 10:53:11,907 [INFO] PluginManager:220 - loadIPPluginJar : add touchsensing
2025-12-31 10:53:11,911 [INFO] IPUIPlugin:80 - create IPUIPlugin
2025-12-31 10:53:11,911 [INFO] PluginManager:220 - loadIPPluginJar : add tracer_emb
2025-12-31 10:53:11,914 [INFO] IPUIPlugin:80 - create IPUIPlugin
2025-12-31 10:53:11,914 [INFO] PluginManager:220 - loadIPPluginJar : add ts
2025-12-31 10:53:11,917 [INFO] IPUIPlugin:80 - create IPUIPlugin
2025-12-31 10:53:11,917 [INFO] PluginManager:220 - loadIPPluginJar : add tsc
2025-12-31 10:53:11,920 [INFO] IPUIPlugin:80 - create IPUIPlugin
2025-12-31 10:53:11,920 [INFO] PluginManager:220 - loadIPPluginJar : add ucpd
2025-12-31 10:53:11,923 [INFO] IPUIPlugin:80 - create IPUIPlugin
2025-12-31 10:53:11,923 [INFO] PluginManager:220 - loadIPPluginJar : add usart
2025-12-31 10:53:11,928 [INFO] IPUIPlugin:80 - create IPUIPlugin
2025-12-31 10:53:11,928 [INFO] PluginManager:220 - loadIPPluginJar : add usbx
2025-12-31 10:53:12,115 [FATAL] Updater:351 - Updater called before beeing initialized
2025-12-31 10:53:12,177 [INFO] RulesReader:64 - Compatibility file has been processed (317 Rules)
2025-12-31 10:53:12,205 [INFO] RulesReader:64 - Compatibility file has been processed (317 Rules)
2025-12-31 10:53:12,226 [INFO] CADModel:165 - CPN selected for project level
2025-12-31 10:53:12,226 [INFO] CADModel:114 - Register for checkConnection events
2025-12-31 10:53:12,226 [FATAL] Updater:351 - Updater called before beeing initialized
2025-12-31 10:53:12,226 [ERROR] CADModel:125 - Updater not yet initialized, retry later 
2025-12-31 10:53:12,488 [FATAL] Updater:351 - Updater called before beeing initialized
2025-12-31 10:53:12,491 [INFO] CADModel:165 - CPN selected for project level
2025-12-31 10:53:12,491 [INFO] CADModel:114 - Register for checkConnection events
2025-12-31 10:53:12,491 [FATAL] Updater:351 - Updater called before beeing initialized
2025-12-31 10:53:12,491 [ERROR] CADModel:125 - Updater not yet initialized, retry later 
2025-12-31 10:53:12,497 [FATAL] Updater:351 - Updater called before beeing initialized
2025-12-31 10:53:12,679 [FATAL] Updater:351 - Updater called before beeing initialized
2025-12-31 10:53:12,685 [INFO] DbMcusAds:53 - JSON generation date=Tue Dec 16 04:41:46 IST 2025 (1765840306612)
2025-12-31 10:53:12,685 [FATAL] Updater:351 - Updater called before beeing initialized
2025-12-31 10:53:12,734 [WARN] DetailPanel:346 - Failed to get advertising image, set to default
2025-12-31 10:53:12,847 [FATAL] Updater:351 - Updater called before beeing initialized
2025-12-31 10:53:12,849 [FATAL] Updater:351 - Updater called before beeing initialized
2025-12-31 10:53:12,850 [FATAL] Updater:351 - Updater called before beeing initialized
2025-12-31 10:53:12,850 [WARN] DetailPanel:346 - Failed to get advertising image, set to default
2025-12-31 10:53:12,851 [FATAL] Updater:351 - Updater called before beeing initialized
2025-12-31 10:53:12,927 [ERROR] Updater:1198 - MainUpdater not yet initialized. External WinMGr cannot be set.
2025-12-31 10:53:12,930 [INFO] Updater:1134 - Updater Version found : 6.15.0
2025-12-31 10:53:12,949 [INFO] ApplicationProperties:184 - Using Application install path: C:\ST\STM32CubeIDE_1.19.0\STM32CubeIDE\plugins\com.st.stm32cube.common.mx_6.15.0.202507011659
2025-12-31 10:53:13,451 [INFO] MainUpdater:2872 - connection check result : 10
2025-12-31 10:53:13,453 [INFO] MainUpdater:289 - Updater Check For Update Now.
2025-12-31 10:53:13,453 [INFO] MicroXplorer:498 - Change Database Version : DB.6.0.150
2025-12-31 10:53:13,472 [INFO] McuFinderGlobals:63 - Set McuFinder mode to 2 (CubeIDE integrated)
2025-12-31 10:53:13,473 [INFO] UserAuth:171 - activating auth plugin
2025-12-31 10:53:13,479 [INFO] UserAuth:487 - Internet connection configuration mode: 1
2025-12-31 10:53:13,525 [INFO] JxBrowserEngine:152 - Initiate JxBrowser Engine with user profile folder
2025-12-31 10:53:13,707 [WARN] MainUpdater:1193 - Updater busy. Cannot search thirdparties
2025-12-31 10:53:13,707 [INFO] ThirdPartyUpdaterWithRetryManager:96 - Updater plugin is busy. [1/15]
2025-12-31 10:53:13,744 [INFO] CheckServerUpdateThread:120 - End of CheckServer Thread
2025-12-31 10:53:14,606 [INFO] WebApp:169 - Instantiating new browser for Auth
2025-12-31 10:53:15,904 [INFO] WebApp:463 - Apply proxy settings
2025-12-31 10:53:15,905 [INFO] WebApp:548 - Chromium requires no authentication
2025-12-31 10:53:15,921 [INFO] WebApp:491 - Direct internet connection detected
2025-12-31 10:53:15,962 [INFO] WebApp:900 - Register for checkConnection events
2025-12-31 10:53:15,963 [INFO] WebApp:463 - Apply proxy settings
2025-12-31 10:53:15,963 [INFO] WebApp:548 - Chromium requires no authentication
2025-12-31 10:53:15,963 [INFO] WebApp:491 - Direct internet connection detected
2025-12-31 10:53:16,262 [INFO] WebApp:225 - Starting web application
2025-12-31 10:53:16,262 [INFO] WebApp:593 - Web application path used C:\ST\STM32CubeIDE_1.19.0\STM32CubeIDE\plugins\com.st.stm32cube.common.mx_6.15.0.202507011659\db\plugins\mcufinder\reactClient1\index.html
2025-12-31 10:53:16,755 [INFO] WebApp:191 - Connection restablished
2025-12-31 10:53:17,271 [WARN] PackLoader:240 - Cannot read IP mode file for STMicroelectronics.FP-SNS-MOTENVWB1.1.4.0
2025-12-31 10:53:17,291 [WARN] PackLoader:240 - Cannot read IP mode file for STMicroelectronics.FP-ATR-ASTRA1.2.0.2
2025-12-31 10:53:17,312 [WARN] PackLoader:240 - Cannot read IP mode file for STMicroelectronics.X-CUBE-SMBUS.2.1.0
2025-12-31 10:53:17,400 [WARN] PackLoader:240 - Cannot read IP mode file for STMicroelectronics.X-CUBE-AZRTOS-F7.1.1.0
2025-12-31 10:53:17,433 [WARN] PackLoader:240 - Cannot read IP mode file for STMicroelectronics.FP-SNS-MOTENV1.5.1.0
2025-12-31 10:53:17,465 [WARN] PackLoader:240 - Cannot read IP mode file for WES.I-CUBE-Cesium.1.4.0
2025-12-31 10:53:17,550 [WARN] PackLoader:240 - Cannot read IP mode file for STMicroelectronics.X-CUBE-AZRTOS-H7.3.4.0
2025-12-31 10:53:17,579 [WARN] PackLoader:240 - Cannot read IP mode file for STMicroelectronics.X-CUBE-DISPLAY.3.0.0
2025-12-31 10:53:17,612 [WARN] PackLoader:240 - Cannot read IP mode file for STMicroelectronics.X-CUBE-NFC10.1.0.0
2025-12-31 10:53:17,630 [WARN] PackLoader:240 - Cannot read IP mode file for STMicroelectronics.X-CUBE-ST60.1.1.0
2025-12-31 10:53:17,647 [WARN] PackLoader:240 - Cannot read IP mode file for emotas.I-CUBE-CANOPEN.1.3.0
2025-12-31 10:53:17,662 [WARN] PackLoader:240 - Cannot read IP mode file for STMicroelectronics.X-CUBE-GNSS1.7.1.0
2025-12-31 10:53:17,684 [WARN] PackLoader:240 - Cannot read IP mode file for STMicroelectronics.FP-SNS-STBOX1.2.1.0
2025-12-31 10:53:17,703 [WARN] PackLoader:240 - Cannot read IP mode file for STMicroelectronics.FP-SNS-SMARTAG2.1.2.0
2025-12-31 10:53:17,713 [WARN] PackLoader:240 - Cannot read IP mode file for STMicroelectronics.FP-SNS-FLIGHT1.5.1.0
2025-12-31 10:53:17,742 [INFO] LogOutputStream:77 - [STDOUT_REDIRECT] 1 : Invalid condition id : UX_CORESTACK_Condition cause : null
2025-12-31 10:53:17,744 [INFO] LogOutputStream:77 - [STDOUT_REDIRECT] 1 : Invalid condition id : UX_CORESTACK_Condition cause : null
2025-12-31 10:53:17,749 [INFO] LogOutputStream:77 - [STDOUT_REDIRECT] 1 : Invalid condition id : UX_CORESTACK_Condition cause : null
2025-12-31 10:53:17,752 [INFO] LogOutputStream:77 - [STDOUT_REDIRECT] 1 : Invalid condition id : UX_CORESTACK_Condition cause : null
2025-12-31 10:53:17,756 [INFO] LogOutputStream:77 - [STDOUT_REDIRECT] 1 : Invalid condition id : UX_CORESTACK_Condition cause : null
2025-12-31 10:53:17,765 [WARN] PackLoader:240 - Cannot read IP mode file for STMicroelectronics.X-CUBE-AZRTOS-WL.2.0.0
2025-12-31 10:53:17,824 [WARN] PackLoader:240 - Cannot read IP mode file for STMicroelectronics.X-CUBE-AZRTOS-H7RS.1.2.0
2025-12-31 10:53:17,873 [WARN] PackLoader:240 - Cannot read IP mode file for STMicroelectronics.X-CUBE-BLE2.3.3.0
2025-12-31 10:53:17,931 [WARN] PackLoader:240 - Cannot read IP mode file for Infineon.AIROC-Wi-Fi-Bluetooth-STM32.1.8.0
2025-12-31 10:53:17,989 [WARN] PackLoader:240 - Cannot read IP mode file for STMicroelectronics.X-CUBE-NFC9.1.0.0
2025-12-31 10:53:18,006 [WARN] PackLoader:240 - Cannot read IP mode file for STMicroelectronics.X-CUBE-BLE1.7.1.0
2025-12-31 10:53:18,024 [WARN] PackLoader:240 - Cannot read IP mode file for STMicroelectronics.X-CUBE-FREERTOS.1.4.0
2025-12-31 10:53:18,041 [WARN] PackLoader:240 - Cannot read IP mode file for STMicroelectronics.X-CUBE-EEPRMA1.5.2.0
2025-12-31 10:53:18,058 [WARN] PackLoader:240 - Cannot read IP mode file for Cesanta.I-CUBE-Mongoose.7.20.0
2025-12-31 10:53:18,077 [WARN] PackLoader:240 - Cannot read IP mode file for STMicroelectronics.X-CUBE-ST67W61.1.1.0
2025-12-31 10:53:18,266 [WARN] PackLoader:240 - Cannot read IP mode file for STMicroelectronics.X-CUBE-MEMS1.12.0.0
2025-12-31 10:53:18,635 [WARN] PackLoader:240 - Cannot read IP mode file for STMicroelectronics.X-CUBE-AZRTOS-G0.1.1.0
2025-12-31 10:53:18,652 [WARN] PackLoader:240 - Cannot read IP mode file for STMicroelectronics.X-CUBE-NFC4.3.0.0
2025-12-31 10:53:18,682 [WARN] PackLoader:240 - Cannot read IP mode file for EmbeddedOffice.I-CUBE-FS-RTOS.1.0.1
2025-12-31 10:53:18,695 [WARN] PackLoader:240 - Cannot read IP mode file for STMicroelectronics.X-CUBE-WB05N.2.0.0
2025-12-31 10:53:18,711 [WARN] PackLoader:240 - Cannot read IP mode file for STMicroelectronics.X-CUBE-TCPP.4.2.0
2025-12-31 10:53:18,728 [WARN] PackLoader:240 - Cannot read IP mode file for RealThread.X-CUBE-RT-Thread_Nano.4.1.1
2025-12-31 10:53:18,738 [WARN] PackLoader:240 - Cannot read IP mode file for STMicroelectronics.FP-ATR-SIGFOX1.3.2.0
2025-12-31 10:53:18,753 [WARN] PackLoader:240 - Cannot read IP mode file for ITTIA_DB.I-CUBE-ITTIADB.8.9.0
2025-12-31 10:53:18,763 [WARN] PackLoader:240 - Cannot read IP mode file for STMicroelectronics.X-CUBE-AI.10.2.0
2025-12-31 10:53:18,835 [WARN] PackLoader:240 - Cannot read IP mode file for SEGGER.I-CUBE-embOS.1.3.1
2025-12-31 10:53:18,967 [WARN] PackLoader:240 - Cannot read IP mode file for STMicroelectronics.X-CUBE-ALGOBUILD.1.4.0
2025-12-31 10:53:18,980 [WARN] PackLoader:240 - Cannot read IP mode file for STMicroelectronics.X-CUBE-PM33A1.1.0.0
2025-12-31 10:53:19,015 [WARN] PackLoader:240 - Cannot read IP mode file for STMicroelectronics.X-CUBE-AZRTOS-F4.1.1.0
2025-12-31 10:53:19,029 [WARN] PackLoader:240 - Cannot read IP mode file for STMicroelectronics.X-CUBE-ISPU.2.1.0
2025-12-31 10:53:19,058 [WARN] PackLoader:240 - Cannot read IP mode file for STMicroelectronics.X-CUBE-IPS.3.2.0
2025-12-31 10:53:19,092 [WARN] PackLoader:240 - Cannot read IP mode file for STMicroelectronics.X-CUBE-NFC12.1.0.0
2025-12-31 10:53:19,144 [WARN] PackLoader:240 - Cannot read IP mode file for STMicroelectronics.X-CUBE-AZRTOS-L5.2.0.0
2025-12-31 10:53:19,164 [WARN] PackLoader:240 - Cannot read IP mode file for STMicroelectronics.X-CUBE-NFC6.3.1.0
2025-12-31 10:53:19,180 [WARN] PackLoader:240 - Cannot read IP mode file for STMicroelectronics.X-CUBE-TOUCHGFX.4.26.0
2025-12-31 10:53:19,192 [WARN] PackLoader:240 - Cannot read IP mode file for STMicroelectronics.FP-SNS-STAIOTCFT.1.0.0
2025-12-31 10:53:19,207 [WARN] PackLoader:240 - Cannot read IP mode file for STMicroelectronics.X-CUBE-DPower.1.3.0
2025-12-31 10:53:19,247 [WARN] ConditionMgr:438 - getConditionDescription Invalid condition id : LAN8742 Phy interface Condition cause : null
2025-12-31 10:53:19,249 [WARN] PackLoader:240 - Cannot read IP mode file for STMicroelectronics.X-CUBE-AZRTOS-L4.2.0.0
2025-12-31 10:53:19,251 [WARN] ConditionMgr:1044 - genDependencies : Invalid condition id : LAN8742 Phy interface Condition cause : null
2025-12-31 10:53:19,252 [WARN] ConditionMgr:1044 - genDependencies : Invalid condition id : LAN8742 Phy interface Condition cause : null
2025-12-31 10:53:19,253 [WARN] ConditionMgr:1044 - genDependencies : Invalid condition id : LAN8742 Phy interface Condition cause : null
2025-12-31 10:53:19,272 [WARN] PackLoader:240 - Cannot read IP mode file for STMicroelectronics.X-CUBE-SFXS2LP1.4.0.0
2025-12-31 10:53:19,294 [WARN] PackLoader:240 - Cannot read IP mode file for STMicroelectronics.X-CUBE-BLEMGR.4.1.0
2025-12-31 10:53:19,351 [WARN] ConditionMgr:438 - getConditionDescription Invalid condition id : UX DEVICE CLASS RTOS Condition cause : null
2025-12-31 10:53:19,352 [WARN] ConditionMgr:438 - getConditionDescription Invalid condition id : UX DEVICE CLASS RTOS Condition cause : null
2025-12-31 10:53:19,357 [WARN] PackLoader:240 - Cannot read IP mode file for STMicroelectronics.X-CUBE-AZRTOS-WB.2.0.0
2025-12-31 10:53:19,358 [WARN] ConditionMgr:1044 - genDependencies : Invalid condition id : UX DEVICE CLASS RTOS Condition cause : null
2025-12-31 10:53:19,359 [WARN] ConditionMgr:1044 - genDependencies : Invalid condition id : UX DEVICE CLASS RTOS Condition cause : null
2025-12-31 10:53:19,360 [WARN] ConditionMgr:1044 - genDependencies : Invalid condition id : UX DEVICE CLASS RTOS Condition cause : null
2025-12-31 10:53:19,361 [WARN] ConditionMgr:1044 - genDependencies : Invalid condition id : UX DEVICE CLASS RTOS Condition cause : null
2025-12-31 10:53:19,362 [WARN] ConditionMgr:1044 - genDependencies : Invalid condition id : UX DEVICE CLASS RTOS Condition cause : null
2025-12-31 10:53:19,372 [WARN] ConditionMgr:438 - getConditionDescription Invalid condition id : Cortex-A Device cause : null
2025-12-31 10:53:19,432 [WARN] ConditionMgr:1044 - genDependencies : Invalid condition id : Cortex-A Device cause : null
2025-12-31 10:53:19,432 [WARN] ConditionMgr:1044 - genDependencies : Invalid condition id : Cortex-A Device cause : null
2025-12-31 10:53:19,432 [WARN] ConditionMgr:1044 - genDependencies : Invalid condition id : Cortex-A Device cause : null
2025-12-31 10:53:19,455 [WARN] PackLoader:240 - Cannot read IP mode file for STMicroelectronics.X-CUBE-SUBG2.5.0.0
2025-12-31 10:53:19,496 [WARN] PackLoader:240 - Cannot read IP mode file for STMicroelectronics.X-CUBE-AZRTOS-G4.2.0.0
2025-12-31 10:53:19,509 [WARN] PackLoader:240 - Cannot read IP mode file for STMicroelectronics.X-CUBE-NFC7.2.0.0
2025-12-31 10:53:19,519 [WARN] PackLoader:240 - Cannot read IP mode file for STMicroelectronics.X-CUBE-ALS.1.0.2
2025-12-31 10:53:19,533 [WARN] PackLoader:240 - Cannot read IP mode file for STMicroelectronics.X-CUBE-STSE01.1.0.0
2025-12-31 10:53:19,557 [WARN] PackLoader:240 - Cannot read IP mode file for STMicroelectronics.X-CUBE-TOF1.3.4.3
2025-12-31 10:53:19,582 [INFO] ThirdParty:978 - Integrity check success = true
2025-12-31 10:53:19,582 [INFO] IntegrityCheckThread:100 - exiting critical section [integrity check]
2025-12-31 10:53:19,582 [INFO] IntegrityCheckThread:103 - End integrity checks thread
2025-12-31 10:53:20,367 [INFO] McuFinderGlobals:63 - Set McuFinder mode to 2 (CubeIDE integrated)
2025-12-31 10:53:20,372 [INFO] MainUpdater:2872 - connection check result : 10
2025-12-31 10:53:21,140 [INFO] ApiDb:581 - Connected to CubeFinder SQLite database (C:\Users\Admin\.stmcufinder\plugins\mcufinder\mcu\cube-finder-db.db)
2025-12-31 10:53:21,378 [INFO] ApiDb:668 - CubeFinder database Data Model version=2.1
2025-12-31 10:53:21,379 [INFO] ApiDb:669 - CubeFinder database Configuration version=3.0.39
2025-12-31 10:53:21,379 [INFO] ApiDb:670 - CubeFinder database generation date=2025-11-05 (1762334721)
2025-12-31 10:53:21,379 [INFO] ApiDb:671 - CubeFinder database FW Pack versions=[FP-ATR-ASTRA1_V2.0.0, FP-SNS-FLIGHT1_V5.1.0, FP-SNS-MOTENV1_V5.1.0, FP-SNS-MOTENVWB1_V1.4.0, FP-SNS-SMARTAG2_V1.2.0, FP-SNS-STBOX1_V2.1.0, STM32Cube_FW_C0_V1.4.0, STM32Cube_FW_F4_V1.28.3, STM32Cube_FW_F7_V1.17.4, STM32Cube_FW_G0_V1.6.2, STM32Cube_FW_G4_V1.6.1, STM32Cube_FW_H5_V1.5.1, STM32Cube_FW_H7RS_V1.3.0, STM32Cube_FW_H7_V1.12.1, STM32Cube_FW_L0_V1.12.2, STM32Cube_FW_L4_V1.18.1, STM32Cube_FW_L5_V1.6.0, STM32Cube_FW_N6_V1.3.0, STM32Cube_FW_U0_V1.3.0, STM32Cube_FW_U3_V1.2.1, STM32Cube_FW_U5_V1.8.0, STM32Cube_FW_WB0_V1.4.0, STM32Cube_FW_WBA_V1.8.0, STM32Cube_FW_WB_V1.24.0, STM32Cube_FW_WL3_V1.3.0, STM32Cube_FW_WL_V1.4.0, X-CUBE-ALGOBUILD_V1.4.0, X-CUBE-ALS_V1.0.2, X-CUBE-AZRTOS-F4_V1.1.0, X-CUBE-AZRTOS-F7_V1.1.0, X-CUBE-AZRTOS-G0_V1.1.0, X-CUBE-AZRTOS-G4_V2.0.0, X-CUBE-AZRTOS-H7RS_V1.1.0, X-CUBE-AZRTOS-H7_V3.4.0, X-CUBE-AZRTOS-L4_V2.0.0, X-CUBE-AZRTOS-L5_V2.0.0, X-CUBE-AZRTOS-WB_V2.0.0, X-CUBE-AZRTOS-WL_V2.0.0, X-CUBE-BLE1_V7.1.0, X-CUBE-BLE2_V3.3.0, X-CUBE-BLEMGR_V4.1.0, X-CUBE-EEPRMA1_V5.2.0, X-CUBE-FREERTOS_V1.3.1, X-CUBE-GNSS1_V6.0.0, X-CUBE-MEMS1_V11.3.0, X-CUBE-NFC4_V3.0.0, X-CUBE-NFC7_V2.0.0, X-CUBE-SFXS2LP1_V4.0.0, X-CUBE-ST67W61_V1.1.0, X-CUBE-SUBG2_V5.0.0, X-CUBE-TOF1_V3.4.3]
2025-12-31 10:53:25,800 [INFO] ApiDb:240 - Found 880 in-development CPN: [B-G473E-ZEST1S, B-WB1M-WPAN1, B-WBA5M-WPAN, B-WL5M-SUBG1, NUCLEO-C031C6, NUCLEO-C051C8, NUCLEO-C071RB, NUCLEO-C092RC, NUCLEO-H503RB, NUCLEO-H533RE, NUCLEO-H563ZI, NUCLEO-H7S3L8, NUCLEO-N657X0-Q, NUCLEO-U031R8, NUCLEO-U083RC, NUCLEO-U385RG-Q, NUCLEO-U545RE-Q, NUCLEO-U5A5ZJ-Q, NUCLEO-WB05KZ, NUCLEO-WB07CC, NUCLEO-WB09KE, NUCLEO-WBA52CG, NUCLEO-WBA55CG, NUCLEO-WL33CC1, NUCLEO-WL33CC2, STEVAL-PROTEUS1, STEVAL-SMARTAG2, STEVAL-STWINBX1, STM320518-EVAL, STM32C0116-DK, STM32C011D6Y3TR, STM32C011D6Y6TR, STM32C011F4P3, STM32C011F4P6, STM32C011F4U3, STM32C011F4U6TR, STM32C011F6P3, STM32C011F6P6, STM32C011F6U3, STM32C011F6U6TR, STM32C011J4M3, STM32C011J4M6, STM32C011J6M3, STM32C011J6M6, STM32C0316-DK, STM32C031C4T3, STM32C031C4T6, STM32C031C4U3, STM32C031C4U6, STM32C031C6T3, STM32C031C6T6, STM32C031C6U3, STM32C031C6U6, STM32C031F4P3, STM32C031F4P6, STM32C031F6P3, STM32C031F6P6, STM32C031G4U3, STM32C031G4U6, STM32C031G6U3, STM32C031G6U6, STM32C031K4T3, STM32C031K4T6, STM32C031K4U3, STM32C031K4U6, STM32C031K6T3, STM32C031K6T6, STM32C031K6U3, STM32C031K6U6, STM32C051C6T6, STM32C051C6U6, STM32C051C8T6, STM32C051C8U6, STM32C051D8Y6TR, STM32C051F6P6, STM32C051F8P6, STM32C051G6U6, STM32C051G8U6, STM32C051K6T6, STM32C051K6U6, STM32C051K8T6, STM32C071C8T6, STM32C071C8T6N, STM32C071C8U6, STM32C071C8U6N, STM32C071CBT6, STM32C071CBT6N, STM32C071CBU6, STM32C071CBU6N, STM32C071F8P6, STM32C071F8P6N, STM32C071FBP6, STM32C071FBP6N, STM32C071FBY6TR, STM32C071G8U6, STM32C071G8U6N, STM32C071GBU6, STM32C071GBU6N, STM32C071K8T6, STM32C071K8T6N, STM32C071K8U6, STM32C071K8U6N, STM32C071KBT6, STM32C071KBT6N, STM32C071KBU6, STM32C071KBU6N, STM32C071R8T6, STM32C071R8T6N, STM32C071RBI6N, STM32C071RBT6, STM32C071RBT6N, STM32C091CBT6, STM32C091CBU6, STM32C091CCT6, STM32C091CCU6, STM32C091ECY6TR, STM32C091FBP6, STM32C091FCP6, STM32C091GBU6, STM32C091GCU6, STM32C091KBT6, STM32C091KBU6, STM32C091KCT6, STM32C091KCU6, STM32C091RBT6, STM32C091RCI6, STM32C091RCT6, STM32C092CBT6, STM32C092CBU6, STM32C092CCT6, STM32C092CCU6, STM32C092ECY6TR, STM32C092FBP6, STM32C092FCP6, STM32C092GBU6, STM32C092GCU6, STM32C092KBT6, STM32C092KBU6, STM32C092KCT6, STM32C092KCU6, STM32C092RBT6, STM32C092RCI6, STM32C092RCT6, STM32G071K8TXN, STM32G071K8UXN, STM32G081GBU6N, STM32G081KBT6N, STM32G081KBUXN, STM32G0B1CCT6N, STM32G0B1KCT6, STM32G0B1NEY6TR, STM32G0B1RCT6N, STM32G0C1CCT6, STM32G0C1CCT6N, STM32G0C1CCU6N, STM32G0C1CET6N, STM32G0C1CEU6N, STM32G0C1KCT6, STM32G0C1NEY6TR, STM32G0C1RCI6N, STM32G0C1RCT6N, STM32G0C1REI6N, STM32G0C1RET6N, STM32G0C1VCI6, STM32G0C1VEI6, STM32G411C6T3, STM32G411C6T6, STM32G411C6U3, STM32G411C6U6, STM32G411C8T3, STM32G411C8T6, STM32G411C8U3, STM32G411C8U6, STM32G411CBT3, STM32G411CBT6, STM32G411CBU3, STM32G411CBU6, STM32G411K6T3, STM32G411K6T6, STM32G411K6U3, STM32G411K6U6, STM32G411K8T3, STM32G411K8T6, STM32G411K8U3, STM32G411K8U6, STM32G411KBT3, STM32G411KBT6, STM32G411KBU3, STM32G411KBU6, STM32G411M6T3, STM32G411M6T6, STM32G411M8T3, STM32G411M8T6, STM32G411MBT3, STM32G411MBT6, STM32G411R6T3, STM32G411R6T6, STM32G411R8T3, STM32G411R8T6, STM32G411RBT3, STM32G411RBT6, STM32G414CBT3, STM32G414CBT6, STM32G414CBU3, STM32G414CBU6, STM32G414CCT3, STM32G414CCT6, STM32G414CCU3, STM32G414CCU6, STM32G414MBT3, STM32G414MBT6, STM32G414MCT3, STM32G414MCT6, STM32G414RBT3, STM32G414RBT6, STM32G414RCT3, STM32G414RCT6, STM32G414VBT3, STM32G414VBT6, STM32G414VCT3, STM32G414VCT6, STM32G431CBT3Z, STM32G431RBT3Z, STM32G471CCT6, STM32G471CCU6, STM32G471CET3, STM32G471CET6, STM32G471CEU3, STM32G471CEU6, STM32G471MCT6, STM32G471MET3, STM32G471MET6, STM32G471MEY6TR, STM32G471QCT6, STM32G471QET3, STM32G471RCT6, STM32G471RET3, STM32G471RET6, STM32G471VCH6, STM32G471VCI6, STM32G471VCT6, STM32G471VEH3, STM32G471VEH6, STM32G471VEI3, STM32G471VEI6, STM32G471VET3, STM32G471VET6, STM32G473QET3Z, STM32G473RET3Z, STM32G474CCT6, STM32G491RET3Z, STM32H503CBT6, STM32H503CBU6, STM32H503EBY6TR, STM32H503KBU6, STM32H503RBT6, STM32H523CCT6, STM32H523CCU6, STM32H523CET6, STM32H523CEU6, STM32H523HEY6TR, STM32H523RCT6, STM32H523RET6, STM32H523VCI6, STM32H523VCT6, STM32H523VEI6, STM32H523VET6, STM32H523ZCJ6, STM32H523ZCT6, STM32H523ZEJ6, STM32H523ZET6, STM32H533CET6, STM32H533CEU6, STM32H533HEY6TR, STM32H533RET6, STM32H533VEI6, STM32H533VET6, STM32H533ZEJ6, STM32H533ZET6, STM32H562AGI6, STM32H562AII6, STM32H562IGK6, STM32H562IGT6, STM32H562IIK6, STM32H562IIT6, STM32H562RGT6, STM32H562RGV6, STM32H562RIT6, STM32H562RIV6, STM32H562VGT6, STM32H562VIT6, STM32H562ZGT6, STM32H562ZIT6, STM32H563AGI6, STM32H563AII3Q, STM32H563AII6, STM32H563IGK6, STM32H563IGT6, STM32H563IIK3Q, STM32H563IIK6, STM32H563IIT3Q, STM32H563IIT6, STM32H563MIY3QTR, STM32H563RGT6, STM32H563RGV6, STM32H563RIT6, STM32H563RIV6, STM32H563VGT6, STM32H563VIT3Q, STM32H563VIT6, STM32H563ZGT6, STM32H563ZIT3Q, STM32H563ZIT6, STM32H573AII3Q, STM32H573AII6, STM32H573I-DK, STM32H573IIK3Q, STM32H573IIK6, STM32H573IIT3Q, STM32H573IIT6, STM32H573MIY3QTR, STM32H573RIT6, STM32H573RIV6, STM32H573VIT3Q, STM32H573VIT6, STM32H573ZIT3Q, STM32H573ZIT6, STM32H7R3A8I6, STM32H7R3I8K6, STM32H7R3I8T6, STM32H7R3L8H6, STM32H7R3L8H6H, STM32H7R3R8V6, STM32H7R3V8H6, STM32H7R3V8T6, STM32H7R3V8Y6TR, STM32H7R3Z8J6, STM32H7R3Z8T6, STM32H7R7A8I6, STM32H7R7I8K6, STM32H7R7I8T6, STM32H7R7L8H6, STM32H7R7L8H6H, STM32H7R7Z8J6, STM32H7S3A8I6, STM32H7S3I8K6, STM32H7S3I8T6, STM32H7S3L8H6, STM32H7S3L8H6H, STM32H7S3R8V6, STM32H7S3V8H6, STM32H7S3V8T6, STM32H7S3V8Y6TR, STM32H7S3Z8J6, STM32H7S3Z8T6, STM32H7S78-DK, STM32H7S7A8I6, STM32H7S7I8K6, STM32H7S7I8T6, STM32H7S7L8H6, STM32H7S7L8H6H, STM32H7S7Z8J6, STM32L4R5QGI6STR, STM32MP131AAE3, STM32MP131AAF3, STM32MP131AAG3, STM32MP131CAE3, STM32MP131CAF3, STM32MP131CAG3, STM32MP131DAE7, STM32MP131DAF7, STM32MP131DAG7, STM32MP131FAE7, STM32MP131FAF7, STM32MP131FAG7, STM32MP133AAE3, STM32MP133AAF3, STM32MP133AAG3, STM32MP133CAE3, STM32MP133CAF3, STM32MP133CAG3, STM32MP133DAE7, STM32MP133DAF7, STM32MP133DAG7, STM32MP133FAE7, STM32MP133FAF7, STM32MP133FAG7, STM32MP135AAE3, STM32MP135AAF3, STM32MP135AAG3, STM32MP135CAE3, STM32MP135CAF3, STM32MP135CAG3, STM32MP135DAE7, STM32MP135DAF7, STM32MP135DAG7, STM32MP135F-DK, STM32MP135FAE7, STM32MP135FAF7, STM32MP135FAF7T, STM32MP135FAF7U, STM32MP135FAG7, STM32MP211AAL3, STM32MP211AAM3, STM32MP211AAN3, STM32MP211AAO3, STM32MP211CAL3, STM32MP211CAM3, STM32MP211CAN3, STM32MP211CAO3, STM32MP211DAL3, STM32MP211DAM3, STM32MP211DAN3, STM32MP211DAO3, STM32MP211FAL3, STM32MP211FAM3, STM32MP211FAN3, STM32MP211FAO3, STM32MP213AAL3, STM32MP213AAM3, STM32MP213AAN3, STM32MP213AAO3, STM32MP213CAL3, STM32MP213CAM3, STM32MP213CAN3, STM32MP213CAO3, STM32MP213DAL3, STM32MP213DAM3, STM32MP213DAN3, STM32MP213DAO3, STM32MP213FAL3, STM32MP213FAM3, STM32MP213FAN3, STM32MP213FAO3, STM32MP215AAL3, STM32MP215AAM3, STM32MP215AAN3, STM32MP215AAO3, STM32MP215CAL3, STM32MP215CAM3, STM32MP215CAN3, STM32MP215CAO3, STM32MP215DAL3, STM32MP215DAM3, STM32MP215DAN3, STM32MP215DAO3, STM32MP215F-DK, STM32MP215FAL3, STM32MP215FAM3, STM32MP215FAN3, STM32MP215FAO3, STM32MP231AAJ3, STM32MP231AAK3, STM32MP231AAL3, STM32MP231CAJ3, STM32MP231CAK3, STM32MP231CAL3, STM32MP231DAJ3, STM32MP231DAK3, STM32MP231DAL3, STM32MP231FAJ3, STM32MP231FAK3, STM32MP231FAL3, STM32MP233AAJ3, STM32MP233AAK3, STM32MP233AAL3, STM32MP233CAJ3, STM32MP233CAK3, STM32MP233CAL3, STM32MP233DAJ3, STM32MP233DAK3, STM32MP233DAL3, STM32MP233FAJ3, STM32MP233FAK3, STM32MP233FAL3, STM32MP235AAJ3, STM32MP235AAK3, STM32MP235AAL3, STM32MP235CAJ3, STM32MP235CAK3, STM32MP235CAL3, STM32MP235DAJ3, STM32MP235DAK3, STM32MP235DAL3, STM32MP235FAJ3, STM32MP235FAK3, STM32MP235FAL3, STM32MP251AAI3, STM32MP251AAK3, STM32MP251AAL3, STM32MP251CAI3, STM32MP251CAK3, STM32MP251CAL3, STM32MP251DAI3, STM32MP251DAK3, STM32MP251DAL3, STM32MP251FAI3, STM32MP251FAK3, STM32MP251FAL3, STM32MP253AAI3, STM32MP253AAK3, STM32MP253AAL3, STM32MP253CAI3, STM32MP253CAK3, STM32MP253CAL3, STM32MP253DAI3, STM32MP253DAK3, STM32MP253DAL3, STM32MP253FAI3, STM32MP253FAK3, STM32MP253FAL3, STM32MP255AAI3, STM32MP255AAK3, STM32MP255AAL3, STM32MP255CAI3, STM32MP255CAK3, STM32MP255CAL3, STM32MP255DAI3, STM32MP255DAK3, STM32MP255DAL3, STM32MP255FAI3, STM32MP255FAK3, STM32MP255FAL3, STM32MP257AAI3, STM32MP257AAK3, STM32MP257AAL3, STM32MP257CAI3, STM32MP257CAK3, STM32MP257CAL3, STM32MP257DAI3, STM32MP257DAK3, STM32MP257DAL3, STM32MP257F-DK, STM32MP257F-EV1, STM32MP257FAI3, STM32MP257FAK3, STM32MP257FAL3, STM32N645A0H3Q, STM32N645B0H3Q, STM32N645I0H3Q, STM32N645L0H3Q, STM32N645X0H3Q, STM32N645Z0H3Q, STM32N647A0H3Q, STM32N647B0H3Q, STM32N647I0H3Q, STM32N647L0H3Q, STM32N647X0H3Q, STM32N647Z0H3Q, STM32N655A0H3Q, STM32N655B0H3Q, STM32N655I0H3Q, STM32N655L0H3Q, STM32N655X0H3Q, STM32N655Z0H3Q, STM32N6570-DK, STM32N657A0H3Q, STM32N657B0H3Q, STM32N657I0H3Q, STM32N657L0H3Q, STM32N657X0H3Q, STM32N657Z0H3Q, STM32U031C6T6, STM32U031C6U6, STM32U031C8T6, STM32U031C8U6, STM32U031F4P6, STM32U031F6P6, STM32U031F8P6, STM32U031G6Y6TR, STM32U031G8Y6TR, STM32U031K4U6, STM32U031K6U6, STM32U031K8U6, STM32U031R6I6, STM32U031R6T6, STM32U031R8I6, STM32U031R8T6, STM32U073C8T6, STM32U073C8U6, STM32U073CBT6, STM32U073CBU6, STM32U073CCT6, STM32U073CCU6, STM32U073H8Y6TR, STM32U073HBY6TR, STM32U073HCY6TR, STM32U073K8U6, STM32U073KBU6, STM32U073KCU6, STM32U073M8I6, STM32U073M8T6, STM32U073MBI6, STM32U073MBT6, STM32U073MCI6, STM32U073MCT6, STM32U073R8I6, STM32U073R8T6, STM32U073RBI6, STM32U073RBT6, STM32U073RCI6, STM32U073RCT6, STM32U083C-DK, STM32U083CCT6, STM32U083CCU6, STM32U083HCY6TR, STM32U083KCU6, STM32U083MCI6, STM32U083MCT6, STM32U083RCI6, STM32U083RCT6, STM32U375CET6, STM32U375CET6Q, STM32U375CEU6, STM32U375CEU6Q, STM32U375CEY6QTR, STM32U375CGT6, STM32U375CGT6Q, STM32U375CGU6, STM32U375CGU6Q, STM32U375CGY6QTR, STM32U375KEU6, STM32U375KGU6, STM32U375REI6, STM32U375REI6Q, STM32U375RET6, STM32U375RET6Q, STM32U375REY6GTR, STM32U375REY6QTR, STM32U375RGI6, STM32U375RGI6Q, STM32U375RGT6, STM32U375RGT6Q, STM32U375RGY6GTR, STM32U375RGY6QTR, STM32U375VEI6, STM32U375VEI6Q, STM32U375VET6, STM32U375VET6Q, STM32U375VGI6, STM32U375VGI6Q, STM32U375VGT6, STM32U375VGT6Q, STM32U385CGT6, STM32U385CGT6Q, STM32U385CGU6, STM32U385CGU6Q, STM32U385CGY6QTR, STM32U385KGU6, STM32U385RGI6, STM32U385RGI6Q, STM32U385RGT6, STM32U385RGT6Q, STM32U385RGY6GTR, STM32U385RGY6QTR, STM32U385VGI6, STM32U385VGI6Q, STM32U385VGT6, STM32U385VGT6Q, STM32U535CBT6, STM32U535CBT6Q, STM32U535CBU6, STM32U535CBU6Q, STM32U535CCT6, STM32U535CCT6Q, STM32U535CCU6, STM32U535CCU6Q, STM32U535CET6, STM32U535CET6Q, STM32U535CEU6, STM32U535CEU6Q, STM32U535JEY6QTR, STM32U535NCY6QTR, STM32U535NEY6QTR, STM32U535RBI6, STM32U535RBI6Q, STM32U535RBT6, STM32U535RBT6Q, STM32U535RCI6, STM32U535RCI6Q, STM32U535RCT6, STM32U535RCT6Q, STM32U535REI6, STM32U535REI6Q, STM32U535RET6, STM32U535RET6Q, STM32U535VCI6, STM32U535VCI6Q, STM32U535VCT6, STM32U535VCT6Q, STM32U535VEI6, STM32U535VEI6Q, STM32U535VET6, STM32U535VET6Q, STM32U545CET6, STM32U545CET6Q, STM32U545CEU6, STM32U545CEU6Q, STM32U545JEY6QTR, STM32U545NEY6QTR, STM32U545REI6, STM32U545REI6Q, STM32U545RET6, STM32U545RET6Q, STM32U545VEI6, STM32U545VEI6Q, STM32U545VET6, STM32U545VET6Q, STM32U595AIH6, STM32U595AIH6Q, STM32U595AJH6, STM32U595AJH6Q, STM32U595QII6, STM32U595QII6Q, STM32U595QJI6, STM32U595QJI6Q, STM32U595RIT6, STM32U595RIT6Q, STM32U595RJT6, STM32U595RJT6Q, STM32U595VIT6, STM32U595VIT6Q, STM32U595VJT6, STM32U595VJT6Q, STM32U595ZIT6, STM32U595ZIT6Q, STM32U595ZIY6QTR, STM32U595ZJT6, STM32U595ZJT6Q, STM32U595ZJY6QTR, STM32U599BJY6QTR, STM32U599NIH6Q, STM32U599NJH6Q, STM32U599VIT6Q, STM32U599VJT6, STM32U599VJT6Q, STM32U599ZIT6Q, STM32U599ZIY6QTR, STM32U599ZJT6Q, STM32U599ZJY6QTR, STM32U5A5AJH6, STM32U5A5AJH6Q, STM32U5A5QII3Q , STM32U5A5QJI6, STM32U5A5QJI6Q, STM32U5A5RJT6, STM32U5A5RJT6Q, STM32U5A5VJT6, STM32U5A5VJT6Q, STM32U5A5ZJT6, STM32U5A5ZJT6Q, STM32U5A5ZJY6QTR, STM32U5A9BJY6QTR, STM32U5A9J-DK, STM32U5A9NJH6Q, STM32U5A9VJT6Q, STM32U5A9ZJT6Q, STM32U5A9ZJY6QTR, STM32U5F7VIT6, STM32U5F7VIT6Q, STM32U5F7VJT6, STM32U5F7VJT6Q, STM32U5F9BJY6QTR, STM32U5F9NJH6Q, STM32U5F9VIT6Q, STM32U5F9VJT6Q, STM32U5F9ZIJ6QTR, STM32U5F9ZIT6Q, STM32U5F9ZJJ6QTR, STM32U5F9ZJT6Q, STM32U5G7VJT6, STM32U5G7VJT6Q, STM32U5G9BJY6QTR, STM32U5G9J-DK1, STM32U5G9J-DK2, STM32U5G9NJH6Q, STM32U5G9VJT6Q, STM32U5G9ZJJ6QTR, STM32U5G9ZJT6Q, STM32WB05KZV6TR, STM32WB05KZV7TR, STM32WB05TZF6TR, STM32WB05TZF7TR, STM32WB06CCF6TR, STM32WB06CCF7TR, STM32WB06CCV6TR, STM32WB06CCV7TR, STM32WB06KCV6TR, STM32WB06KCV7TR, STM32WB07CCF6TR, STM32WB07CCF7TR, STM32WB07CCV6TR, STM32WB07CCV7TR, STM32WB07KCV6TR, STM32WB07KCV7TR, STM32WB09KEV6TR, STM32WB09KEV7TR, STM32WB09TEF6TR, STM32WB09TEF7TR, STM32WB1MMCH6, STM32WBA50KGU6, STM32WBA50KGU6TR, STM32WBA52CEU6, STM32WBA52CEU6TR, STM32WBA52CEU7, STM32WBA52CEU7TR, STM32WBA52CGU6, STM32WBA52CGU6TR, STM32WBA52CGU6U, STM32WBA52CGU7, STM32WBA52CGU7TR, STM32WBA52KEU6, STM32WBA52KEU6TR, STM32WBA52KGU6, STM32WBA52KGU6TR, STM32WBA54CEU6, STM32WBA54CEU6TR, STM32WBA54CEU7, STM32WBA54CEU7TR, STM32WBA54CGU6, STM32WBA54CGU6TR, STM32WBA54CGU7, STM32WBA54CGU7TR, STM32WBA54KEU6, STM32WBA54KEU6TR, STM32WBA54KEU7, STM32WBA54KEU7TR, STM32WBA54KGU6, STM32WBA54KGU6TR, STM32WBA54KGU7, STM32WBA54KGU7TR, STM32WBA55CEU6, STM32WBA55CEU6TR, STM32WBA55CEU7, STM32WBA55CEU7TR, STM32WBA55CGU6, STM32WBA55CGU6TR, STM32WBA55CGU6U, STM32WBA55CGU7, STM32WBA55CGU7TR, STM32WBA55G-DK1, STM32WBA55HEF6, STM32WBA55HEF7, STM32WBA55HGF6, STM32WBA55HGF7, STM32WBA55UEI6, STM32WBA55UEI6TR, STM32WBA55UEI7, STM32WBA55UEI7TR, STM32WBA55UGI6, STM32WBA55UGI6TR, STM32WBA55UGI7, STM32WBA55UGI7TR, STM32WBA5MMGH6TR, STM32WBA62MGF6, STM32WBA62MIF6, STM32WBA65MGF7, STM32WBA65MIF6, STM32WBA65MIF7, STM32WL30K8V6, STM32WL30KBV6, STM32WL31C8V6, STM32WL31CBV6, STM32WL31K8V6, STM32WL31KBV6, STM32WL33C8V6, STM32WL33C8V6X, STM32WL33CBV6, STM32WL33CBV6X, STM32WL33CCV6, STM32WL33CCV6A, STM32WL33CCV6X, STM32WL33K8V7, STM32WL33K8V7X, STM32WL33KBV7 , STM32WL33KBV7X, STM32WL33KCV7, STM32WL33KCV7X, STM32WL5MOCH6, STM32WL5MOCH6TR]
2025-12-31 10:53:25,812 [INFO] DbMcus:218 - Found 4876 MCUs, 4876 are supported
2025-12-31 10:53:25,813 [INFO] ApiDb:423 - Load user favorites file C:\Users\Admin/.stm32cubeide/favorites.mcus.txt: 0 item(s)
2025-12-31 10:53:25,814 [INFO] ApiDb:427 - User favorites MCUs=[]
2025-12-31 10:53:25,814 [INFO] DbMcus:224 - Set 0 / 0 favorites MCUs
2025-12-31 10:53:26,646 [INFO] ApiDb:668 - CubeFinder database Data Model version=2.1
2025-12-31 10:53:26,646 [INFO] ApiDb:669 - CubeFinder database Configuration version=3.0.39
2025-12-31 10:53:26,646 [INFO] ApiDb:670 - CubeFinder database generation date=2025-11-05 (1762334721)
2025-12-31 10:53:26,646 [INFO] ApiDb:671 - CubeFinder database FW Pack versions=[FP-ATR-ASTRA1_V2.0.0, FP-SNS-FLIGHT1_V5.1.0, FP-SNS-MOTENV1_V5.1.0, FP-SNS-MOTENVWB1_V1.4.0, FP-SNS-SMARTAG2_V1.2.0, FP-SNS-STBOX1_V2.1.0, STM32Cube_FW_C0_V1.4.0, STM32Cube_FW_F4_V1.28.3, STM32Cube_FW_F7_V1.17.4, STM32Cube_FW_G0_V1.6.2, STM32Cube_FW_G4_V1.6.1, STM32Cube_FW_H5_V1.5.1, STM32Cube_FW_H7RS_V1.3.0, STM32Cube_FW_H7_V1.12.1, STM32Cube_FW_L0_V1.12.2, STM32Cube_FW_L4_V1.18.1, STM32Cube_FW_L5_V1.6.0, STM32Cube_FW_N6_V1.3.0, STM32Cube_FW_U0_V1.3.0, STM32Cube_FW_U3_V1.2.1, STM32Cube_FW_U5_V1.8.0, STM32Cube_FW_WB0_V1.4.0, STM32Cube_FW_WBA_V1.8.0, STM32Cube_FW_WB_V1.24.0, STM32Cube_FW_WL3_V1.3.0, STM32Cube_FW_WL_V1.4.0, X-CUBE-ALGOBUILD_V1.4.0, X-CUBE-ALS_V1.0.2, X-CUBE-AZRTOS-F4_V1.1.0, X-CUBE-AZRTOS-F7_V1.1.0, X-CUBE-AZRTOS-G0_V1.1.0, X-CUBE-AZRTOS-G4_V2.0.0, X-CUBE-AZRTOS-H7RS_V1.1.0, X-CUBE-AZRTOS-H7_V3.4.0, X-CUBE-AZRTOS-L4_V2.0.0, X-CUBE-AZRTOS-L5_V2.0.0, X-CUBE-AZRTOS-WB_V2.0.0, X-CUBE-AZRTOS-WL_V2.0.0, X-CUBE-BLE1_V7.1.0, X-CUBE-BLE2_V3.3.0, X-CUBE-BLEMGR_V4.1.0, X-CUBE-EEPRMA1_V5.2.0, X-CUBE-FREERTOS_V1.3.1, X-CUBE-GNSS1_V6.0.0, X-CUBE-MEMS1_V11.3.0, X-CUBE-NFC4_V3.0.0, X-CUBE-NFC7_V2.0.0, X-CUBE-SFXS2LP1_V4.0.0, X-CUBE-ST67W61_V1.1.0, X-CUBE-SUBG2_V5.0.0, X-CUBE-TOF1_V3.4.3]
2025-12-31 10:53:26,745 [INFO] DbBoardsSqlite:226 - include board P-NUCLEO-WB55-NUCLEO as a kit item of type 'Nucleo-64'
2025-12-31 10:53:26,745 [INFO] DbBoardsSqlite:226 - include board P-NUCLEO-WB55-USBDONGLE as a kit item of type 'Nucleo USB Dongle'
2025-12-31 10:53:26,745 [INFO] DbBoardsSqlite:226 - include board STEVAL-IDP005V1 as a kit item of type 'Evaluation Board'
2025-12-31 10:53:26,746 [INFO] DbBoardsSqlite:226 - include board STEVAL-IDP005V2 as a kit item of type 'Evaluation Board'
2025-12-31 10:53:26,866 [INFO] ApiDb:240 - Found 880 in-development CPN: [B-G473E-ZEST1S, B-WB1M-WPAN1, B-WBA5M-WPAN, B-WL5M-SUBG1, NUCLEO-C031C6, NUCLEO-C051C8, NUCLEO-C071RB, NUCLEO-C092RC, NUCLEO-H503RB, NUCLEO-H533RE, NUCLEO-H563ZI, NUCLEO-H7S3L8, NUCLEO-N657X0-Q, NUCLEO-U031R8, NUCLEO-U083RC, NUCLEO-U385RG-Q, NUCLEO-U545RE-Q, NUCLEO-U5A5ZJ-Q, NUCLEO-WB05KZ, NUCLEO-WB07CC, NUCLEO-WB09KE, NUCLEO-WBA52CG, NUCLEO-WBA55CG, NUCLEO-WL33CC1, NUCLEO-WL33CC2, STEVAL-PROTEUS1, STEVAL-SMARTAG2, STEVAL-STWINBX1, STM320518-EVAL, STM32C0116-DK, STM32C011D6Y3TR, STM32C011D6Y6TR, STM32C011F4P3, STM32C011F4P6, STM32C011F4U3, STM32C011F4U6TR, STM32C011F6P3, STM32C011F6P6, STM32C011F6U3, STM32C011F6U6TR, STM32C011J4M3, STM32C011J4M6, STM32C011J6M3, STM32C011J6M6, STM32C0316-DK, STM32C031C4T3, STM32C031C4T6, STM32C031C4U3, STM32C031C4U6, STM32C031C6T3, STM32C031C6T6, STM32C031C6U3, STM32C031C6U6, STM32C031F4P3, STM32C031F4P6, STM32C031F6P3, STM32C031F6P6, STM32C031G4U3, STM32C031G4U6, STM32C031G6U3, STM32C031G6U6, STM32C031K4T3, STM32C031K4T6, STM32C031K4U3, STM32C031K4U6, STM32C031K6T3, STM32C031K6T6, STM32C031K6U3, STM32C031K6U6, STM32C051C6T6, STM32C051C6U6, STM32C051C8T6, STM32C051C8U6, STM32C051D8Y6TR, STM32C051F6P6, STM32C051F8P6, STM32C051G6U6, STM32C051G8U6, STM32C051K6T6, STM32C051K6U6, STM32C051K8T6, STM32C071C8T6, STM32C071C8T6N, STM32C071C8U6, STM32C071C8U6N, STM32C071CBT6, STM32C071CBT6N, STM32C071CBU6, STM32C071CBU6N, STM32C071F8P6, STM32C071F8P6N, STM32C071FBP6, STM32C071FBP6N, STM32C071FBY6TR, STM32C071G8U6, STM32C071G8U6N, STM32C071GBU6, STM32C071GBU6N, STM32C071K8T6, STM32C071K8T6N, STM32C071K8U6, STM32C071K8U6N, STM32C071KBT6, STM32C071KBT6N, STM32C071KBU6, STM32C071KBU6N, STM32C071R8T6, STM32C071R8T6N, STM32C071RBI6N, STM32C071RBT6, STM32C071RBT6N, STM32C091CBT6, STM32C091CBU6, STM32C091CCT6, STM32C091CCU6, STM32C091ECY6TR, STM32C091FBP6, STM32C091FCP6, STM32C091GBU6, STM32C091GCU6, STM32C091KBT6, STM32C091KBU6, STM32C091KCT6, STM32C091KCU6, STM32C091RBT6, STM32C091RCI6, STM32C091RCT6, STM32C092CBT6, STM32C092CBU6, STM32C092CCT6, STM32C092CCU6, STM32C092ECY6TR, STM32C092FBP6, STM32C092FCP6, STM32C092GBU6, STM32C092GCU6, STM32C092KBT6, STM32C092KBU6, STM32C092KCT6, STM32C092KCU6, STM32C092RBT6, STM32C092RCI6, STM32C092RCT6, STM32G071K8TXN, STM32G071K8UXN, STM32G081GBU6N, STM32G081KBT6N, STM32G081KBUXN, STM32G0B1CCT6N, STM32G0B1KCT6, STM32G0B1NEY6TR, STM32G0B1RCT6N, STM32G0C1CCT6, STM32G0C1CCT6N, STM32G0C1CCU6N, STM32G0C1CET6N, STM32G0C1CEU6N, STM32G0C1KCT6, STM32G0C1NEY6TR, STM32G0C1RCI6N, STM32G0C1RCT6N, STM32G0C1REI6N, STM32G0C1RET6N, STM32G0C1VCI6, STM32G0C1VEI6, STM32G411C6T3, STM32G411C6T6, STM32G411C6U3, STM32G411C6U6, STM32G411C8T3, STM32G411C8T6, STM32G411C8U3, STM32G411C8U6, STM32G411CBT3, STM32G411CBT6, STM32G411CBU3, STM32G411CBU6, STM32G411K6T3, STM32G411K6T6, STM32G411K6U3, STM32G411K6U6, STM32G411K8T3, STM32G411K8T6, STM32G411K8U3, STM32G411K8U6, STM32G411KBT3, STM32G411KBT6, STM32G411KBU3, STM32G411KBU6, STM32G411M6T3, STM32G411M6T6, STM32G411M8T3, STM32G411M8T6, STM32G411MBT3, STM32G411MBT6, STM32G411R6T3, STM32G411R6T6, STM32G411R8T3, STM32G411R8T6, STM32G411RBT3, STM32G411RBT6, STM32G414CBT3, STM32G414CBT6, STM32G414CBU3, STM32G414CBU6, STM32G414CCT3, STM32G414CCT6, STM32G414CCU3, STM32G414CCU6, STM32G414MBT3, STM32G414MBT6, STM32G414MCT3, STM32G414MCT6, STM32G414RBT3, STM32G414RBT6, STM32G414RCT3, STM32G414RCT6, STM32G414VBT3, STM32G414VBT6, STM32G414VCT3, STM32G414VCT6, STM32G431CBT3Z, STM32G431RBT3Z, STM32G471CCT6, STM32G471CCU6, STM32G471CET3, STM32G471CET6, STM32G471CEU3, STM32G471CEU6, STM32G471MCT6, STM32G471MET3, STM32G471MET6, STM32G471MEY6TR, STM32G471QCT6, STM32G471QET3, STM32G471RCT6, STM32G471RET3, STM32G471RET6, STM32G471VCH6, STM32G471VCI6, STM32G471VCT6, STM32G471VEH3, STM32G471VEH6, STM32G471VEI3, STM32G471VEI6, STM32G471VET3, STM32G471VET6, STM32G473QET3Z, STM32G473RET3Z, STM32G474CCT6, STM32G491RET3Z, STM32H503CBT6, STM32H503CBU6, STM32H503EBY6TR, STM32H503KBU6, STM32H503RBT6, STM32H523CCT6, STM32H523CCU6, STM32H523CET6, STM32H523CEU6, STM32H523HEY6TR, STM32H523RCT6, STM32H523RET6, STM32H523VCI6, STM32H523VCT6, STM32H523VEI6, STM32H523VET6, STM32H523ZCJ6, STM32H523ZCT6, STM32H523ZEJ6, STM32H523ZET6, STM32H533CET6, STM32H533CEU6, STM32H533HEY6TR, STM32H533RET6, STM32H533VEI6, STM32H533VET6, STM32H533ZEJ6, STM32H533ZET6, STM32H562AGI6, STM32H562AII6, STM32H562IGK6, STM32H562IGT6, STM32H562IIK6, STM32H562IIT6, STM32H562RGT6, STM32H562RGV6, STM32H562RIT6, STM32H562RIV6, STM32H562VGT6, STM32H562VIT6, STM32H562ZGT6, STM32H562ZIT6, STM32H563AGI6, STM32H563AII3Q, STM32H563AII6, STM32H563IGK6, STM32H563IGT6, STM32H563IIK3Q, STM32H563IIK6, STM32H563IIT3Q, STM32H563IIT6, STM32H563MIY3QTR, STM32H563RGT6, STM32H563RGV6, STM32H563RIT6, STM32H563RIV6, STM32H563VGT6, STM32H563VIT3Q, STM32H563VIT6, STM32H563ZGT6, STM32H563ZIT3Q, STM32H563ZIT6, STM32H573AII3Q, STM32H573AII6, STM32H573I-DK, STM32H573IIK3Q, STM32H573IIK6, STM32H573IIT3Q, STM32H573IIT6, STM32H573MIY3QTR, STM32H573RIT6, STM32H573RIV6, STM32H573VIT3Q, STM32H573VIT6, STM32H573ZIT3Q, STM32H573ZIT6, STM32H7R3A8I6, STM32H7R3I8K6, STM32H7R3I8T6, STM32H7R3L8H6, STM32H7R3L8H6H, STM32H7R3R8V6, STM32H7R3V8H6, STM32H7R3V8T6, STM32H7R3V8Y6TR, STM32H7R3Z8J6, STM32H7R3Z8T6, STM32H7R7A8I6, STM32H7R7I8K6, STM32H7R7I8T6, STM32H7R7L8H6, STM32H7R7L8H6H, STM32H7R7Z8J6, STM32H7S3A8I6, STM32H7S3I8K6, STM32H7S3I8T6, STM32H7S3L8H6, STM32H7S3L8H6H, STM32H7S3R8V6, STM32H7S3V8H6, STM32H7S3V8T6, STM32H7S3V8Y6TR, STM32H7S3Z8J6, STM32H7S3Z8T6, STM32H7S78-DK, STM32H7S7A8I6, STM32H7S7I8K6, STM32H7S7I8T6, STM32H7S7L8H6, STM32H7S7L8H6H, STM32H7S7Z8J6, STM32L4R5QGI6STR, STM32MP131AAE3, STM32MP131AAF3, STM32MP131AAG3, STM32MP131CAE3, STM32MP131CAF3, STM32MP131CAG3, STM32MP131DAE7, STM32MP131DAF7, STM32MP131DAG7, STM32MP131FAE7, STM32MP131FAF7, STM32MP131FAG7, STM32MP133AAE3, STM32MP133AAF3, STM32MP133AAG3, STM32MP133CAE3, STM32MP133CAF3, STM32MP133CAG3, STM32MP133DAE7, STM32MP133DAF7, STM32MP133DAG7, STM32MP133FAE7, STM32MP133FAF7, STM32MP133FAG7, STM32MP135AAE3, STM32MP135AAF3, STM32MP135AAG3, STM32MP135CAE3, STM32MP135CAF3, STM32MP135CAG3, STM32MP135DAE7, STM32MP135DAF7, STM32MP135DAG7, STM32MP135F-DK, STM32MP135FAE7, STM32MP135FAF7, STM32MP135FAF7T, STM32MP135FAF7U, STM32MP135FAG7, STM32MP211AAL3, STM32MP211AAM3, STM32MP211AAN3, STM32MP211AAO3, STM32MP211CAL3, STM32MP211CAM3, STM32MP211CAN3, STM32MP211CAO3, STM32MP211DAL3, STM32MP211DAM3, STM32MP211DAN3, STM32MP211DAO3, STM32MP211FAL3, STM32MP211FAM3, STM32MP211FAN3, STM32MP211FAO3, STM32MP213AAL3, STM32MP213AAM3, STM32MP213AAN3, STM32MP213AAO3, STM32MP213CAL3, STM32MP213CAM3, STM32MP213CAN3, STM32MP213CAO3, STM32MP213DAL3, STM32MP213DAM3, STM32MP213DAN3, STM32MP213DAO3, STM32MP213FAL3, STM32MP213FAM3, STM32MP213FAN3, STM32MP213FAO3, STM32MP215AAL3, STM32MP215AAM3, STM32MP215AAN3, STM32MP215AAO3, STM32MP215CAL3, STM32MP215CAM3, STM32MP215CAN3, STM32MP215CAO3, STM32MP215DAL3, STM32MP215DAM3, STM32MP215DAN3, STM32MP215DAO3, STM32MP215F-DK, STM32MP215FAL3, STM32MP215FAM3, STM32MP215FAN3, STM32MP215FAO3, STM32MP231AAJ3, STM32MP231AAK3, STM32MP231AAL3, STM32MP231CAJ3, STM32MP231CAK3, STM32MP231CAL3, STM32MP231DAJ3, STM32MP231DAK3, STM32MP231DAL3, STM32MP231FAJ3, STM32MP231FAK3, STM32MP231FAL3, STM32MP233AAJ3, STM32MP233AAK3, STM32MP233AAL3, STM32MP233CAJ3, STM32MP233CAK3, STM32MP233CAL3, STM32MP233DAJ3, STM32MP233DAK3, STM32MP233DAL3, STM32MP233FAJ3, STM32MP233FAK3, STM32MP233FAL3, STM32MP235AAJ3, STM32MP235AAK3, STM32MP235AAL3, STM32MP235CAJ3, STM32MP235CAK3, STM32MP235CAL3, STM32MP235DAJ3, STM32MP235DAK3, STM32MP235DAL3, STM32MP235FAJ3, STM32MP235FAK3, STM32MP235FAL3, STM32MP251AAI3, STM32MP251AAK3, STM32MP251AAL3, STM32MP251CAI3, STM32MP251CAK3, STM32MP251CAL3, STM32MP251DAI3, STM32MP251DAK3, STM32MP251DAL3, STM32MP251FAI3, STM32MP251FAK3, STM32MP251FAL3, STM32MP253AAI3, STM32MP253AAK3, STM32MP253AAL3, STM32MP253CAI3, STM32MP253CAK3, STM32MP253CAL3, STM32MP253DAI3, STM32MP253DAK3, STM32MP253DAL3, STM32MP253FAI3, STM32MP253FAK3, STM32MP253FAL3, STM32MP255AAI3, STM32MP255AAK3, STM32MP255AAL3, STM32MP255CAI3, STM32MP255CAK3, STM32MP255CAL3, STM32MP255DAI3, STM32MP255DAK3, STM32MP255DAL3, STM32MP255FAI3, STM32MP255FAK3, STM32MP255FAL3, STM32MP257AAI3, STM32MP257AAK3, STM32MP257AAL3, STM32MP257CAI3, STM32MP257CAK3, STM32MP257CAL3, STM32MP257DAI3, STM32MP257DAK3, STM32MP257DAL3, STM32MP257F-DK, STM32MP257F-EV1, STM32MP257FAI3, STM32MP257FAK3, STM32MP257FAL3, STM32N645A0H3Q, STM32N645B0H3Q, STM32N645I0H3Q, STM32N645L0H3Q, STM32N645X0H3Q, STM32N645Z0H3Q, STM32N647A0H3Q, STM32N647B0H3Q, STM32N647I0H3Q, STM32N647L0H3Q, STM32N647X0H3Q, STM32N647Z0H3Q, STM32N655A0H3Q, STM32N655B0H3Q, STM32N655I0H3Q, STM32N655L0H3Q, STM32N655X0H3Q, STM32N655Z0H3Q, STM32N6570-DK, STM32N657A0H3Q, STM32N657B0H3Q, STM32N657I0H3Q, STM32N657L0H3Q, STM32N657X0H3Q, STM32N657Z0H3Q, STM32U031C6T6, STM32U031C6U6, STM32U031C8T6, STM32U031C8U6, STM32U031F4P6, STM32U031F6P6, STM32U031F8P6, STM32U031G6Y6TR, STM32U031G8Y6TR, STM32U031K4U6, STM32U031K6U6, STM32U031K8U6, STM32U031R6I6, STM32U031R6T6, STM32U031R8I6, STM32U031R8T6, STM32U073C8T6, STM32U073C8U6, STM32U073CBT6, STM32U073CBU6, STM32U073CCT6, STM32U073CCU6, STM32U073H8Y6TR, STM32U073HBY6TR, STM32U073HCY6TR, STM32U073K8U6, STM32U073KBU6, STM32U073KCU6, STM32U073M8I6, STM32U073M8T6, STM32U073MBI6, STM32U073MBT6, STM32U073MCI6, STM32U073MCT6, STM32U073R8I6, STM32U073R8T6, STM32U073RBI6, STM32U073RBT6, STM32U073RCI6, STM32U073RCT6, STM32U083C-DK, STM32U083CCT6, STM32U083CCU6, STM32U083HCY6TR, STM32U083KCU6, STM32U083MCI6, STM32U083MCT6, STM32U083RCI6, STM32U083RCT6, STM32U375CET6, STM32U375CET6Q, STM32U375CEU6, STM32U375CEU6Q, STM32U375CEY6QTR, STM32U375CGT6, STM32U375CGT6Q, STM32U375CGU6, STM32U375CGU6Q, STM32U375CGY6QTR, STM32U375KEU6, STM32U375KGU6, STM32U375REI6, STM32U375REI6Q, STM32U375RET6, STM32U375RET6Q, STM32U375REY6GTR, STM32U375REY6QTR, STM32U375RGI6, STM32U375RGI6Q, STM32U375RGT6, STM32U375RGT6Q, STM32U375RGY6GTR, STM32U375RGY6QTR, STM32U375VEI6, STM32U375VEI6Q, STM32U375VET6, STM32U375VET6Q, STM32U375VGI6, STM32U375VGI6Q, STM32U375VGT6, STM32U375VGT6Q, STM32U385CGT6, STM32U385CGT6Q, STM32U385CGU6, STM32U385CGU6Q, STM32U385CGY6QTR, STM32U385KGU6, STM32U385RGI6, STM32U385RGI6Q, STM32U385RGT6, STM32U385RGT6Q, STM32U385RGY6GTR, STM32U385RGY6QTR, STM32U385VGI6, STM32U385VGI6Q, STM32U385VGT6, STM32U385VGT6Q, STM32U535CBT6, STM32U535CBT6Q, STM32U535CBU6, STM32U535CBU6Q, STM32U535CCT6, STM32U535CCT6Q, STM32U535CCU6, STM32U535CCU6Q, STM32U535CET6, STM32U535CET6Q, STM32U535CEU6, STM32U535CEU6Q, STM32U535JEY6QTR, STM32U535NCY6QTR, STM32U535NEY6QTR, STM32U535RBI6, STM32U535RBI6Q, STM32U535RBT6, STM32U535RBT6Q, STM32U535RCI6, STM32U535RCI6Q, STM32U535RCT6, STM32U535RCT6Q, STM32U535REI6, STM32U535REI6Q, STM32U535RET6, STM32U535RET6Q, STM32U535VCI6, STM32U535VCI6Q, STM32U535VCT6, STM32U535VCT6Q, STM32U535VEI6, STM32U535VEI6Q, STM32U535VET6, STM32U535VET6Q, STM32U545CET6, STM32U545CET6Q, STM32U545CEU6, STM32U545CEU6Q, STM32U545JEY6QTR, STM32U545NEY6QTR, STM32U545REI6, STM32U545REI6Q, STM32U545RET6, STM32U545RET6Q, STM32U545VEI6, STM32U545VEI6Q, STM32U545VET6, STM32U545VET6Q, STM32U595AIH6, STM32U595AIH6Q, STM32U595AJH6, STM32U595AJH6Q, STM32U595QII6, STM32U595QII6Q, STM32U595QJI6, STM32U595QJI6Q, STM32U595RIT6, STM32U595RIT6Q, STM32U595RJT6, STM32U595RJT6Q, STM32U595VIT6, STM32U595VIT6Q, STM32U595VJT6, STM32U595VJT6Q, STM32U595ZIT6, STM32U595ZIT6Q, STM32U595ZIY6QTR, STM32U595ZJT6, STM32U595ZJT6Q, STM32U595ZJY6QTR, STM32U599BJY6QTR, STM32U599NIH6Q, STM32U599NJH6Q, STM32U599VIT6Q, STM32U599VJT6, STM32U599VJT6Q, STM32U599ZIT6Q, STM32U599ZIY6QTR, STM32U599ZJT6Q, STM32U599ZJY6QTR, STM32U5A5AJH6, STM32U5A5AJH6Q, STM32U5A5QII3Q , STM32U5A5QJI6, STM32U5A5QJI6Q, STM32U5A5RJT6, STM32U5A5RJT6Q, STM32U5A5VJT6, STM32U5A5VJT6Q, STM32U5A5ZJT6, STM32U5A5ZJT6Q, STM32U5A5ZJY6QTR, STM32U5A9BJY6QTR, STM32U5A9J-DK, STM32U5A9NJH6Q, STM32U5A9VJT6Q, STM32U5A9ZJT6Q, STM32U5A9ZJY6QTR, STM32U5F7VIT6, STM32U5F7VIT6Q, STM32U5F7VJT6, STM32U5F7VJT6Q, STM32U5F9BJY6QTR, STM32U5F9NJH6Q, STM32U5F9VIT6Q, STM32U5F9VJT6Q, STM32U5F9ZIJ6QTR, STM32U5F9ZIT6Q, STM32U5F9ZJJ6QTR, STM32U5F9ZJT6Q, STM32U5G7VJT6, STM32U5G7VJT6Q, STM32U5G9BJY6QTR, STM32U5G9J-DK1, STM32U5G9J-DK2, STM32U5G9NJH6Q, STM32U5G9VJT6Q, STM32U5G9ZJJ6QTR, STM32U5G9ZJT6Q, STM32WB05KZV6TR, STM32WB05KZV7TR, STM32WB05TZF6TR, STM32WB05TZF7TR, STM32WB06CCF6TR, STM32WB06CCF7TR, STM32WB06CCV6TR, STM32WB06CCV7TR, STM32WB06KCV6TR, STM32WB06KCV7TR, STM32WB07CCF6TR, STM32WB07CCF7TR, STM32WB07CCV6TR, STM32WB07CCV7TR, STM32WB07KCV6TR, STM32WB07KCV7TR, STM32WB09KEV6TR, STM32WB09KEV7TR, STM32WB09TEF6TR, STM32WB09TEF7TR, STM32WB1MMCH6, STM32WBA50KGU6, STM32WBA50KGU6TR, STM32WBA52CEU6, STM32WBA52CEU6TR, STM32WBA52CEU7, STM32WBA52CEU7TR, STM32WBA52CGU6, STM32WBA52CGU6TR, STM32WBA52CGU6U, STM32WBA52CGU7, STM32WBA52CGU7TR, STM32WBA52KEU6, STM32WBA52KEU6TR, STM32WBA52KGU6, STM32WBA52KGU6TR, STM32WBA54CEU6, STM32WBA54CEU6TR, STM32WBA54CEU7, STM32WBA54CEU7TR, STM32WBA54CGU6, STM32WBA54CGU6TR, STM32WBA54CGU7, STM32WBA54CGU7TR, STM32WBA54KEU6, STM32WBA54KEU6TR, STM32WBA54KEU7, STM32WBA54KEU7TR, STM32WBA54KGU6, STM32WBA54KGU6TR, STM32WBA54KGU7, STM32WBA54KGU7TR, STM32WBA55CEU6, STM32WBA55CEU6TR, STM32WBA55CEU7, STM32WBA55CEU7TR, STM32WBA55CGU6, STM32WBA55CGU6TR, STM32WBA55CGU6U, STM32WBA55CGU7, STM32WBA55CGU7TR, STM32WBA55G-DK1, STM32WBA55HEF6, STM32WBA55HEF7, STM32WBA55HGF6, STM32WBA55HGF7, STM32WBA55UEI6, STM32WBA55UEI6TR, STM32WBA55UEI7, STM32WBA55UEI7TR, STM32WBA55UGI6, STM32WBA55UGI6TR, STM32WBA55UGI7, STM32WBA55UGI7TR, STM32WBA5MMGH6TR, STM32WBA62MGF6, STM32WBA62MIF6, STM32WBA65MGF7, STM32WBA65MIF6, STM32WBA65MIF7, STM32WL30K8V6, STM32WL30KBV6, STM32WL31C8V6, STM32WL31CBV6, STM32WL31K8V6, STM32WL31KBV6, STM32WL33C8V6, STM32WL33C8V6X, STM32WL33CBV6, STM32WL33CBV6X, STM32WL33CCV6, STM32WL33CCV6A, STM32WL33CCV6X, STM32WL33K8V7, STM32WL33K8V7X, STM32WL33KBV7 , STM32WL33KBV7X, STM32WL33KCV7, STM32WL33KCV7X, STM32WL5MOCH6, STM32WL5MOCH6TR]
2025-12-31 10:53:27,295 [INFO] BoardInfo:889 - No configuration file found for board P-NUCLEO-WB55
2025-12-31 10:53:27,297 [INFO] DbBoards:161 - Kit is not supported: P-NUCLEO-WB55
2025-12-31 10:53:27,309 [INFO] BoardInfo:889 - No configuration file found for board STEVAL-BFA001V1B
2025-12-31 10:53:27,312 [INFO] DbBoards:161 - Kit is not supported: STEVAL-BFA001V1B
2025-12-31 10:53:27,314 [INFO] BoardInfo:889 - No configuration file found for board STEVAL-BFA001V2B
2025-12-31 10:53:27,316 [INFO] DbBoards:161 - Kit is not supported: STEVAL-BFA001V2B
2025-12-31 10:53:27,700 [INFO] DbBoards:168 - Found 212 boards, 209 are supported
2025-12-31 10:53:27,701 [INFO] DbBoards:169 - Found 212 boards, 43 of them is supported for  Bsp
2025-12-31 10:53:27,704 [INFO] ApiDb:423 - Load user favorites file C:\Users\Admin/.stm32cubeide/favorites.boards.txt: 1 item(s)
2025-12-31 10:53:27,705 [INFO] ApiDb:427 - User favorites Boards=[STM32F407G-DISC1]
2025-12-31 10:53:27,705 [INFO] DbBoards:198 - Set 1 / 1 favorites Boards
2025-12-31 10:53:27,706 [INFO] McuFinderGlobals:76 - Set McuFinderConnectedMode to true
2025-12-31 10:53:27,715 [INFO] MultiScanPanel:200 - Auto-refresh data requested => check proxy status ongoing
2025-12-31 10:53:27,719 [INFO] FinderPluginLoader:96 - Searching for filters in installed packs
2025-12-31 10:53:30,119 [INFO] LoadUrlFilesThread:185 - End of LoadServerUrlFiles without Thread
2025-12-31 10:53:30,155 [INFO] DetailPanel:341 - Set advertising image to C:/Users/Admin/STM32Cube/Repository/\en.prom-st67w-expansion-board.png
2025-12-31 10:53:39,955 [INFO] MultiScanPanel:200 - Auto-refresh data requested => check proxy status ongoing
2025-12-31 10:53:40,266 [INFO] LoadUrlFilesThread:185 - End of LoadServerUrlFiles without Thread
2025-12-31 10:53:40,267 [INFO] DetailPanel:341 - Set advertising image to C:/Users/Admin/STM32Cube/Repository/\en.prom-st67w-expansion-board.png
2025-12-31 10:53:40,294 [INFO] DbBoards:642 - Loading board mini-images...
2025-12-31 10:53:44,041 [INFO] WebApp:194 - Connection lost
2025-12-31 10:53:44,658 [INFO] WebApp:191 - Connection restablished
2025-12-31 10:53:45,400 [ERROR] DbBoards:659 - Image file not found for board STM32MP215F-DK: C:\Users\Admin\.stmcufinder\plugins\mcufinder//mcu//boards_images/STM32MP215F-DK.jpg
2025-12-31 10:53:45,725 [INFO] DbBoards:665 - Loaded 211 board mini-images
2025-12-31 10:54:14,779 [INFO] MainUpdater:2872 - connection check result : 10
2025-12-31 10:54:14,780 [INFO] MainUpdater:2872 - connection check result : 10
2025-12-31 10:54:14,805 [INFO] MicroXplorer:468 - Change Database Path : 
2025-12-31 10:54:14,806 [INFO] MicroXplorer:498 - Change Database Version : DB.6.0.150
2025-12-31 10:54:14,821 [WARN] ThirdParty:871 - waiting for thirdparty lock release [close project]
2025-12-31 10:54:14,822 [INFO] ThirdParty:873 - entering critical section [close project]
2025-12-31 10:54:14,824 [INFO] ThirdParty:883 - exiting critical section [close project]
2025-12-31 10:54:14,828 [INFO] PinOutPanel:1589 - setPackage(No Configuration,No Configuration)
2025-12-31 10:54:14,831 [INFO] UtilMem:75 - Begin LoadConfig() Used Memory: 858738056 Bytes (1073741824)
2025-12-31 10:54:14,839 [INFO] OpenFileManager:355 - Change cursor
2025-12-31 10:54:14,882 [INFO] ProjectFactory:514 - No CPN specified for board STM32F407G-DISC1 => set CPN to STM32F407VGT6
2025-12-31 10:54:14,883 [INFO] Mcu:2029 - Initializing MCU STM32F407V(E-G)Tx STM32F407VGTx STM32F407VGT6
2025-12-31 10:54:18,511 [INFO] Context:786 - Trying to add GPIOservice into a context  which must be forbidden
2025-12-31 10:54:20,309 [INFO] Rule:233 - rule 117617 - U5Cobra4M][GTZC] default value MPCBB3 and MPCBB5 - Not Secured memory - MPCBB1 is applicable
2025-12-31 10:54:20,310 [INFO] Rule:233 - rule 117617 - U5Cobra4M][GTZC] default value MPCBB3 and MPCBB5 - Not Secured memory - MPCBB1 is applicable
2025-12-31 10:54:20,310 [INFO] Rule:233 - rule 117617 - U5Cobra4M][GTZC] default value MPCBB3 and MPCBB5 - Not Secured memory - MPCBB2 is applicable
2025-12-31 10:54:20,310 [INFO] Rule:233 - rule 117617 - U5Cobra4M][GTZC] default value MPCBB3 and MPCBB5 - Not Secured memory - MPCBB2 is applicable
2025-12-31 10:54:20,311 [INFO] Rule:233 - rule 117617 - U5Cobra4M][GTZC] default value MPCBB3 and MPCBB5 - Not Secured memory - MPCBB3 is applicable
2025-12-31 10:54:20,311 [INFO] Rule:233 - rule 117617 - U5Cobra4M][GTZC] default value MPCBB3 and MPCBB5 - Not Secured memory - MPCBB3 is applicable
2025-12-31 10:54:20,311 [INFO] Rule:233 - rule 117617 - U5Cobra4M][GTZC] default value MPCBB3 and MPCBB5 - Not Secured memory - MPCBB4 is applicable
2025-12-31 10:54:20,311 [INFO] Rule:233 - rule 117617 - U5Cobra4M][GTZC] default value MPCBB3 and MPCBB5 - Not Secured memory - MPCBB4 is applicable
2025-12-31 10:54:20,311 [INFO] Rule:233 - rule 117617 - U5Cobra4M][GTZC] default value MPCBB3 and MPCBB5 - Secured memory - MPCBB1 is applicable
2025-12-31 10:54:20,311 [INFO] Rule:233 - rule 117617 - U5Cobra4M][GTZC] default value MPCBB3 and MPCBB5 - Secured memory - MPCBB2 is applicable
2025-12-31 10:54:20,311 [INFO] Rule:233 - rule 117617 - U5Cobra4M][GTZC] default value MPCBB3 and MPCBB5 - Secured memory - MPCBB3 is applicable
2025-12-31 10:54:20,312 [INFO] Rule:233 - rule 117617 - U5Cobra4M][GTZC] default value MPCBB3 and MPCBB5 - Secured memory - MPCBB4 is applicable
2025-12-31 10:54:20,312 [INFO] Rule:233 - rule 117617 - U5Cobra4M][GTZC] default value MPCBB3 and MPCBB5 - Privileged memory - MPCBB1 is applicable
2025-12-31 10:54:20,312 [INFO] Rule:233 - rule 117617 - U5Cobra4M][GTZC] default value MPCBB3 and MPCBB5 - Privileged memory - MPCBB2 is applicable
2025-12-31 10:54:20,312 [INFO] Rule:233 - rule 117617 - U5Cobra4M][GTZC] default value MPCBB3 and MPCBB5 - Privileged memory - MPCBB3 is applicable
2025-12-31 10:54:20,312 [INFO] Rule:233 - rule 117617 - U5Cobra4M][GTZC] default value MPCBB3 and MPCBB5 - Privileged memory - MPCBB4 is applicable
2025-12-31 10:54:20,312 [INFO] Rule:233 - rule 117617 - U5Cobra4M][GTZC] default value MPCBB3 and MPCBB5 - Not Privileged memory - MPCBB1 is applicable
2025-12-31 10:54:20,313 [INFO] Rule:233 - rule 117617 - U5Cobra4M][GTZC] default value MPCBB3 and MPCBB5 - Not Privileged memory - MPCBB2 is applicable
2025-12-31 10:54:20,313 [INFO] Rule:233 - rule 117617 - U5Cobra4M][GTZC] default value MPCBB3 and MPCBB5 - Not Privileged memory - MPCBB3 is applicable
2025-12-31 10:54:20,313 [INFO] Rule:233 - rule 117617 - U5Cobra4M][GTZC] default value MPCBB3 and MPCBB5 - Not Privileged memory - MPCBB4 is applicable
2025-12-31 10:54:20,313 [INFO] Rule:233 - rule 117617 - U5Cobra4M][GTZC] default value MPCBB3 and MPCBB5 - Privileged memory - MPCBB1 is applicable
2025-12-31 10:54:20,313 [INFO] Rule:233 - rule 117617 - U5Cobra4M][GTZC] default value MPCBB3 and MPCBB5 - Privileged memory - MPCBB2 is applicable
2025-12-31 10:54:20,313 [INFO] Rule:233 - rule 117617 - U5Cobra4M][GTZC] default value MPCBB3 and MPCBB5 - Privileged memory - MPCBB3 is applicable
2025-12-31 10:54:20,313 [INFO] Rule:233 - rule 117617 - U5Cobra4M][GTZC] default value MPCBB3 and MPCBB5 - Privileged memory - MPCBB4 is applicable
2025-12-31 10:54:20,314 [INFO] Rule:233 - rule 117617 - U5Cobra4M][GTZC] default value MPCBB3 and MPCBB5 - Privileged memory - MPCBB1 is applicable
2025-12-31 10:54:20,314 [INFO] Rule:233 - rule 117617 - U5Cobra4M][GTZC] default value MPCBB3 and MPCBB5 - Privileged memory - MPCBB2 is applicable
2025-12-31 10:54:20,314 [INFO] Rule:233 - rule 117617 - U5Cobra4M][GTZC] default value MPCBB3 and MPCBB5 - Privileged memory - MPCBB3 is applicable
2025-12-31 10:54:20,314 [INFO] Rule:233 - rule 117617 - U5Cobra4M][GTZC] default value MPCBB3 and MPCBB5 - Privileged memory - MPCBB4 is applicable
2025-12-31 10:54:20,314 [INFO] Rule:233 - rule 117617 - U5Cobra4M][GTZC] default value MPCBB3 and MPCBB5 - Not Privileged memory - MPCBB1 is applicable
2025-12-31 10:54:20,315 [INFO] Rule:233 - rule 117617 - U5Cobra4M][GTZC] default value MPCBB3 and MPCBB5 - Not Privileged memory - MPCBB2 is applicable
2025-12-31 10:54:20,315 [INFO] Rule:233 - rule 117617 - U5Cobra4M][GTZC] default value MPCBB3 and MPCBB5 - Not Privileged memory - MPCBB3 is applicable
2025-12-31 10:54:20,316 [INFO] Rule:233 - rule 117617 - U5Cobra4M][GTZC] default value MPCBB3 and MPCBB5 - Not Privileged memory - MPCBB4 is applicable
2025-12-31 10:54:20,316 [INFO] Rule:233 - rule 117617 - U5Cobra4M][GTZC] default value MPCBB3 and MPCBB5 - Privileged memory - MPCBB1 is applicable
2025-12-31 10:54:20,317 [INFO] Rule:233 - rule 117617 - U5Cobra4M][GTZC] default value MPCBB3 and MPCBB5 - Privileged memory - MPCBB2 is applicable
2025-12-31 10:54:20,317 [INFO] Rule:233 - rule 117617 - U5Cobra4M][GTZC] default value MPCBB3 and MPCBB5 - Privileged memory - MPCBB3 is applicable
2025-12-31 10:54:20,318 [INFO] Rule:233 - rule 117617 - U5Cobra4M][GTZC] default value MPCBB3 and MPCBB5 - Privileged memory - MPCBB4 is applicable
2025-12-31 10:54:20,318 [INFO] Rule:233 - rule Rename SubGHz_Phy SUBGHZ_APPLICATION SUBGHZ_PINGPONG to SUBGHZ_ADV_APPLICATION is applicable
2025-12-31 10:54:20,318 [INFO] Rule:233 - rule Rename Enabled to IBEACON is applicable
2025-12-31 10:54:20,318 [INFO] Rule:233 - rule GTZC_S instance for project manager is applicable
2025-12-31 10:54:20,318 [INFO] Rule:233 - rule GTZC_S instance for context M33S is applicable
2025-12-31 10:54:20,318 [INFO] Rule:233 - rule GTZC_S instance value for IP GTZC is applicable
2025-12-31 10:54:20,319 [INFO] Rule:233 - rule GTZC_S instance for mcu.IP is applicable
2025-12-31 10:54:20,319 [INFO] Rule:233 - rule GTZC_S instance for VP is applicable
2025-12-31 10:54:20,319 [INFO] Rule:233 - rule GTZC_S instance for signal is applicable
2025-12-31 10:54:20,319 [INFO] Rule:233 - rule GTZC_S instance for mcu.Pin is applicable
2025-12-31 10:54:20,319 [INFO] Rule:233 - rule GTZC_S instance for VP is applicable
2025-12-31 10:54:20,320 [INFO] Rule:233 - rule GTZC_S instance for signal is applicable
2025-12-31 10:54:20,320 [INFO] Rule:233 - rule GTZC_S instance for mcu is applicable
2025-12-31 10:54:20,320 [INFO] Rule:233 - rule GTZC_S instance for mcu.Pin is applicable
2025-12-31 10:54:20,320 [INFO] Rule:233 - rule GTZC_S instance value for IP GTZC is applicable
2025-12-31 10:54:20,320 [INFO] Rule:233 - rule GTZC_S instance for project manager is applicable
2025-12-31 10:54:20,320 [INFO] Rule:233 - rule GTZC_S instance for context M33S is applicable
2025-12-31 10:54:20,320 [INFO] Rule:233 - rule GTZC_S instance for VP is applicable
2025-12-31 10:54:20,321 [INFO] Rule:233 - rule GTZC_S instance for signal is applicable
2025-12-31 10:54:20,321 [INFO] Rule:233 - rule SPDIFRX instance for mcu is applicable
2025-12-31 10:54:20,321 [INFO] Rule:233 - rule Rename Tracer Mode is applicable
2025-12-31 10:54:20,321 [INFO] Rule:233 - rule SPDIFRX instance value for IP SPDIFRX is applicable
2025-12-31 10:54:20,321 [INFO] Rule:233 - rule SPDIFRX instance for signal is applicable
2025-12-31 10:54:20,321 [INFO] Rule:233 - rule SPDIFRX instance for project manager is applicable
2025-12-31 10:54:20,321 [INFO] Rule:233 - rule SPDIFRX instance for project manager is applicable
2025-12-31 10:54:20,322 [INFO] Rule:233 - rule ADC Scan  fix with FW F7 is applicable
2025-12-31 10:54:20,322 [INFO] Rule:233 - rule ADC Scan  fix with FW F7 is applicable
2025-12-31 10:54:20,322 [INFO] Rule:233 - rule WakeUp0 Mode is applicable
2025-12-31 10:54:20,322 [INFO] Rule:233 - rule WakeUp0 SIGNAL is applicable
2025-12-31 10:54:20,322 [INFO] Rule:233 - rule WakeUp1 Mode is applicable
2025-12-31 10:54:20,323 [INFO] Rule:233 - rule WakeUp1 SIGNAL is applicable
2025-12-31 10:54:20,323 [INFO] Rule:233 - rule WakeUp2 Mode is applicable
2025-12-31 10:54:20,323 [INFO] Rule:233 - rule WakeUp2 SIGNAL is applicable
2025-12-31 10:54:20,323 [INFO] Rule:233 - rule WakeUp4 Mode is applicable
2025-12-31 10:54:20,323 [INFO] Rule:233 - rule WakeUp4 SIGNAL is applicable
2025-12-31 10:54:20,323 [INFO] Rule:233 - rule WakeUp5 Mode is applicable
2025-12-31 10:54:20,324 [INFO] Rule:233 - rule WakeUp5 SIGNAL is applicable
2025-12-31 10:54:20,324 [INFO] Rule:233 - rule Add RTC Activate Clock Source is applicable
2025-12-31 10:54:20,324 [INFO] Rule:233 - rule Add RTC Activate Calendar 1 is applicable
2025-12-31 10:54:20,324 [INFO] Rule:233 - rule Add RTC Activate Calendar 2 is applicable
2025-12-31 10:54:20,324 [INFO] Rule:233 - rule Add RTC Activate Calendar 3 is applicable
2025-12-31 10:54:20,324 [INFO] Rule:233 - rule UART/USART TX Mode is applicable
2025-12-31 10:54:20,324 [INFO] Rule:233 - rule UART/USART RX Mode is applicable
2025-12-31 10:54:20,325 [INFO] Rule:233 - rule UART/USART RX TX Mode is applicable
2025-12-31 10:54:20,325 [INFO] Rule:233 - rule UART/USART PARITY NONE is applicable
2025-12-31 10:54:20,325 [INFO] Rule:233 - rule UART/USART PARITY EVEN is applicable
2025-12-31 10:54:20,325 [INFO] Rule:233 - rule UART/USART PARITY ODD is applicable
2025-12-31 10:54:20,325 [INFO] Rule:233 - rule USART StopBits 1 is applicable
2025-12-31 10:54:20,325 [INFO] Rule:233 - rule USART StopBits 2 is applicable
2025-12-31 10:54:20,325 [INFO] Rule:233 - rule USART StopBits 1.5 is applicable
2025-12-31 10:54:20,326 [INFO] Rule:233 - rule USART StopBits 0.5 is applicable
2025-12-31 10:54:20,326 [INFO] Rule:233 - rule UART/USART WORD LENGTH 7 is applicable
2025-12-31 10:54:20,326 [INFO] Rule:233 - rule UART/USART WORD LENGTH 8 is applicable
2025-12-31 10:54:20,326 [INFO] Rule:233 - rule UART/USART WORD LENGTH 9 is applicable
2025-12-31 10:54:20,326 [INFO] Rule:233 - rule Rename FMC NAND NCE signal is applicable
2025-12-31 10:54:20,326 [INFO] Rule:233 - rule Rename FMC NAND INT signal is applicable
2025-12-31 10:54:20,326 [INFO] Rule:233 - rule Change Default Value for LSE Drive Capability for WB family is applicable
2025-12-31 10:54:20,326 [INFO] Rule:233 - rule Change Default Value for ADC Clock Prescaler G0 family is applicable
2025-12-31 10:54:20,326 [INFO] Rule:233 - rule Change Default Value for ADC ExternalTrigConv L4 family is applicable
2025-12-31 10:54:20,327 [INFO] Rule:233 - rule Change Default Value for ADC ExternalTrigInjecConv L4 family is applicable
2025-12-31 10:54:20,327 [INFO] Rule:233 - rule Change Default Value for ADC ExternalTrigConv F3 family is applicable
2025-12-31 10:54:20,327 [INFO] Rule:233 - rule Change Default Value for ADC ExternalTrigInjecConv F3 family is applicable
2025-12-31 10:54:20,327 [INFO] Rule:233 - rule Change Default Value for ADC ExternalTrigConv Goldfish serie is applicable
2025-12-31 10:54:20,327 [INFO] Rule:233 - rule Change Default Value for ADC ExternalTrigInjecConv Goldfish serie is applicable
2025-12-31 10:54:20,327 [INFO] Rule:233 - rule Change Default Value for ADC ExternalTrigConv L0 family is applicable
2025-12-31 10:54:20,327 [INFO] Rule:233 - rule Change Default Value for ADC ExternalTrigConv F0 family is applicable
2025-12-31 10:54:20,327 [INFO] Rule:233 - rule Change Default Value for ADC ExternalTrigConvn L1 family is applicable
2025-12-31 10:54:20,327 [INFO] Rule:233 - rule Change Default Value for ADC ExternalTrigInjecConv L1 family is applicable
2025-12-31 10:54:20,327 [INFO] Rule:233 - rule Change Default Value for ADC ExternalTrigConv F1 family is applicable
2025-12-31 10:54:20,328 [INFO] Rule:233 - rule Change Default Value for ADC ExternalTrigInjecConv F1 family is applicable
2025-12-31 10:54:20,328 [INFO] Rule:233 - rule Change Default Value for ADC ExternalTrigConv F7 family is applicable
2025-12-31 10:54:20,328 [INFO] Rule:233 - rule Change Default Value for ADC ExternalTrigInjecConv F7 family is applicable
2025-12-31 10:54:20,328 [INFO] Rule:233 - rule Change Default Value for ADC ExternalTrigConv F4 and F2 family is applicable
2025-12-31 10:54:20,328 [INFO] Rule:233 - rule Change Default Value for ADC ExternalTrigInjecConv F4 and F2 family is applicable
2025-12-31 10:54:20,328 [INFO] Rule:233 - rule ADC SamplingTime fix with FW L0  is applicable
2025-12-31 10:54:20,328 [INFO] Rule:233 - rule ADC SamplingTime fix with FW L0  is applicable
2025-12-31 10:54:20,328 [INFO] Rule:233 - rule ADC SamplingTime fix with FW L0 is applicable
2025-12-31 10:54:20,328 [INFO] Rule:233 - rule ADC SamplingTime fix with FW L0 is applicable
2025-12-31 10:54:20,329 [INFO] Rule:233 - rule ADC SamplingTime fix with FW L0  is applicable
2025-12-31 10:54:20,329 [INFO] Rule:233 - rule ADC SamplingTime fix with FW L0 is applicable
2025-12-31 10:54:20,329 [INFO] Rule:233 - rule Rename USB_OE Signal is applicable
2025-12-31 10:54:20,329 [INFO] Rule:233 - rule Rename Activate_OE Mode is applicable
2025-12-31 10:54:20,329 [INFO] Rule:233 - rule Rename DIE462/DIE415 pin PC14/OSC32_IN -> PC14-OSC32_IN (PC14) is applicable
2025-12-31 10:54:20,330 [INFO] Rule:233 - rule Rename DIE462/DIE415 pin PC15/OSC32_OUT -> PC15-OSC32_OUT (PC15) is applicable
2025-12-31 10:54:20,330 [INFO] Rule:233 - rule Rename DIE462/DIE415 pin PH0/OSC_IN -> PH0-OSC_IN (PH0) is applicable
2025-12-31 10:54:20,330 [INFO] Rule:233 - rule Rename DIE462/DIE415 pin PH1/OSC_OUT -> PH1-OSC_OUT (PH1) is applicable
2025-12-31 10:54:20,330 [INFO] Rule:233 - rule Rename DIE462 pin PA13 -> PA13 (JTMS/SWDIO) is applicable
2025-12-31 10:54:20,330 [INFO] Rule:233 - rule Rename DIE415 pin PA13 -> PA13 (JTMS/SWDIO) is applicable
2025-12-31 10:54:20,330 [INFO] Rule:233 - rule Rename DIE462 pin PA14 -> PA14 (JTCK/SWCLK) is applicable
2025-12-31 10:54:20,331 [INFO] Rule:233 - rule Rename DIE415 pin PA14 -> PA14 (JTCK/SWCLK) is applicable
2025-12-31 10:54:20,331 [INFO] Rule:233 - rule Rename DIE462/DIE415 pin PA15 -> PA15 (JTDI) is applicable
2025-12-31 10:54:20,331 [INFO] Rule:233 - rule Rename DIE462 pin PB3 -> PB3 (JTD0/TRACESWO) is applicable
2025-12-31 10:54:20,331 [INFO] Rule:233 - rule Rename DIE415 pin PB3 -> PB3 (JTD0-TRACESWO) is applicable
2025-12-31 10:54:20,331 [INFO] Rule:233 - rule Rename DIE462/DIE415 pin PB4 -> PB4 (NJTRST) is applicable
2025-12-31 10:54:20,331 [INFO] Rule:233 - rule Rename DIE462 pin PH3/BOOT0 -> PH3-BOOT0 (BOOT0) is applicable
2025-12-31 10:54:20,331 [INFO] Rule:233 - rule Rename CRYP DataEncryptionTypesList to Algorithm is applicable
2025-12-31 10:54:20,332 [INFO] Rule:233 - rule Rename AES DataEncryptionTypesList to Algorithm is applicable
2025-12-31 10:54:20,332 [INFO] Rule:233 - rule Rename TDESECB to CRYP_TDES_ECB is applicable
2025-12-31 10:54:20,333 [INFO] Rule:233 - rule Rename TDESCBC to CRYP_TDES_CBC is applicable
2025-12-31 10:54:20,333 [INFO] Rule:233 - rule Rename DESECB to CRYP_DES_ECB is applicable
2025-12-31 10:54:20,334 [INFO] Rule:233 - rule Rename DESCBC to CRYP_DES_CBC is applicable
2025-12-31 10:54:20,334 [INFO] Rule:233 - rule Rename AESECB to CRYP_AES_ECB is applicable
2025-12-31 10:54:20,334 [INFO] Rule:233 - rule Rename AESCBC to CRYP_AES_CBC is applicable
2025-12-31 10:54:20,334 [INFO] Rule:233 - rule Rename AESCTR to CRYP_AES_CTR is applicable
2025-12-31 10:54:20,334 [INFO] Rule:233 - rule Rename AESGCM to CRYP_AES_GCM is applicable
2025-12-31 10:54:20,335 [INFO] Rule:233 - rule Rename AESCCM to CRYP_AES_CCM is applicable
2025-12-31 10:54:20,335 [INFO] Rule:233 - rule Rename CAN TimeSeg1 to BS1 is applicable
2025-12-31 10:54:20,335 [INFO] Rule:233 - rule Rename CAN TimeSeg2 to BS2 is applicable
2025-12-31 10:54:20,335 [INFO] Rule:233 - rule Rename CAN SyncJumpWidth to SJW is applicable
2025-12-31 10:54:20,335 [INFO] Rule:233 - rule TimeTriggeredMode to TTCM is applicable
2025-12-31 10:54:20,335 [INFO] Rule:233 - rule Rename CAN AutoBusOff to ABOM is applicable
2025-12-31 10:54:20,335 [INFO] Rule:233 - rule Rename CAN AutoWakeUp to AWUM is applicable
2025-12-31 10:54:20,336 [INFO] Rule:233 - rule Rename CAN AutoRetransmission to NART is applicable
2025-12-31 10:54:20,336 [INFO] Rule:233 - rule Rename CAN ReceiveFifoLocked to RFLM is applicable
2025-12-31 10:54:20,336 [INFO] Rule:233 - rule Rename CAN TransmitFifoPriority to TXFP is applicable
2025-12-31 10:54:20,336 [INFO] Rule:233 - rule Rename HRTIMER HRTIM_OUTPUTFAULTLEVEL_HIGH in HRTIMER HRTIM_OUTPUTFAULTLEVEL_HIGHZ is applicable
2025-12-31 10:54:20,336 [INFO] Rule:233 - rule Rename TIMER TIM_CLEARINPUTSOURCE_OCREFCLR in  TIMER TIM_CLEARINPUTSOURCE_NONE for F7 family is applicable
2025-12-31 10:54:20,337 [INFO] Rule:233 - rule FDCAN_R1 - Rename FDCAN mode Master into Classic is applicable
2025-12-31 10:54:20,337 [INFO] Rule:233 - rule FDCAN_R2 - Rename FDCAN mode Slave into Classic is applicable
2025-12-31 10:54:20,337 [INFO] Rule:233 - rule FDCAN1_R3 - if PA10.Mode=FullDuplex, add Pin PA12 is applicable
2025-12-31 10:54:20,337 [INFO] Rule:233 - rule FDCAN1_R3 - if PA9.Mode=FullDuplex, add Pin PA11 is applicable
2025-12-31 10:54:20,337 [INFO] Rule:233 - rule FDCAN1_R3 - Alternatepin_1 - if PE1.Mode=FullDuplex, add Pin PB9 is applicable
2025-12-31 10:54:20,337 [INFO] Rule:233 - rule FDCAN1_R3 - Alternatepin_1 - if PE0.Mode=FullDuplex, add Pin PB8 is applicable
2025-12-31 10:54:20,337 [INFO] Rule:233 - rule FDCAN1_R3 - Alternatepin_2 - if PD5.Mode=FullDuplex, add Pin PD1 is applicable
2025-12-31 10:54:20,338 [INFO] Rule:233 - rule FDCAN1_R3 - Alternatepin_2 - if PD4.Mode=FullDuplex, add Pin PD0 is applicable
2025-12-31 10:54:20,338 [INFO] Rule:233 - rule FDCAN1_R4 - Rename Mode FullDuplex into Enable FDCAN_TXFD for pin PA10 is applicable
2025-12-31 10:54:20,339 [INFO] Rule:233 - rule FDCAN1_R4 - Rename Mode FullDuplex into Enable FDCAN_TXFD for pin PA9 is applicable
2025-12-31 10:54:20,339 [INFO] Rule:233 - rule FDCAN1_R4 - Alternatepin_1 - Rename Mode FullDuplex into Enable FDCAN_TXFD for pin PE1 is applicable
2025-12-31 10:54:20,339 [INFO] Rule:233 - rule FDCAN1_R4 - Alternatepin_1 - Rename Mode FullDuplex into Enable FDCAN_TXFD for pin PE0 is applicable
2025-12-31 10:54:20,339 [INFO] Rule:233 - rule FDCAN1_R4 - Alternatepin_2 - Rename Mode FullDuplex into Enable FDCAN_TXFD for pin PD5 is applicable
2025-12-31 10:54:20,339 [INFO] Rule:233 - rule FDCAN1_R4 - Alternatepin_2 - Rename Mode FullDuplex into Enable FDCAN_TXFD for pin PD4 is applicable
2025-12-31 10:54:20,339 [INFO] Rule:233 - rule FDCAN2_R3 - if PD10.Mode=FullDuplex, add Pin PB13 is applicable
2025-12-31 10:54:20,340 [INFO] Rule:233 - rule FDCAN2_R3 - if PD9.Mode=FullDuplex, add Pin PB12 is applicable
2025-12-31 10:54:20,340 [INFO] Rule:233 - rule FDCAN2_R3 - Alternatepin_1 - if PB7.Mode=FullDuplex, add Pin PB6 is applicable
2025-12-31 10:54:20,340 [INFO] Rule:233 - rule FDCAN2_R3 - Alternatepin_1 - if PD9.Mode=FullDuplex, add Pin PB12 is applicable
2025-12-31 10:54:20,340 [INFO] Rule:233 - rule FDCAN2_R4 - Rename Mode FullDuplex into Enable FDCAN_TXFD for pin PD10 is applicable
2025-12-31 10:54:20,340 [INFO] Rule:233 - rule FDCAN2_R4 - Rename Mode FullDuplex into Enable FDCAN_TXFD for pin PD9 is applicable
2025-12-31 10:54:20,340 [INFO] Rule:233 - rule FDCAN2_R4 - Alternatepin_1 - Rename Mode FullDuplex into Enable FDCAN_TXFD for pin PB7 is applicable
2025-12-31 10:54:20,340 [INFO] Rule:233 - rule FDCAN2_R4 - Alternatepin_1 - Rename Mode FullDuplex into Enable FDCAN_TXFD for pin PD6 is applicable
2025-12-31 10:54:20,341 [INFO] Rule:233 - rule USART TxPinLevelInvertParam Mode is applicable
2025-12-31 10:54:20,341 [INFO] Rule:233 - rule USART RxPinLevelInvertParam Mode is applicable
2025-12-31 10:54:20,341 [INFO] Rule:233 - rule USART DataInvertParam Mode is applicable
2025-12-31 10:54:20,341 [INFO] Rule:233 - rule USART SwapParam Mode is applicable
2025-12-31 10:54:20,341 [INFO] Rule:233 - rule USART OverrunDisableParam Mode is applicable
2025-12-31 10:54:20,341 [INFO] Rule:233 - rule USART DMADisableonRxErrorParam Mode is applicable
2025-12-31 10:54:20,341 [INFO] Rule:233 - rule USART MSBFirstParam Mode is applicable
2025-12-31 10:54:20,342 [INFO] Rule:233 - rule Update MwName for USB_DEVICE is applicable
2025-12-31 10:54:20,342 [INFO] Rule:233 - rule Change PWR_Regulator_Voltage_Scale Default Value for RCC  H7 family is applicable
2025-12-31 10:54:20,342 [INFO] Rule:233 - rule UART/USART IPParameter rename Prescaler parameter to ClockPrescaler is applicable
2025-12-31 10:54:20,342 [INFO] Rule:233 - rule UART/USART Prescaler rename Prescaler parameter to ClockPrescaler is applicable
2025-12-31 10:54:20,342 [INFO] Rule:233 - rule TIM1CLockSelection is applicable
2025-12-31 10:54:20,342 [INFO] Rule:233 - rule TIM15CLockSelection is applicable
2025-12-31 10:54:20,342 [INFO] Rule:233 - rule align RCC SDMMC3CLockSelection default value on MP1 is applicable
2025-12-31 10:54:20,343 [INFO] Rule:233 - rule align RCC SDMMC12CLockSelection default value on MP1 is applicable
2025-12-31 10:54:20,343 [INFO] Rule:233 - rule align RCC QSPICLockSelection default value on MP1 is applicable
2025-12-31 10:54:20,343 [INFO] Rule:233 - rule align RCC QSPICLockSelection default value on MP1 is applicable
2025-12-31 10:54:20,343 [INFO] Rule:233 - rule align RCC SPI6CLockSelection default value on MP1 is applicable
2025-12-31 10:54:20,343 [INFO] Rule:233 - rule align RCC LPTIM23CLockSelection default value on MP1 is applicable
2025-12-31 10:54:20,343 [INFO] Rule:233 - rule align RCC LPTIM1CLockSelection default value on MP1 is applicable
2025-12-31 10:54:20,344 [INFO] Rule:233 - rule align RCC USART1CLockSelection default value on MP1 is applicable
2025-12-31 10:54:20,344 [INFO] Rule:233 - rule align RCC USART24CLockSelection default value on MP1 is applicable
2025-12-31 10:54:20,344 [INFO] Rule:233 - rule align RCC USART6CLockSelection default value on MP1 is applicable
2025-12-31 10:54:20,344 [INFO] Rule:233 - rule align RCC UART78CLockSelection default value on MP1 is applicable
2025-12-31 10:54:20,344 [INFO] Rule:233 - rule align RCC USART35CLockSelection default value on MP1 is applicable
2025-12-31 10:54:20,344 [INFO] Rule:233 - rule align RCC SPI45CLockSelection default value on MP1 is applicable
2025-12-31 10:54:20,344 [INFO] Rule:233 - rule align RCC I2C46CLockSelection BCLK value on MP1 is applicable
2025-12-31 10:54:20,345 [INFO] Rule:233 - rule align RCC SPI45CLockSelection default value on MP1 is applicable
2025-12-31 10:54:20,345 [INFO] Rule:233 - rule align RCC I2C12CLockSelection default value on MP1 is applicable
2025-12-31 10:54:20,345 [INFO] Rule:233 - rule align RCC I2C35CLockSelection default value on MP1 is applicable
2025-12-31 10:54:20,345 [INFO] Rule:233 - rule align RCC LPTIM45CLockSelection default value on MP1 is applicable
2025-12-31 10:54:20,345 [INFO] Rule:233 - rule Rename DCMI PIXCK signal is applicable
2025-12-31 10:54:20,345 [INFO] Rule:233 - rule Change Default Value for I2C46CLockSelection MP1 family is applicable
2025-12-31 10:54:20,345 [INFO] Rule:233 - rule Change Default Value for UART for G4, G0 and WB families is applicable
2025-12-31 10:54:20,346 [INFO] Rule:233 - rule Change Default Value for USART for G4, G0 and WB families is applicable
2025-12-31 10:54:20,346 [INFO] Rule:233 - rule Change Default Value for USART for G4 family is applicable
2025-12-31 10:54:20,346 [INFO] Rule:233 - rule Change USART1CLockSelection refparam name for MP1 is applicable
2025-12-31 10:54:20,346 [INFO] Rule:233 - rule Change USART2CLockSelection refparam name for MP1 is applicable
2025-12-31 10:54:20,346 [INFO] Rule:233 - rule Change USART3CLockSelection refparam name for MP1 is applicable
2025-12-31 10:54:20,346 [INFO] Rule:233 - rule Change UART4CLockSelection refparam name for MP1 is applicable
2025-12-31 10:54:20,346 [INFO] Rule:233 - rule Change UART5CLockSelection refparam name for MP1 is applicable
2025-12-31 10:54:20,347 [INFO] Rule:233 - rule Change LPUART1CLockSelection refparam name for MP1 is applicable
2025-12-31 10:54:20,347 [INFO] Rule:233 - rule Change LPTIM1CLockSelection refparam name for MP1 is applicable
2025-12-31 10:54:20,347 [INFO] Rule:233 - rule Change LPTIM2CLockSelection refparam name for MP1 is applicable
2025-12-31 10:54:20,347 [INFO] Rule:233 - rule Change RCC_MCO1Source refparam name for MP1 is applicable
2025-12-31 10:54:20,347 [INFO] Rule:233 - rule Change LSCOSource1 refparam name for MP1 is applicable
2025-12-31 10:54:20,347 [INFO] Rule:233 - rule Change SMPSCLockSelection refparam name for MP1 is applicable
2025-12-31 10:54:20,348 [INFO] Rule:233 - rule Change LPTIM3CLockSelection refparam name for MP1 is applicable
2025-12-31 10:54:20,348 [INFO] Rule:233 - rule Change MPCBB* Default Template Mode to Parameters is applicable
2025-12-31 10:54:20,348 [INFO] Rule:233 - rule Change MPCWM* or MPCBB* Secure Mode to Parameters is applicable
2025-12-31 10:54:20,349 [INFO] Rule:233 - rule Change MPCWM* or MPCBB* No Secure Mode to Parameters is applicable
2025-12-31 10:54:20,349 [INFO] Rule:233 - rule Change TZSC IP Secure Mode to Parameters is applicable
2025-12-31 10:54:20,350 [INFO] Rule:233 - rule Change TZSC IP No Secure Mode to Parameters is applicable
2025-12-31 10:54:20,350 [INFO] Rule:233 - rule Change TZSC IP Privilege Mode to Parameters is applicable
2025-12-31 10:54:20,350 [INFO] Rule:233 - rule Change TZSC IP No Privilege Mode to Parameters is applicable
2025-12-31 10:54:20,350 [INFO] Rule:233 - rule Change TZIC IT Secure Mode to Parameters is applicable
2025-12-31 10:54:20,350 [INFO] Rule:233 - rule Change TZIC IT No Secure Mode to Parameters is applicable
2025-12-31 10:54:20,351 [INFO] Rule:233 - rule Add MPCBB1_NonSecureArea_Start_Address value with referenced to MPCBB1_NonSecureArea_Start value is applicable
2025-12-31 10:54:20,351 [INFO] Rule:233 - rule Add MPCBB2_NonSecureArea_Start_Address value with referenced to MPCBB2_NonSecureArea_Start value is applicable
2025-12-31 10:54:20,351 [INFO] Rule:233 - rule Add MPCWM1_NonSecureArea*_Start_Address value with referenced to MPCWM1_NonSecureArea*_Start value is applicable
2025-12-31 10:54:20,351 [INFO] Rule:233 - rule Add MPCWM2_NonSecureArea*_Start_Address value with referenced to MPCWM2_NonSecureArea*_Start value is applicable
2025-12-31 10:54:20,351 [INFO] Rule:233 - rule Add MPCWM3_NonSecureArea_Start_Address value with referenced to MPCWM3_NonSecureArea_Start value is applicable
2025-12-31 10:54:20,351 [INFO] Rule:233 - rule Change Default Value for PLL1UserDefinedConfig is applicable
2025-12-31 10:54:20,352 [INFO] Rule:233 - rule Change GPIO_PuPd Default Value for USART in async mode is applicable
2025-12-31 10:54:20,352 [INFO] Rule:233 - rule Change SMPSDivider Default Value is applicable
2025-12-31 10:54:20,352 [INFO] Rule:233 - rule OPAMP is applicable
2025-12-31 10:54:20,352 [INFO] Rule:233 - rule LPUART IPParameter rename Prescaler parameter to ClockPrescaler for STM32H7 is applicable
2025-12-31 10:54:20,352 [INFO] Rule:233 - rule LPUART IPParameter rename Prescaler parameter to ClockPrescaler for STM32H7 is applicable
2025-12-31 10:54:20,352 [INFO] Rule:233 - rule LPUART IPParameter rename Prescaler parameter to ClockPrescaler for STM32WB is applicable
2025-12-31 10:54:20,352 [INFO] Rule:233 - rule LPUART IPParameter rename Prescaler parameter to ClockPrescaler for STM32WB is applicable
2025-12-31 10:54:20,352 [INFO] Rule:233 - rule LPUART IPParameter rename Prescaler parameter to ClockPrescaler for STM32G4 is applicable
2025-12-31 10:54:20,352 [INFO] Rule:233 - rule LPUART IPParameter rename Prescaler parameter to ClockPrescaler for STM32G4 is applicable
2025-12-31 10:54:20,352 [INFO] Rule:233 - rule LPUART IPParameter rename Prescaler parameter to ClockPrescaler for STM32L5 is applicable
2025-12-31 10:54:20,352 [INFO] Rule:233 - rule LPUART IPParameter rename Prescaler parameter to ClockPrescaler for STM32L5 is applicable
2025-12-31 10:54:20,353 [INFO] Rule:233 - rule LPUART IPParameter rename Prescaler parameter to ClockPrescaler for STM32G4 is applicable
2025-12-31 10:54:20,353 [INFO] Rule:233 - rule LPUART IPParameter rename Prescaler parameter to ClockPrescaler for STM32G4 is applicable
2025-12-31 10:54:20,353 [INFO] Rule:233 - rule USB device lib V2.5.3 for L0 rename USBD_SUPPORT_USER_STRING parameter to USBD_SUPPORT_USER_STRING_DESC4 is applicable
2025-12-31 10:54:20,353 [INFO] Rule:233 - rule I2SCLockSelection clock entry align is applicable
2025-12-31 10:54:20,353 [INFO] Rule:233 - rule Assign TIMx context if used as SYS timebase is applicable
2025-12-31 10:54:20,353 [INFO] Rule:233 - rule Change GPIO_Pu Default Value for I2C is applicable
2025-12-31 10:54:20,353 [INFO] Rule:233 - rule Change GPIO_Pu Default Value for SMBus is applicable
2025-12-31 10:54:20,353 [INFO] Rule:233 - rule change FDCAN default value is applicable
2025-12-31 10:54:20,353 [INFO] Rule:233 - rule Change mode sai is applicable
2025-12-31 10:54:20,354 [INFO] Rule:233 - rule **Change sai mode is applicable
2025-12-31 10:54:20,354 [INFO] Rule:233 - rule Rename STM32WPAN CFG_BLE_IRK to CFG_BLE_IR is applicable
2025-12-31 10:54:20,354 [INFO] Rule:233 - rule Rename STM32WPAN CFG_BLE_ERK to CFG_BLE_ER is applicable
2025-12-31 10:54:20,354 [INFO] Rule:233 - rule Rename STM32WPAN CFG_BLE_IRK_HEX to CFG_BLE_IR_HEX is applicable
2025-12-31 10:54:20,354 [INFO] Rule:233 - rule Rename STM32WPAN CFG_BLE_ERK_HEX to CFG_BLE_ER_HEX is applicable
2025-12-31 10:54:20,354 [INFO] Rule:233 - rule Adapt Old IOC before rework replace old CORTEX_M33/CORTEX_M55 attributes by the new one. is applicable
2025-12-31 10:54:20,355 [INFO] Rule:233 - rule Rename parametre of RCC RCC_APBDBG_DIV2 to RCC_TIMPRES_DIV2 is applicable
2025-12-31 10:54:20,355 [INFO] Rule:233 - rule Rename DIE493 pin PA10 [PA12] -> PA10 is applicable
2025-12-31 10:54:20,355 [INFO] Rule:233 - rule Rename DIE493 pin PA9 [PA11] -> PA9 is applicable
2025-12-31 10:54:20,355 [INFO] Rule:233 - rule Rename DIE492 PartNumber CPN STM32WBA5MJGHx -> STM32WBA5MMGHx is applicable
2025-12-31 10:54:20,355 [INFO] Rule:233 - rule Rename DIE492 PartNumber  Name STM32WBA5MJGHx -> STM32WBA5MMGHx is applicable
2025-12-31 10:54:20,355 [INFO] Rule:233 - rule Rename DIE492 PartNumber UserName STM32WBA5MJGHx -> STM32WBA5MMGHx is applicable
2025-12-31 10:54:20,355 [INFO] Rule:233 - rule Rename DIE492 PartNumber DeviceId STM32WBA5MJGHx -> STM32WBA5MMGHx is applicable
2025-12-31 10:54:20,355 [INFO] Rule:233 - rule Adapt Old IOC CSI. is applicable
2025-12-31 10:54:20,355 [INFO] Rule:233 - rule Adapt Old IOC DCMIPP. is applicable
2025-12-31 10:54:20,355 [INFO] Rule:233 - rule Adapt Old IOC DCMIPP Mode Parallel. is applicable
2025-12-31 10:54:20,355 [INFO] Rule:233 - rule Adapt Old IOC LTDC. is applicable
2025-12-31 10:54:20,356 [INFO] Rule:233 - rule Rename STM32MP2 RIF Peripheral LTDC RIF.RISUP.LTDC_L0L1.Privilege -> RIF.RISUP.LTDC_L1L2.Privilege is applicable
2025-12-31 10:54:20,356 [INFO] Rule:233 - rule Rename STM32MP2 RIF Peripheral LTDC RIF.RISUP.LTDC_L0L1.Privilege -> RIF.RISUP.LTDC_L1L2.Privilege is applicable
2025-12-31 10:54:20,356 [INFO] Rule:233 - rule Rename STM32MP2 RIF Peripheral LTDC RIF.RISUP.LTDC_L0L1.Lock -> RIF.RISUP.LTDC_L1L2.Lock is applicable
2025-12-31 10:54:20,356 [INFO] Rule:233 - rule Rename STM32MP2 RIF Peripheral LTDC RIF.RISUP.LTDC_L2.Lock -> RIF.RISUP.LTDC_L3.Lock is applicable
2025-12-31 10:54:20,356 [INFO] Rule:233 - rule Adapt the old IOC example for updating the SYS when it is misconfigured. is applicable
2025-12-31 10:54:20,356 [INFO] Rule:233 - rule Rename STM32C09 Mcu.Package LQFP64 -> LQFP48 is applicable
2025-12-31 10:54:20,356 [INFO] Rule:233 - rule Adapt the old IOC example for updating the SYS when it is misconfigured. is applicable
2025-12-31 10:54:20,356 [INFO] Rule:233 - rule Adapt the old IOC example for updating the SYS when it is misconfigured. is applicable
2025-12-31 10:54:20,453 [INFO] DbConfProperties:307 - Apply Compatibility (54/282 Rules)
2025-12-31 10:54:20,535 [INFO] ImportTextPane:234 - (OptionalMessage_ERROR) Unable to find key (Mcu.ThirdPartyNb) in loaded IOC file
2025-12-31 10:54:20,561 [INFO] ImportTextPane:234 - (OptionalMessage_ERROR) Pin35 (VP_RIF_VS_RIF1) cannot be retrieved for this MCU
2025-12-31 10:54:21,007 [INFO] RtosManager:558 - Registered RTOS mode: class=CMSIS, group=RTOS, mode=CMSIS_V1, owner=FREERTOS
2025-12-31 10:54:21,008 [INFO] RtosManager:558 - Registered RTOS mode: class=CMSIS, group=RTOS2, mode=CMSIS_V2, owner=FREERTOS
2025-12-31 10:54:21,009 [INFO] RtosManager:558 - Registered RTOS mode: class=RTOS, group=Core, mode=CMSIS_V1, owner=FREERTOS
2025-12-31 10:54:21,009 [INFO] RtosManager:558 - Registered RTOS mode: class=RTOS, group=Core, mode=CMSIS_V2, owner=FREERTOS
2025-12-31 10:54:21,010 [WARN] ModelIntegratedComponent:184 - Missing modes for component STMicroelectronics:FreeRTOS:0.0.1:STMicroelectronics:RTOS:FreeRTOS:Core:::10.2.0:
2025-12-31 10:54:21,063 [WARN] ModelIntegratedComponent:63 - No mode defined for component null
2025-12-31 10:54:21,064 [WARN] ModelIntegratedComponent:63 - No mode defined for component null
2025-12-31 10:54:21,064 [WARN] ModelIntegratedComponent:63 - No mode defined for component null
2025-12-31 10:54:21,064 [WARN] ModelIntegratedComponent:63 - No mode defined for component null
2025-12-31 10:54:21,064 [WARN] ModelIntegratedComponent:63 - No mode defined for component null
2025-12-31 10:54:21,064 [WARN] ModelIntegratedComponent:63 - No mode defined for component null
2025-12-31 10:54:21,064 [WARN] ModelIntegratedComponent:63 - No mode defined for component null
2025-12-31 10:54:21,064 [WARN] ModelIntegratedComponent:63 - No mode defined for component null
2025-12-31 10:54:21,065 [WARN] ModelIntegratedComponent:63 - No mode defined for component null
2025-12-31 10:54:21,065 [WARN] ModelIntegratedComponent:63 - No mode defined for component null
2025-12-31 10:54:21,065 [WARN] ModelIntegratedComponent:63 - No mode defined for component null
2025-12-31 10:54:21,065 [WARN] ModelIntegratedComponent:63 - No mode defined for component null
2025-12-31 10:54:21,066 [WARN] ModelIntegratedComponent:63 - No mode defined for component null
2025-12-31 10:54:21,066 [WARN] ModelIntegratedComponent:63 - No mode defined for component null
2025-12-31 10:54:21,067 [WARN] ModelIntegratedComponent:63 - No mode defined for component null
2025-12-31 10:54:21,067 [WARN] ModelIntegratedComponent:63 - No mode defined for component null
2025-12-31 10:54:21,067 [WARN] ModelIntegratedComponent:63 - No mode defined for component null
2025-12-31 10:54:21,067 [WARN] ModelIntegratedComponent:63 - No mode defined for component null
2025-12-31 10:54:21,067 [WARN] ModelIntegratedComponent:63 - No mode defined for component null
2025-12-31 10:54:21,067 [WARN] ModelIntegratedComponent:63 - No mode defined for component null
2025-12-31 10:54:21,067 [WARN] ModelIntegratedComponent:63 - No mode defined for component null
2025-12-31 10:54:21,067 [WARN] ModelIntegratedComponent:63 - No mode defined for component null
2025-12-31 10:54:21,067 [WARN] ModelIntegratedComponent:63 - No mode defined for component null
2025-12-31 10:54:21,068 [WARN] ModelIntegratedComponent:63 - No mode defined for component null
2025-12-31 10:54:21,068 [WARN] ModelIntegratedComponent:63 - No mode defined for component null
2025-12-31 10:54:21,068 [WARN] ModelIntegratedComponent:63 - No mode defined for component null
2025-12-31 10:54:21,068 [WARN] ModelIntegratedComponent:63 - No mode defined for component null
2025-12-31 10:54:21,068 [WARN] ModelIntegratedComponent:63 - No mode defined for component null
2025-12-31 10:54:21,068 [WARN] ModelIntegratedComponent:63 - No mode defined for component null
2025-12-31 10:54:21,068 [WARN] ModelIntegratedComponent:63 - No mode defined for component null
2025-12-31 10:54:21,068 [WARN] ModelIntegratedComponent:63 - No mode defined for component null
2025-12-31 10:54:21,068 [WARN] ModelIntegratedComponent:63 - No mode defined for component null
2025-12-31 10:54:21,068 [WARN] ModelIntegratedComponent:63 - No mode defined for component null
2025-12-31 10:54:21,068 [WARN] ModelIntegratedComponent:63 - No mode defined for component null
2025-12-31 10:54:21,068 [WARN] ModelIntegratedComponent:63 - No mode defined for component null
2025-12-31 10:54:21,069 [WARN] ModelPack:524 - Component already loaded: STMicroelectronics:HAL Drivers:0.0.0:STMicroelectronics:Device:STMicro_Driver:XSPI:HAL::0.0.1:HAL_XSPI
2025-12-31 10:54:21,131 [INFO] ThirdPartyModel:298 - Start build external matchings
2025-12-31 10:54:22,101 [INFO] ThirdPartyModel:316 - End build external matchings
2025-12-31 10:54:22,143 [INFO] ImportTextPane:234 - (OptionalMessage_ERROR) IP (RCC) : Parameter (RTCHSEDivFreq_Value) has invalid value (4000000)
2025-12-31 10:54:22,792 [INFO] UtilMem:75 - End LoadConfig() Used Memory: 955385816 Bytes (1073741824)
2025-12-31 10:54:23,152 [WARN] ThirdParty:833 - waiting for thirdparty lock release [change project]
2025-12-31 10:54:23,153 [INFO] ThirdParty:835 - entering critical section [change project]
2025-12-31 10:54:23,153 [INFO] ThirdParty:1030 - CMSIS Pack Vendor :STMicroelectronics X-CUBE-PM33A1 1.0.0
2025-12-31 10:54:23,153 [INFO] ThirdParty:1030 - CMSIS Pack Vendor :STMicroelectronics USBPD 4.1
2025-12-31 10:54:23,153 [INFO] ThirdParty:1030 - CMSIS Pack Vendor :STMicroelectronics X-CUBE-NFC9 1.0.0
2025-12-31 10:54:23,153 [INFO] ThirdParty:1030 - CMSIS Pack Vendor :STMicroelectronics USB_HOST 2.0.0
2025-12-31 10:54:23,153 [INFO] ThirdParty:1030 - CMSIS Pack Vendor :STMicroelectronics FP-SNS-MOTENVWB1 1.4.0
2025-12-31 10:54:23,153 [INFO] ThirdParty:1030 - CMSIS Pack Vendor :STMicroelectronics X-CUBE-AZRTOS-F4 1.1.0
2025-12-31 10:54:23,153 [INFO] ThirdParty:1030 - CMSIS Pack Vendor :STMicroelectronics LIBJPEG 8.0.0
2025-12-31 10:54:23,153 [INFO] ThirdParty:1030 - CMSIS Pack Vendor :STMicroelectronics FP-ATR-ASTRA1 2.0.2
2025-12-31 10:54:23,153 [INFO] ThirdParty:1030 - CMSIS Pack Vendor :STMicroelectronics X-CUBE-BLE1 7.1.0
2025-12-31 10:54:23,154 [INFO] ThirdParty:1030 - CMSIS Pack Vendor :STMicroelectronics X-CUBE-SMBUS 2.1.0
2025-12-31 10:54:23,154 [INFO] ThirdParty:1030 - CMSIS Pack Vendor :STMicroelectronics USB_DEVICE 3.0.0
2025-12-31 10:54:23,154 [INFO] ThirdParty:1030 - CMSIS Pack Vendor :STMicroelectronics X-CUBE-ISPU 2.1.0
2025-12-31 10:54:23,154 [INFO] ThirdParty:1030 - CMSIS Pack Vendor :STMicroelectronics X-CUBE-FREERTOS 1.4.0
2025-12-31 10:54:23,154 [INFO] ThirdParty:1030 - CMSIS Pack Vendor :STMicroelectronics X-CUBE-EEPRMA1 5.2.0
2025-12-31 10:54:23,154 [INFO] ThirdParty:1030 - CMSIS Pack Vendor :STMicroelectronics X-CUBE-IPS 3.2.0
2025-12-31 10:54:23,154 [INFO] ThirdParty:1030 - CMSIS Pack Vendor :STMicroelectronics X-CUBE-BLEMGR 4.1.0
2025-12-31 10:54:23,154 [INFO] ThirdParty:1030 - CMSIS Pack Vendor :STMicroelectronics X-CUBE-AZRTOS-WB 2.0.0
2025-12-31 10:54:23,154 [INFO] ThirdParty:1030 - CMSIS Pack Vendor :Cesanta I-CUBE-Mongoose 7.20.0
2025-12-31 10:54:23,154 [INFO] ThirdParty:1030 - CMSIS Pack Vendor :STMicroelectronics X-CUBE-NFC12 1.0.0
2025-12-31 10:54:23,154 [INFO] ThirdParty:1030 - CMSIS Pack Vendor :STMicroelectronics X-CUBE-AZRTOS-F7 1.1.0
2025-12-31 10:54:23,154 [INFO] ThirdParty:1030 - CMSIS Pack Vendor :STMicroelectronics X-CUBE-AZRTOS-L5 2.0.0
2025-12-31 10:54:23,154 [INFO] ThirdParty:1030 - CMSIS Pack Vendor :STMicroelectronics USB_DEVICE 2.0.0
2025-12-31 10:54:23,154 [INFO] ThirdParty:1030 - CMSIS Pack Vendor :STMicroelectronics X-CUBE-NFC6 3.1.0
2025-12-31 10:54:23,154 [INFO] ThirdParty:1030 - CMSIS Pack Vendor :STMicroelectronics X-CUBE-ST67W61 1.1.0
2025-12-31 10:54:23,155 [INFO] ThirdParty:1030 - CMSIS Pack Vendor :quantropi X-CUBE-qispace-sdk-base 2.1.0
2025-12-31 10:54:23,155 [INFO] ThirdParty:1030 - CMSIS Pack Vendor :STMicroelectronics X-CUBE-MEMS1 12.0.0
2025-12-31 10:54:23,155 [INFO] ThirdParty:1030 - CMSIS Pack Vendor :STMicroelectronics FP-SNS-MOTENV1 5.1.0
2025-12-31 10:54:23,155 [INFO] ThirdParty:1030 - CMSIS Pack Vendor :STMicroelectronics FreeRTOS 0.0.1
2025-12-31 10:54:23,155 [INFO] ThirdParty:1030 - CMSIS Pack Vendor :STMicroelectronics X-CUBE-AZRTOS-G0 1.1.0
2025-12-31 10:54:23,155 [INFO] ThirdParty:1030 - CMSIS Pack Vendor :STMicroelectronics X-CUBE-NFC4 3.0.0
2025-12-31 10:54:23,155 [INFO] ThirdParty:1030 - CMSIS Pack Vendor :STMicroelectronics X-CUBE-SUBG2 5.0.0
2025-12-31 10:54:23,155 [INFO] ThirdParty:1030 - CMSIS Pack Vendor :STMicroelectronics STM32_WPAN 1.0.0
2025-12-31 10:54:23,155 [INFO] ThirdParty:1030 - CMSIS Pack Vendor :EmbeddedOffice I-CUBE-FS-RTOS 1.0.1
2025-12-31 10:54:23,155 [INFO] ThirdParty:1030 - CMSIS Pack Vendor :STMicroelectronics lwIP 2.0.3
2025-12-31 10:54:23,155 [INFO] ThirdParty:1030 - CMSIS Pack Vendor :WES I-CUBE-Cesium 1.4.0
2025-12-31 10:54:23,155 [INFO] ThirdParty:1030 - CMSIS Pack Vendor :STMicroelectronics USB_HOST 1.0.0
2025-12-31 10:54:23,155 [INFO] ThirdParty:1030 - CMSIS Pack Vendor :STMicroelectronics X-CUBE-AZRTOS-G4 2.0.0
2025-12-31 10:54:23,155 [INFO] ThirdParty:1030 - CMSIS Pack Vendor :STMicroelectronics X-CUBE-WB05N 2.0.0
2025-12-31 10:54:23,155 [INFO] ThirdParty:1030 - CMSIS Pack Vendor :STMicroelectronics PDM2PCM 3.1.0
2025-12-31 10:54:23,156 [INFO] ThirdParty:1030 - CMSIS Pack Vendor :STMicroelectronics PDM2PCM 3.3.0
2025-12-31 10:54:23,156 [INFO] ThirdParty:1030 - CMSIS Pack Vendor :STMicroelectronics X-CUBE-AZRTOS-H7 3.4.0
2025-12-31 10:54:23,156 [INFO] ThirdParty:1030 - CMSIS Pack Vendor :STMicroelectronics X-CUBE-DISPLAY 3.0.0
2025-12-31 10:54:23,156 [INFO] ThirdParty:1030 - CMSIS Pack Vendor :STMicroelectronics X-CUBE-NFC7 2.0.0
2025-12-31 10:54:23,156 [INFO] ThirdParty:1030 - CMSIS Pack Vendor :STMicroelectronics X-CUBE-TCPP 4.2.0
2025-12-31 10:54:23,156 [INFO] ThirdParty:1030 - CMSIS Pack Vendor :RealThread X-CUBE-RT-Thread_Nano 4.1.1
2025-12-31 10:54:23,156 [INFO] ThirdParty:1030 - CMSIS Pack Vendor :STMicroelectronics FP-ATR-SIGFOX1 3.2.0
2025-12-31 10:54:23,156 [INFO] ThirdParty:1030 - CMSIS Pack Vendor :STMicroelectronics X-CUBE-NFC10 1.0.0
2025-12-31 10:54:23,156 [INFO] ThirdParty:1030 - CMSIS Pack Vendor :STMicroelectronics HAL Drivers 0.0.0
2025-12-31 10:54:23,156 [INFO] ThirdParty:1030 - CMSIS Pack Vendor :STMicroelectronics MBEDTLS 2.16.2
2025-12-31 10:54:23,156 [INFO] ThirdParty:1030 - CMSIS Pack Vendor :STMicroelectronics X-CUBE-ST60 1.1.0
2025-12-31 10:54:23,156 [INFO] ThirdParty:1030 - CMSIS Pack Vendor :STMicroelectronics X-CUBE-ALS 1.0.2
2025-12-31 10:54:23,156 [INFO] ThirdParty:1030 - CMSIS Pack Vendor :emotas I-CUBE-CANOPEN 1.3.0
2025-12-31 10:54:23,156 [INFO] ThirdParty:1030 - CMSIS Pack Vendor :STMicroelectronics MBEDTLS 2.14.1
2025-12-31 10:54:23,157 [INFO] ThirdParty:1030 - CMSIS Pack Vendor :STMicroelectronics X-CUBE-GNSS1 7.1.0
2025-12-31 10:54:23,157 [INFO] ThirdParty:1030 - CMSIS Pack Vendor :ITTIA_DB I-CUBE-ITTIADB 8.9.0
2025-12-31 10:54:23,157 [INFO] ThirdParty:1030 - CMSIS Pack Vendor :STMicroelectronics X-CUBE-TOUCHGFX 4.26.0
2025-12-31 10:54:23,157 [INFO] ThirdParty:1030 - CMSIS Pack Vendor :STMicroelectronics X-CUBE-STSE01 1.0.0
2025-12-31 10:54:23,157 [INFO] ThirdParty:1030 - CMSIS Pack Vendor :STMicroelectronics FP-SNS-STBOX1 2.1.0
2025-12-31 10:54:23,157 [INFO] ThirdParty:1030 - CMSIS Pack Vendor :STMicroelectronics X-CUBE-AI 10.2.0
2025-12-31 10:54:23,157 [INFO] ThirdParty:1030 - CMSIS Pack Vendor :STMicroelectronics FP-SNS-STAIOTCFT 1.0.0
2025-12-31 10:54:23,157 [INFO] ThirdParty:1030 - CMSIS Pack Vendor :STMicroelectronics ThreadX 1.0.0
2025-12-31 10:54:23,157 [INFO] ThirdParty:1030 - CMSIS Pack Vendor :STMicroelectronics FP-SNS-SMARTAG2 1.2.0
2025-12-31 10:54:23,157 [INFO] ThirdParty:1030 - CMSIS Pack Vendor :STMicroelectronics FP-SNS-FLIGHT1 5.1.0
2025-12-31 10:54:23,157 [INFO] ThirdParty:1030 - CMSIS Pack Vendor :STMicroelectronics X-CUBE-AZRTOS-WL 2.0.0
2025-12-31 10:54:23,157 [INFO] ThirdParty:1030 - CMSIS Pack Vendor :SEGGER I-CUBE-embOS 1.3.1
2025-12-31 10:54:23,157 [INFO] ThirdParty:1030 - CMSIS Pack Vendor :STMicroelectronics X-CUBE-ALGOBUILD 1.4.0
2025-12-31 10:54:23,157 [INFO] ThirdParty:1030 - CMSIS Pack Vendor :STMicroelectronics X-CUBE-DPower 1.3.0
2025-12-31 10:54:23,158 [INFO] ThirdParty:1030 - CMSIS Pack Vendor :STMicroelectronics USB_DEVICE 1.0.0
2025-12-31 10:54:23,158 [INFO] ThirdParty:1030 - CMSIS Pack Vendor :STMicroelectronics X-CUBE-AZRTOS-H7RS 1.2.0
2025-12-31 10:54:23,158 [INFO] ThirdParty:1030 - CMSIS Pack Vendor :STMicroelectronics X-CUBE-AZRTOS-L4 2.0.0
2025-12-31 10:54:23,158 [INFO] ThirdParty:1030 - CMSIS Pack Vendor :STMicroelectronics ThreadX 0.0.2
2025-12-31 10:54:23,158 [INFO] ThirdParty:1030 - CMSIS Pack Vendor :STMicroelectronics lwIP 2.1.2
2025-12-31 10:54:23,158 [INFO] ThirdParty:1030 - CMSIS Pack Vendor :STMicroelectronics X-CUBE-SFXS2LP1 4.0.0
2025-12-31 10:54:23,158 [INFO] ThirdParty:1030 - CMSIS Pack Vendor :STMicroelectronics X-CUBE-BLE2 3.3.0
2025-12-31 10:54:23,158 [INFO] ThirdParty:1030 - CMSIS Pack Vendor :STMicroelectronics X-CUBE-TOF1 3.4.3
2025-12-31 10:54:23,158 [INFO] ThirdParty:1030 - CMSIS Pack Vendor :Infineon AIROC-Wi-Fi-Bluetooth-STM32 1.8.0
2025-12-31 10:54:23,158 [INFO] ThirdParty:1030 - CMSIS Pack Vendor :STMicroelectronics PDM2PCM 3.2.0
2025-12-31 10:54:23,159 [INFO] ThirdParty:841 - exiting critical section [change project]
2025-12-31 10:54:24,024 [INFO] PinOutPanel:1589 - setPackage(No Configuration,No Configuration)
2025-12-31 10:54:24,026 [INFO] PinOutPanel:1589 - setPackage(STM32F407VGTx,LQFP100)
2025-12-31 10:54:24,885 [INFO] UtilMem:75 - Before build in PCC Used Memory: 954464920 Bytes (1073741824)
2025-12-31 10:54:26,189 [INFO] UtilMem:75 - After build in PCC Used Memory: 1027695392 Bytes (1073741824)
2025-12-31 10:54:26,377 [INFO] ApiDbMcu:532 - Load IP Config File for USB_HOST
2025-12-31 10:54:26,380 [WARN] BspModel:444 - BSP dependency skipped because of component: name='IOExpander', api='Unknown'
2025-12-31 10:54:26,443 [INFO] IPUIPlugin:80 - create IPUIPlugin
2025-12-31 10:54:26,443 [INFO] IPUIPlugin:80 - create IPUIPlugin
2025-12-31 10:54:26,443 [INFO] IPUIPlugin:80 - create IPUIPlugin
2025-12-31 10:54:26,444 [INFO] IPUIPlugin:80 - create IPUIPlugin
2025-12-31 10:54:26,444 [INFO] IPUIPlugin:80 - create IPUIPlugin
2025-12-31 10:54:26,444 [INFO] IPUIPlugin:80 - create IPUIPlugin
2025-12-31 10:54:26,444 [INFO] IPUIPlugin:80 - create IPUIPlugin
2025-12-31 10:54:26,445 [INFO] IPUIPlugin:80 - create IPUIPlugin
2025-12-31 10:54:26,446 [INFO] IPUIPlugin:80 - create IPUIPlugin
2025-12-31 10:54:26,447 [INFO] IPUIPlugin:80 - create IPUIPlugin
2025-12-31 10:54:26,447 [INFO] IPUIPlugin:80 - create IPUIPlugin
2025-12-31 10:54:26,448 [INFO] IPUIPlugin:80 - create IPUIPlugin
2025-12-31 10:54:26,448 [INFO] IPUIPlugin:80 - create IPUIPlugin
2025-12-31 10:54:26,448 [INFO] IPUIPlugin:80 - create IPUIPlugin
2025-12-31 10:54:26,448 [INFO] IPUIPlugin:80 - create IPUIPlugin
2025-12-31 10:54:26,448 [INFO] IPUIPlugin:80 - create IPUIPlugin
2025-12-31 10:54:26,449 [INFO] IPUIPlugin:80 - create IPUIPlugin
2025-12-31 10:54:26,449 [INFO] IPUIPlugin:80 - create IPUIPlugin
2025-12-31 10:54:26,449 [INFO] IPUIPlugin:80 - create IPUIPlugin
2025-12-31 10:54:26,449 [INFO] IPUIPlugin:80 - create IPUIPlugin
2025-12-31 10:54:26,450 [INFO] IPUIPlugin:80 - create IPUIPlugin
2025-12-31 10:54:26,450 [INFO] IPUIPlugin:80 - create IPUIPlugin
2025-12-31 10:54:26,450 [INFO] IPUIPlugin:80 - create IPUIPlugin
2025-12-31 10:54:26,451 [INFO] IPUIPlugin:80 - create IPUIPlugin
2025-12-31 10:54:26,451 [INFO] IPUIPlugin:80 - create IPUIPlugin
2025-12-31 10:54:26,452 [INFO] IPUIPlugin:80 - create IPUIPlugin
2025-12-31 10:54:26,452 [INFO] IPUIPlugin:80 - create IPUIPlugin
2025-12-31 10:54:26,452 [INFO] IPUIPlugin:80 - create IPUIPlugin
2025-12-31 10:54:26,453 [INFO] IPUIPlugin:80 - create IPUIPlugin
2025-12-31 10:54:26,453 [INFO] IPUIPlugin:80 - create IPUIPlugin
2025-12-31 10:54:26,454 [INFO] IPUIPlugin:80 - create IPUIPlugin
2025-12-31 10:54:26,454 [INFO] IPUIPlugin:80 - create IPUIPlugin
2025-12-31 10:54:26,455 [INFO] IPUIPlugin:80 - create IPUIPlugin
2025-12-31 10:54:26,455 [INFO] IPUIPlugin:80 - create IPUIPlugin
2025-12-31 10:54:26,455 [INFO] IPUIPlugin:80 - create IPUIPlugin
2025-12-31 10:54:26,456 [INFO] IPUIPlugin:80 - create IPUIPlugin
2025-12-31 10:54:26,456 [INFO] IPUIPlugin:80 - create IPUIPlugin
2025-12-31 10:54:26,456 [INFO] IPUIPlugin:80 - create IPUIPlugin
2025-12-31 10:54:26,457 [INFO] IPUIPlugin:80 - create IPUIPlugin
2025-12-31 10:54:26,457 [INFO] IPUIPlugin:80 - create IPUIPlugin
2025-12-31 10:54:26,458 [INFO] IPUIPlugin:80 - create IPUIPlugin
2025-12-31 10:54:26,458 [INFO] IPUIPlugin:80 - create IPUIPlugin
2025-12-31 10:54:26,458 [INFO] IPUIPlugin:80 - create IPUIPlugin
2025-12-31 10:54:26,459 [INFO] IPUIPlugin:80 - create IPUIPlugin
2025-12-31 10:54:26,459 [INFO] IPUIPlugin:80 - create IPUIPlugin
2025-12-31 10:54:26,460 [INFO] IPUIPlugin:80 - create IPUIPlugin
2025-12-31 10:54:26,460 [INFO] IPUIPlugin:80 - create IPUIPlugin
2025-12-31 10:54:26,460 [INFO] IPUIPlugin:80 - create IPUIPlugin
2025-12-31 10:54:26,461 [INFO] IPUIPlugin:80 - create IPUIPlugin
2025-12-31 10:54:26,461 [INFO] IPUIPlugin:80 - create IPUIPlugin
2025-12-31 10:54:26,462 [INFO] IPUIPlugin:80 - create IPUIPlugin
2025-12-31 10:54:26,463 [INFO] IPUIPlugin:80 - create IPUIPlugin
2025-12-31 10:54:26,464 [INFO] IPUIPlugin:80 - create IPUIPlugin
2025-12-31 10:54:26,465 [INFO] IPUIPlugin:80 - create IPUIPlugin
2025-12-31 10:54:26,466 [INFO] IPUIPlugin:80 - create IPUIPlugin
2025-12-31 10:54:26,466 [INFO] IPUIPlugin:80 - create IPUIPlugin
2025-12-31 10:54:26,467 [INFO] IPUIPlugin:80 - create IPUIPlugin
2025-12-31 10:54:26,467 [INFO] IPUIPlugin:80 - create IPUIPlugin
2025-12-31 10:54:26,478 [INFO] ApiDbMcu:532 - Load IP Config File for PDM2PCM
2025-12-31 10:54:26,489 [WARN] IP:2250 - I2C_Coeff_DF not found: check if there is a RefParameter without a condition.
2025-12-31 10:54:26,489 [WARN] IP:2250 - Analog_Filter not found: check if there is a RefParameter without a condition.
2025-12-31 10:54:26,504 [INFO] I2sManager:658 - 9.6E7
2025-12-31 10:54:26,505 [INFO] I2sManager:195 - I2S Clock Value : 9.6E7
2025-12-31 10:54:26,511 [INFO] I2sManager:553 - AudioClock : 93750Divider : 2Odd : 0
2025-12-31 10:54:26,889 [INFO] CADModel:165 - CPN selected for project levelSTM32F407VGT6
2025-12-31 10:54:26,889 [INFO] CADModel:114 - Register for checkConnection events
2025-12-31 10:54:26,944 [INFO] OpenFileManager:386 - Restore cursor
2025-12-31 10:54:27,310 [WARN] IP:2250 - I2C_Coeff_DF not found: check if there is a RefParameter without a condition.
2025-12-31 10:54:27,311 [WARN] IP:2250 - Analog_Filter not found: check if there is a RefParameter without a condition.
2025-12-31 10:54:27,312 [WARN] IP:2250 - I2C_Coeff_DF not found: check if there is a RefParameter without a condition.
2025-12-31 10:54:27,312 [WARN] IP:2250 - Analog_Filter not found: check if there is a RefParameter without a condition.
2025-12-31 10:54:28,543 [INFO] UtilMem:75 - End SaveConfig() Used Memory: 958640048 Bytes (1073741824)
2025-12-31 10:54:28,759 [INFO] UtilMem:75 - End SaveConfig() Used Memory: 980077992 Bytes (1073741824)
2025-12-31 10:54:30,053 [INFO] BlockDiagram:2775 - set Specific Code input for plugin: SPI
2025-12-31 10:54:30,054 [INFO] BlockDiagram:2775 - set Specific Code input for plugin: I2S
2025-12-31 10:54:30,054 [INFO] BlockDiagram:2775 - set Specific Code input for plugin: SYS
2025-12-31 10:54:30,054 [INFO] BlockDiagram:2775 - set Specific Code input for plugin: RCC
2025-12-31 10:54:30,054 [INFO] BlockDiagram:2775 - set Specific Code input for plugin: I2C
2025-12-31 10:54:30,054 [INFO] BlockDiagram:2775 - set Specific Code input for plugin: USB_OTG_FS
2025-12-31 10:54:30,054 [INFO] BlockDiagram:2775 - set Specific Code input for plugin: NVIC
2025-12-31 10:54:30,054 [INFO] BlockDiagram:2775 - set Specific Code input for plugin: USB_HOST
2025-12-31 10:54:30,056 [INFO] BlockDiagram:2775 - set Specific Code input for plugin: GPIO
2025-12-31 10:54:30,064 [INFO] CodeGenerator:892 - code generatio: config db path: C:\ST\STM32CubeIDE_1.19.0\STM32CubeIDE\plugins\com.st.stm32cube.common.mx_6.15.0.202507011659\\db\
2025-12-31 10:54:30,086 [WARN] IP:2250 - I2C_Coeff_DF not found: check if there is a RefParameter without a condition.
2025-12-31 10:54:30,086 [WARN] IP:2250 - Analog_Filter not found: check if there is a RefParameter without a condition.
2025-12-31 10:54:30,734 [INFO] CodeEngine:265 - oldGeneratedFile, D:\project_env\DHT11_UART\MXTmpFiles\license.tmp_save
2025-12-31 10:54:31,618 [INFO] CodeEngine:289 - Generated code: D:\project_env\DHT11_UART\MXTmpFiles\license.tmp
2025-12-31 10:54:31,862 [INFO] CodeEngine:265 - oldGeneratedFile, D:\project_env\DHT11_UART\MXTmpFiles\gpio.tmp_save
2025-12-31 10:54:32,333 [INFO] CodeEngine:289 - Generated code: D:\project_env\DHT11_UART\MXTmpFiles\gpio.tmp
2025-12-31 10:54:32,623 [WARN] IPConfigManager:3238 - Warning: the RefConfig PWREx_EnableUSBVoltageDetector is not available in your config.xml file
2025-12-31 10:54:32,643 [INFO] CodeEngine:265 - oldGeneratedFile, D:\project_env\DHT11_UART\MXTmpFiles\usb_otg_fs_vars.tmp_save
2025-12-31 10:54:33,000 [INFO] CodeEngine:289 - Generated code: D:\project_env\DHT11_UART\MXTmpFiles\usb_otg_fs_vars.tmp
2025-12-31 10:54:33,009 [INFO] CodeEngine:265 - oldGeneratedFile, D:\project_env\DHT11_UART\MXTmpFiles\usb_otg_fs_inc.tmp_save
2025-12-31 10:54:33,182 [INFO] CodeEngine:289 - Generated code: D:\project_env\DHT11_UART\MXTmpFiles\usb_otg_fs_inc.tmp
2025-12-31 10:54:33,193 [INFO] CodeEngine:265 - oldGeneratedFile, D:\project_env\DHT11_UART\MXTmpFiles\usb_otg_fs_HalInit.tmp_save
2025-12-31 10:54:33,471 [INFO] CodeEngine:289 - Generated code: D:\project_env\DHT11_UART\MXTmpFiles\usb_otg_fs_HalInit.tmp
2025-12-31 10:54:33,502 [INFO] CodeEngine:265 - oldGeneratedFile, D:\project_env\DHT11_UART\MXTmpFiles\usb_otg_fs_Msp.tmp_save
2025-12-31 10:54:33,706 [INFO] CodeEngine:289 - Generated code: D:\project_env\DHT11_UART\MXTmpFiles\usb_otg_fs_Msp.tmp
2025-12-31 10:54:34,536 [INFO] CodeEngine:265 - oldGeneratedFile, D:\project_env\DHT11_UART\USB_HOST\App\usb_host.c_save
2025-12-31 10:54:34,882 [INFO] CodeEngine:289 - Generated code: D:\project_env\DHT11_UART\USB_HOST\App\usb_host.c
2025-12-31 10:54:34,912 [INFO] CodeEngine:265 - oldGeneratedFile, D:\project_env\DHT11_UART\USB_HOST\App\usb_host.h_save
2025-12-31 10:54:35,136 [INFO] CodeEngine:289 - Generated code: D:\project_env\DHT11_UART\USB_HOST\App\usb_host.h
2025-12-31 10:54:35,171 [INFO] CodeEngine:265 - oldGeneratedFile, D:\project_env\DHT11_UART\USB_HOST\Target\usbh_conf.h_save
2025-12-31 10:54:35,313 [INFO] CodeEngine:289 - Generated code: D:\project_env\DHT11_UART\USB_HOST\Target\usbh_conf.h
2025-12-31 10:54:35,324 [INFO] CodeEngine:265 - oldGeneratedFile, D:\project_env\DHT11_UART\USB_HOST\Target\usbh_conf.c_save
2025-12-31 10:54:35,525 [INFO] CodeEngine:289 - Generated code: D:\project_env\DHT11_UART\USB_HOST\Target\usbh_conf.c
2025-12-31 10:54:35,556 [INFO] CodeEngine:265 - oldGeneratedFile, D:\project_env\DHT11_UART\USB_HOST\Target\usbh_platform.c_save
2025-12-31 10:54:35,770 [INFO] CodeEngine:289 - Generated code: D:\project_env\DHT11_UART\USB_HOST\Target\usbh_platform.c
2025-12-31 10:54:35,779 [INFO] CodeEngine:265 - oldGeneratedFile, D:\project_env\DHT11_UART\USB_HOST\Target\usbh_platform.h_save
2025-12-31 10:54:35,907 [INFO] CodeEngine:289 - Generated code: D:\project_env\DHT11_UART\USB_HOST\Target\usbh_platform.h
2025-12-31 10:54:35,952 [INFO] CodeEngine:265 - oldGeneratedFile, D:\project_env\DHT11_UART\Core\Src\stm32f4xx_it.c_save
2025-12-31 10:54:36,229 [INFO] CodeEngine:289 - Generated code: D:\project_env\DHT11_UART\Core\Src\stm32f4xx_it.c
2025-12-31 10:54:36,238 [INFO] CodeEngine:265 - oldGeneratedFile, D:\project_env\DHT11_UART\Core\Inc\stm32f4xx_it.h_save
2025-12-31 10:54:36,404 [INFO] CodeEngine:289 - Generated code: D:\project_env\DHT11_UART\Core\Inc\stm32f4xx_it.h
2025-12-31 10:54:36,468 [INFO] CodeEngine:265 - oldGeneratedFile, D:\project_env\DHT11_UART\Core\Src\stm32f4xx_hal_msp.c_save
2025-12-31 10:54:36,877 [INFO] CodeEngine:289 - Generated code: D:\project_env\DHT11_UART\Core\Src\stm32f4xx_hal_msp.c
2025-12-31 10:54:36,904 [INFO] CodeEngine:265 - oldGeneratedFile, D:\project_env\DHT11_UART\MXTmpFiles\system.tmp_save
2025-12-31 10:54:37,036 [INFO] CodeEngine:289 - Generated code: D:\project_env\DHT11_UART\MXTmpFiles\system.tmp
2025-12-31 10:54:37,061 [INFO] CodeEngine:321 - oldGeneratedFile, D:\project_env\DHT11_UART\Core\Inc\stm32f4xx_hal_conf.h_save
2025-12-31 10:54:37,454 [INFO] CodeEngine:345 - Generated code: D:\project_env\DHT11_UART\Core\Inc\stm32f4xx_hal_conf.h
2025-12-31 10:54:37,580 [INFO] ApiDbMcu:532 - Load IP Config File for I2C1
2025-12-31 10:54:37,585 [INFO] ApiDbMcu:532 - Load IP Config File for I2S3
2025-12-31 10:54:37,590 [INFO] ApiDbMcu:532 - Load IP Config File for SPI1
2025-12-31 10:54:37,600 [INFO] ApiDbMcu:532 - Load IP Config File for RCC
2025-12-31 10:54:37,685 [INFO] CodeEngine:265 - oldGeneratedFile, D:\project_env\DHT11_UART\Core\Inc\main.h_save
2025-12-31 10:54:38,209 [INFO] CodeEngine:289 - Generated code: D:\project_env\DHT11_UART\Core\Inc\main.h
2025-12-31 10:54:38,248 [INFO] CodeEngine:265 - oldGeneratedFile, D:\project_env\DHT11_UART\Core\Src\main.c_save
2025-12-31 10:54:38,693 [INFO] CodeEngine:289 - Generated code: D:\project_env\DHT11_UART\Core\Src\main.c
2025-12-31 10:54:39,895 [INFO] ProjectBuilder:3606 - Time for Copy HAL[1] : 411mS.
2025-12-31 10:54:39,911 [INFO] ProjectBuilder:5216 - Project Generator version: 4.7.0-B52
2025-12-31 10:54:40,097 [INFO] ConfigFileManager:1595 - The Die is : DIE413
2025-12-31 10:54:40,102 [INFO] ApiDbMcu:532 - Load IP Config File for FATFS
2025-12-31 10:54:40,110 [INFO] ApiDbMcu:532 - Load IP Config File for FREERTOS
2025-12-31 10:54:40,113 [INFO] ApiDbMcu:532 - Load IP Config File for LIBJPEG
2025-12-31 10:54:40,127 [INFO] ApiDbMcu:532 - Load IP Config File for LWIP
2025-12-31 10:54:40,144 [INFO] ApiDbMcu:532 - Load IP Config File for MBEDTLS
2025-12-31 10:54:40,199 [INFO] ApiDbMcu:532 - Load IP Config File for USB_DEVICE
2025-12-31 10:54:40,999 [INFO] LogOutputStream:77 - [STDOUT_REDIRECT] 
2025-12-31 10:54:44,093 [INFO] WebApp:194 - Connection lost
2025-12-31 10:54:44,814 [INFO] WebApp:191 - Connection restablished
2025-12-31 10:54:46,588 [INFO] ProjectBuilder:5496 - Time for Generating toolchain IDE Files: 6676mS.
2025-12-31 10:54:46,590 [INFO] ProjectBuilder:3463 - Time for Copy CMSIS : 1mS.
2025-12-31 10:54:46,596 [INFO] ProjectBuilder:3463 - Time for Copy CMSIS : 0mS.
2025-12-31 10:54:48,184 [INFO] McuFinderGlobals:76 - Set McuFinderConnectedMode to true
2025-12-31 10:54:48,192 [INFO] ApiDb:448 - Save user favorites file C:\Users\Admin/.stm32cubeide/favorites.mcus.txt: 0 item(s)
2025-12-31 10:54:48,193 [INFO] ApiDb:452 - User favorites MCUs=[]
2025-12-31 10:54:48,196 [INFO] ApiDb:448 - Save user favorites file C:\Users\Admin/.stm32cubeide/favorites.boards.txt: 1 item(s)
2025-12-31 10:54:48,197 [INFO] ApiDb:452 - User favorites Boards=[STM32F407G-DISC1]
2025-12-31 10:55:24,459 [ERROR] LogOutputStream:75 - [STDERR_REDIRECT] Exception in thread "AWT-EventQueue-0" java.lang.ClassCastException: class sun.awt.windows.WEmbeddedFrame cannot be cast to class javax.swing.JFrame (sun.awt.windows.WEmbeddedFrame and javax.swing.JFrame are in module java.desktop of loader 'bootstrap')
2025-12-31 10:55:24,464 [ERROR] LogOutputStream:75 - [STDERR_REDIRECT] 	at com.st.microxplorer.plugins.clock.ClockConfigurationView.activatePlugin(ClockConfigurationView.java:424)
2025-12-31 10:55:24,466 [ERROR] LogOutputStream:75 - [STDERR_REDIRECT] 	at com.st.microxplorer.maingui.MainPanel$1.stateChanged(MainPanel.java:385)
2025-12-31 10:55:24,471 [ERROR] LogOutputStream:75 - [STDERR_REDIRECT] 	at java.desktop/javax.swing.JTabbedPane.fireStateChanged(JTabbedPane.java:446)
2025-12-31 10:55:24,476 [ERROR] LogOutputStream:75 - [STDERR_REDIRECT] 	at java.desktop/javax.swing.JTabbedPane$ModelListener.stateChanged(JTabbedPane.java:297)
2025-12-31 10:55:24,479 [ERROR] LogOutputStream:75 - [STDERR_REDIRECT] 	at java.desktop/javax.swing.DefaultSingleSelectionModel.fireStateChanged(DefaultSingleSelectionModel.java:148)
2025-12-31 10:55:24,481 [ERROR] LogOutputStream:75 - [STDERR_REDIRECT] 	at java.desktop/javax.swing.DefaultSingleSelectionModel.setSelectedIndex(DefaultSingleSelectionModel.java:79)
2025-12-31 10:55:24,483 [ERROR] LogOutputStream:75 - [STDERR_REDIRECT] 	at java.desktop/javax.swing.JTabbedPane.setSelectedIndexImpl(JTabbedPane.java:650)
2025-12-31 10:55:24,484 [ERROR] LogOutputStream:75 - [STDERR_REDIRECT] 	at java.desktop/javax.swing.JTabbedPane.setSelectedIndex(JTabbedPane.java:625)
2025-12-31 10:55:24,487 [ERROR] LogOutputStream:75 - [STDERR_REDIRECT] 	at java.desktop/javax.swing.plaf.basic.BasicTabbedPaneUI$Handler.mousePressed(BasicTabbedPaneUI.java:4140)
2025-12-31 10:55:24,490 [ERROR] LogOutputStream:75 - [STDERR_REDIRECT] 	at java.desktop/java.awt.Component.processMouseEvent(Component.java:6618)
2025-12-31 10:55:24,492 [ERROR] LogOutputStream:75 - [STDERR_REDIRECT] 	at java.desktop/javax.swing.JComponent.processMouseEvent(JComponent.java:3398)
2025-12-31 10:55:24,493 [ERROR] LogOutputStream:75 - [STDERR_REDIRECT] 	at java.desktop/java.awt.Component.processEvent(Component.java:6386)
2025-12-31 10:55:24,495 [ERROR] LogOutputStream:75 - [STDERR_REDIRECT] 	at java.desktop/java.awt.Container.processEvent(Container.java:2266)
2025-12-31 10:55:24,496 [ERROR] LogOutputStream:75 - [STDERR_REDIRECT] 	at java.desktop/java.awt.Component.dispatchEventImpl(Component.java:4996)
2025-12-31 10:55:24,498 [ERROR] LogOutputStream:75 - [STDERR_REDIRECT] 	at java.desktop/java.awt.Container.dispatchEventImpl(Container.java:2324)
2025-12-31 10:55:24,500 [ERROR] LogOutputStream:75 - [STDERR_REDIRECT] 	at java.desktop/java.awt.Component.dispatchEvent(Component.java:4828)
2025-12-31 10:55:24,502 [ERROR] LogOutputStream:75 - [STDERR_REDIRECT] 	at java.desktop/java.awt.LightweightDispatcher.retargetMouseEvent(Container.java:4948)
2025-12-31 10:55:24,506 [ERROR] LogOutputStream:75 - [STDERR_REDIRECT] 	at java.desktop/java.awt.LightweightDispatcher.processMouseEvent(Container.java:4572)
2025-12-31 10:55:24,508 [ERROR] LogOutputStream:75 - [STDERR_REDIRECT] 	at java.desktop/java.awt.LightweightDispatcher.dispatchEvent(Container.java:4516)
2025-12-31 10:55:24,510 [ERROR] LogOutputStream:75 - [STDERR_REDIRECT] 	at java.desktop/java.awt.Container.dispatchEventImpl(Container.java:2310)
2025-12-31 10:55:24,511 [ERROR] LogOutputStream:75 - [STDERR_REDIRECT] 	at java.desktop/java.awt.Component.dispatchEvent(Component.java:4828)
2025-12-31 10:55:24,512 [ERROR] LogOutputStream:75 - [STDERR_REDIRECT] 	at java.desktop/java.awt.EventQueue.dispatchEventImpl(EventQueue.java:775)
2025-12-31 10:55:24,514 [ERROR] LogOutputStream:75 - [STDERR_REDIRECT] 	at java.desktop/java.awt.EventQueue$4.run(EventQueue.java:720)
2025-12-31 10:55:24,515 [ERROR] LogOutputStream:75 - [STDERR_REDIRECT] 	at java.desktop/java.awt.EventQueue$4.run(EventQueue.java:714)
2025-12-31 10:55:24,518 [ERROR] LogOutputStream:75 - [STDERR_REDIRECT] 	at java.base/java.security.AccessController.doPrivileged(AccessController.java:400)
2025-12-31 10:55:24,522 [ERROR] LogOutputStream:75 - [STDERR_REDIRECT] 	at java.base/java.security.ProtectionDomain$JavaSecurityAccessImpl.doIntersectionPrivilege(ProtectionDomain.java:87)
2025-12-31 10:55:24,526 [ERROR] LogOutputStream:75 - [STDERR_REDIRECT] 	at java.base/java.security.ProtectionDomain$JavaSecurityAccessImpl.doIntersectionPrivilege(ProtectionDomain.java:98)
2025-12-31 10:55:24,527 [ERROR] LogOutputStream:75 - [STDERR_REDIRECT] 	at java.desktop/java.awt.EventQueue$5.run(EventQueue.java:747)
2025-12-31 10:55:24,528 [ERROR] LogOutputStream:75 - [STDERR_REDIRECT] 	at java.desktop/java.awt.EventQueue$5.run(EventQueue.java:745)
2025-12-31 10:55:24,530 [ERROR] LogOutputStream:75 - [STDERR_REDIRECT] 	at java.base/java.security.AccessController.doPrivileged(AccessController.java:400)
2025-12-31 10:55:24,533 [ERROR] LogOutputStream:75 - [STDERR_REDIRECT] 	at java.base/java.security.ProtectionDomain$JavaSecurityAccessImpl.doIntersectionPrivilege(ProtectionDomain.java:87)
2025-12-31 10:55:24,534 [ERROR] LogOutputStream:75 - [STDERR_REDIRECT] 	at java.desktop/java.awt.EventQueue.dispatchEvent(EventQueue.java:744)
2025-12-31 10:55:24,538 [ERROR] LogOutputStream:75 - [STDERR_REDIRECT] 	at java.desktop/java.awt.EventDispatchThread.pumpOneEventForFilters(EventDispatchThread.java:203)
2025-12-31 10:55:24,541 [ERROR] LogOutputStream:75 - [STDERR_REDIRECT] 	at java.desktop/java.awt.EventDispatchThread.pumpEventsForFilter(EventDispatchThread.java:124)
2025-12-31 10:55:24,543 [ERROR] LogOutputStream:75 - [STDERR_REDIRECT] 	at java.desktop/java.awt.EventDispatchThread.pumpEventsForHierarchy(EventDispatchThread.java:113)
2025-12-31 10:55:24,545 [ERROR] LogOutputStream:75 - [STDERR_REDIRECT] 	at java.desktop/java.awt.EventDispatchThread.pumpEvents(EventDispatchThread.java:109)
2025-12-31 10:55:24,546 [ERROR] LogOutputStream:75 - [STDERR_REDIRECT] 	at java.desktop/java.awt.EventDispatchThread.pumpEvents(EventDispatchThread.java:101)
2025-12-31 10:55:24,548 [ERROR] LogOutputStream:75 - [STDERR_REDIRECT] 	at java.desktop/java.awt.EventDispatchThread.run(EventDispatchThread.java:90)
2025-12-31 10:55:28,028 [INFO] WebApp:194 - Connection lost
2025-12-31 10:55:28,605 [INFO] WebApp:191 - Connection restablished
2025-12-31 10:57:10,555 [INFO] WebApp:194 - Connection lost
2025-12-31 10:57:11,506 [INFO] WebApp:191 - Connection restablished
2025-12-31 10:57:51,416 [INFO] ADCParametersView:116 -                Rank 1 : false
2025-12-31 10:57:51,484 [INFO] ADCParametersView:116 -                Rank 1 : false
2025-12-31 10:57:51,484 [INFO] ADCParametersView:116 -                Rank 1 : false
2025-12-31 10:57:51,485 [INFO] ADCParametersView:116 -                Rank 1 : false
2025-12-31 10:57:51,485 [INFO] ADCParametersView:116 -                Rank 1 : false
2025-12-31 10:57:51,485 [INFO] ADCParametersView:116 -                Rank 1 : false
2025-12-31 10:57:51,485 [INFO] ADCParametersView:116 -                Rank 1 : false
2025-12-31 10:57:51,486 [INFO] ADCParametersView:116 -                Rank 1 : false
2025-12-31 10:57:51,486 [INFO] ADCParametersView:116 -                Rank 1 : false
2025-12-31 10:57:51,487 [INFO] ADCParametersView:116 -                Rank 1 : false
2025-12-31 10:57:51,487 [INFO] ADCParametersView:116 -                Rank 1 : false
2025-12-31 10:57:51,487 [INFO] ADCParametersView:116 -                Rank 1 : false
2025-12-31 10:57:51,488 [INFO] ADCParametersView:116 -                Rank 1 : false
2025-12-31 10:57:51,488 [INFO] ADCParametersView:116 -                Rank 1 : false
2025-12-31 10:57:51,488 [INFO] ADCParametersView:116 -                Rank 1 : false
2025-12-31 10:57:51,518 [INFO] ADCParametersView:116 -                Rank 1 : false
2025-12-31 10:57:51,777 [INFO] NvicIntPanel:101 - NVIC parent = com.st.microxplorer.plugins.ip.nvic.MultiNvicIntPanel[,0,0,0x0,invalid,layout=javax.swing.BoxLayout,alignmentX=0.0,alignmentY=0.0,border=,flags=9,maximumSize=,minimumSize=,preferredSize=]
2025-12-31 10:57:51,994 [INFO] NvicIntPanel:101 - NVIC parent = com.st.microxplorer.plugins.ip.nvic.MultiNvicIntPanel[,0,0,0x0,invalid,layout=javax.swing.BoxLayout,alignmentX=0.0,alignmentY=0.0,border=,flags=9,maximumSize=,minimumSize=,preferredSize=]
2025-12-31 10:57:52,214 [INFO] NvicIntPanel:101 - NVIC parent = com.st.microxplorer.plugins.ip.nvic.MultiNvicIntPanel[,0,0,0x0,invalid,layout=javax.swing.BoxLayout,alignmentX=0.0,alignmentY=0.0,border=,flags=9,maximumSize=,minimumSize=,preferredSize=]
2025-12-31 10:57:52,328 [INFO] ADCParametersView:116 -                Rank 1 : false
2025-12-31 10:57:52,329 [INFO] ADCParametersView:116 -                Rank 1 : false
2025-12-31 10:57:52,329 [INFO] ADCParametersView:116 -                Rank 1 : false
2025-12-31 10:57:52,329 [INFO] ADCParametersView:116 -                Rank 1 : false
2025-12-31 10:57:52,330 [INFO] ADCParametersView:116 -                Rank 1 : false
2025-12-31 10:57:52,330 [INFO] ADCParametersView:116 -                Rank 1 : false
2025-12-31 10:57:52,330 [INFO] ADCParametersView:116 -                Rank 1 : false
2025-12-31 10:57:52,330 [INFO] ADCParametersView:116 -                Rank 1 : false
2025-12-31 10:57:52,330 [INFO] ADCParametersView:116 -                Rank 1 : false
2025-12-31 10:57:52,330 [INFO] ADCParametersView:116 -                Rank 1 : false
2025-12-31 10:57:52,331 [INFO] ADCParametersView:116 -                Rank 1 : false
2025-12-31 10:57:52,331 [INFO] ADCParametersView:116 -                Rank 1 : false
2025-12-31 10:57:52,331 [INFO] ADCParametersView:116 -                Rank 1 : false
2025-12-31 10:57:52,331 [INFO] ADCParametersView:116 -                Rank 1 : false
2025-12-31 10:57:52,373 [INFO] ADCParametersView:116 -                Rank 1 : false
2025-12-31 10:57:52,434 [INFO] ADCParametersView:116 -                Rank 1 : false
2025-12-31 10:57:52,434 [INFO] ADCParametersView:116 -                Rank 1 : false
2025-12-31 10:57:52,435 [INFO] ADCParametersView:116 -                Rank 1 : false
2025-12-31 10:57:52,435 [INFO] ADCParametersView:116 -                Rank 1 : false
2025-12-31 10:57:52,435 [INFO] ADCParametersView:116 -                Rank 1 : false
2025-12-31 10:57:52,436 [INFO] ADCParametersView:116 -                Rank 1 : false
2025-12-31 10:57:52,436 [INFO] ADCParametersView:116 -                Rank 1 : false
2025-12-31 10:57:52,437 [INFO] ADCParametersView:116 -                Rank 1 : false
2025-12-31 10:57:52,437 [INFO] ADCParametersView:116 -                Rank 1 : false
2025-12-31 10:57:52,438 [INFO] ADCParametersView:116 -                Rank 1 : false
2025-12-31 10:57:52,438 [INFO] ADCParametersView:116 -                Rank 1 : false
2025-12-31 10:57:52,438 [INFO] ADCParametersView:116 -                Rank 1 : false
2025-12-31 10:57:52,439 [INFO] ADCParametersView:116 -                Rank 1 : false
2025-12-31 10:57:52,439 [INFO] ADCParametersView:116 -                Rank 1 : false
2025-12-31 10:57:52,482 [INFO] ADCParametersView:116 -                Rank 1 : false
2025-12-31 11:00:09,152 [INFO] UtilMem:75 - End SaveConfig() Used Memory: 791166760 Bytes (1073741824)
2025-12-31 11:00:12,443 [INFO] UtilMem:75 - End SaveConfig() Used Memory: 857735224 Bytes (1073741824)
2025-12-31 11:00:17,689 [INFO] UtilMem:75 - End SaveConfig() Used Memory: 950009960 Bytes (1073741824)
2025-12-31 11:00:18,341 [INFO] BlockDiagram:2775 - set Specific Code input for plugin: SYS
2025-12-31 11:00:18,341 [INFO] BlockDiagram:2775 - set Specific Code input for plugin: ADC
2025-12-31 11:00:18,342 [INFO] BlockDiagram:2775 - set Specific Code input for plugin: RCC
2025-12-31 11:00:18,342 [INFO] BlockDiagram:2775 - set Specific Code input for plugin: NVIC
2025-12-31 11:00:18,342 [INFO] BlockDiagram:2775 - set Specific Code input for plugin: USART
2025-12-31 11:00:18,343 [INFO] BlockDiagram:2775 - set Specific Code input for plugin: GPIO
2025-12-31 11:00:18,344 [INFO] CodeGenerator:892 - code generatio: config db path: C:\ST\STM32CubeIDE_1.19.0\STM32CubeIDE\plugins\com.st.stm32cube.common.mx_6.15.0.202507011659\\db\
2025-12-31 11:00:18,552 [INFO] CodeEngine:265 - oldGeneratedFile, D:\project_env\DHT11_UART\MXTmpFiles\license.tmp_save
2025-12-31 11:00:19,084 [INFO] CodeEngine:289 - Generated code: D:\project_env\DHT11_UART\MXTmpFiles\license.tmp
2025-12-31 11:00:19,160 [INFO] CodeEngine:265 - oldGeneratedFile, D:\project_env\DHT11_UART\MXTmpFiles\gpio.tmp_save
2025-12-31 11:00:19,611 [INFO] CodeEngine:289 - Generated code: D:\project_env\DHT11_UART\MXTmpFiles\gpio.tmp
2025-12-31 11:00:19,882 [INFO] CodeEngine:265 - oldGeneratedFile, D:\project_env\DHT11_UART\Core\Src\stm32f4xx_it.c_save
2025-12-31 11:00:20,194 [INFO] CodeEngine:289 - Generated code: D:\project_env\DHT11_UART\Core\Src\stm32f4xx_it.c
2025-12-31 11:00:20,204 [INFO] CodeEngine:265 - oldGeneratedFile, D:\project_env\DHT11_UART\Core\Inc\stm32f4xx_it.h_save
2025-12-31 11:00:20,342 [INFO] CodeEngine:289 - Generated code: D:\project_env\DHT11_UART\Core\Inc\stm32f4xx_it.h
2025-12-31 11:00:20,363 [INFO] CodeEngine:265 - oldGeneratedFile, D:\project_env\DHT11_UART\Core\Src\stm32f4xx_hal_msp.c_save
2025-12-31 11:00:20,783 [INFO] CodeEngine:289 - Generated code: D:\project_env\DHT11_UART\Core\Src\stm32f4xx_hal_msp.c
2025-12-31 11:00:20,793 [INFO] CodeEngine:265 - oldGeneratedFile, D:\project_env\DHT11_UART\MXTmpFiles\system.tmp_save
2025-12-31 11:00:20,914 [INFO] CodeEngine:289 - Generated code: D:\project_env\DHT11_UART\MXTmpFiles\system.tmp
2025-12-31 11:00:20,951 [INFO] CodeEngine:321 - oldGeneratedFile, D:\project_env\DHT11_UART\Core\Inc\stm32f4xx_hal_conf.h_save
2025-12-31 11:00:21,335 [INFO] CodeEngine:345 - Generated code: D:\project_env\DHT11_UART\Core\Inc\stm32f4xx_hal_conf.h
2025-12-31 11:00:21,433 [INFO] ApiDbMcu:532 - Load IP Config File for ADC1
2025-12-31 11:00:21,440 [INFO] ApiDbMcu:532 - Load IP Config File for USART2
2025-12-31 11:00:21,457 [INFO] CodeEngine:265 - oldGeneratedFile, D:\project_env\DHT11_UART\Core\Inc\main.h_save
2025-12-31 11:00:21,725 [INFO] CodeEngine:289 - Generated code: D:\project_env\DHT11_UART\Core\Inc\main.h
2025-12-31 11:00:21,733 [INFO] CodeEngine:265 - oldGeneratedFile, D:\project_env\DHT11_UART\Core\Src\main.c_save
2025-12-31 11:00:22,016 [INFO] CodeEngine:289 - Generated code: D:\project_env\DHT11_UART\Core\Src\main.c
2025-12-31 11:00:22,710 [INFO] ProjectBuilder:3606 - Time for Copy HAL[1] : 306mS.
2025-12-31 11:00:22,717 [INFO] ProjectBuilder:5216 - Project Generator version: 4.7.0-B52
2025-12-31 11:00:22,880 [INFO] ConfigFileManager:1595 - The Die is : DIE413
2025-12-31 11:00:24,860 [INFO] ProjectBuilder:5496 - Time for Generating toolchain IDE Files: 2143mS.
2025-12-31 11:00:24,861 [INFO] ProjectBuilder:3463 - Time for Copy CMSIS : 1mS.
2025-12-31 11:00:24,864 [INFO] ProjectBuilder:3463 - Time for Copy CMSIS : 0mS.
2025-12-31 11:10:30,615 [ERROR] LogOutputStream:75 - [STDERR_REDIRECT] 
2025-12-31 11:39:33,662 [INFO] Activator:176 - 


2025-12-31 11:39:33,721 [INFO] Activator:177 - !SESSION log4j initialized
2025-12-31 11:39:42,254 [INFO] LogOutputStream:77 - [STDOUT_REDIRECT] 
2025-12-31 11:39:43,789 [INFO] ApplicationProperties:184 - Using Application install path: C:\ST\STM32CubeIDE_1.19.0\STM32CubeIDE\plugins\com.st.stm32cube.common.mx_6.15.0.202507011659
2025-12-31 11:39:43,811 [INFO] DbMcusXml:78 - Set database path to: C:\ST\STM32CubeIDE_1.19.0\STM32CubeIDE\plugins\com.st.stm32cube.common.mx_6.15.0.202507011659\\db\/mcu/
2025-12-31 11:39:43,812 [INFO] ApiDb:274 - Set plugin database path to: C:\ST\STM32CubeIDE_1.19.0\STM32CubeIDE\plugins\com.st.stm32cube.common.mx_6.15.0.202507011659\\db\/plugins/boardmanager/
2025-12-31 11:39:43,812 [WARN] ApiDb:259 - Overriding images path with different value:  => C:\ST\STM32CubeIDE_1.19.0\STM32CubeIDE\plugins\com.st.stm32cube.common.mx_6.15.0.202507011659\\db\/plugins/mcufinder/images/
2025-12-31 11:39:43,821 [INFO] ApiDb:250 - Set database path to: C:\Users\Admin\.stmcufinder\plugins\mcufinder//mcu/
2025-12-31 11:39:43,823 [INFO] DbMcusAds:125 - Set database path to: C:\Users\Admin\.stmcufinder\plugins\mcufinder//mcu/
2025-12-31 11:39:43,825 [INFO] CrossReferenceDbSqlite:203 - Set database path to: C:\Users\Admin\.stmcufinder\plugins\mcufinder//mcu/cs/
2025-12-31 11:39:44,009 [INFO] RulesReader:64 - Compatibility file has been processed (317 Rules)
2025-12-31 11:39:44,151 [INFO] DbMcusXml:78 - Set database path to: C:\ST\STM32CubeIDE_1.19.0\STM32CubeIDE\plugins\com.st.stm32cube.common.mx_6.15.0.202507011659\\db\/mcu/
2025-12-31 11:39:44,151 [INFO] ApiDb:274 - Set plugin database path to: C:\ST\STM32CubeIDE_1.19.0\STM32CubeIDE\plugins\com.st.stm32cube.common.mx_6.15.0.202507011659\\db\/plugins/boardmanager/
2025-12-31 11:39:44,152 [INFO] ApiDb:261 - Set plugin images path to: C:\ST\STM32CubeIDE_1.19.0\STM32CubeIDE\plugins\com.st.stm32cube.common.mx_6.15.0.202507011659\\db\/plugins/mcufinder/images/
2025-12-31 11:39:44,152 [WARN] DbFile:41 - Overriding database path with different value: C:\Users\Admin\.stmcufinder\plugins\mcufinder/ => C:\Users\Admin\.stmcufinder\plugins\mcufinder
2025-12-31 11:39:44,152 [INFO] ApiDb:250 - Set database path to: C:\Users\Admin\.stmcufinder\plugins\mcufinder//mcu/
2025-12-31 11:39:44,152 [WARN] DbFile:41 - Overriding database path with different value: C:\Users\Admin\.stmcufinder\plugins\mcufinder/ => C:\Users\Admin\.stmcufinder\plugins\mcufinder
2025-12-31 11:39:44,152 [INFO] DbMcusAds:125 - Set database path to: C:\Users\Admin\.stmcufinder\plugins\mcufinder//mcu/
2025-12-31 11:39:44,153 [WARN] DbFile:41 - Overriding database path with different value: C:\Users\Admin\.stmcufinder\plugins\mcufinder/ => C:\Users\Admin\.stmcufinder\plugins\mcufinder
2025-12-31 11:39:44,153 [WARN] DbFile:41 - Overriding database path with different value: C:\Users\Admin\.stmcufinder\plugins\mcufinder/ => C:\Users\Admin\.stmcufinder\plugins\mcufinder
2025-12-31 11:39:44,153 [INFO] CrossReferenceDbSqlite:203 - Set database path to: C:\Users\Admin\.stmcufinder\plugins\mcufinder//mcu/cs/
2025-12-31 11:39:44,277 [INFO] MainPanel:274 - HeapMemory: 268435456
2025-12-31 11:39:44,432 [INFO] DbMcusXml:78 - Set database path to: C:\ST\STM32CubeIDE_1.19.0\STM32CubeIDE\plugins\com.st.stm32cube.common.mx_6.15.0.202507011659\\db\/mcu/
2025-12-31 11:39:44,433 [INFO] ApiDb:274 - Set plugin database path to: C:\ST\STM32CubeIDE_1.19.0\STM32CubeIDE\plugins\com.st.stm32cube.common.mx_6.15.0.202507011659\\db\/plugins/boardmanager/
2025-12-31 11:39:44,433 [INFO] ApiDb:261 - Set plugin images path to: C:\ST\STM32CubeIDE_1.19.0\STM32CubeIDE\plugins\com.st.stm32cube.common.mx_6.15.0.202507011659\\db\/plugins/mcufinder/images/
2025-12-31 11:39:44,434 [WARN] DbFile:41 - Overriding database path with different value: C:\Users\Admin\.stmcufinder\plugins\mcufinder/ => C:\Users\Admin\.stmcufinder\plugins\mcufinder
2025-12-31 11:39:44,434 [INFO] ApiDb:250 - Set database path to: C:\Users\Admin\.stmcufinder\plugins\mcufinder//mcu/
2025-12-31 11:39:44,434 [WARN] DbFile:41 - Overriding database path with different value: C:\Users\Admin\.stmcufinder\plugins\mcufinder/ => C:\Users\Admin\.stmcufinder\plugins\mcufinder
2025-12-31 11:39:44,434 [INFO] DbMcusAds:125 - Set database path to: C:\Users\Admin\.stmcufinder\plugins\mcufinder//mcu/
2025-12-31 11:39:44,434 [WARN] DbFile:41 - Overriding database path with different value: C:\Users\Admin\.stmcufinder\plugins\mcufinder/ => C:\Users\Admin\.stmcufinder\plugins\mcufinder
2025-12-31 11:39:44,434 [WARN] DbFile:41 - Overriding database path with different value: C:\Users\Admin\.stmcufinder\plugins\mcufinder/ => C:\Users\Admin\.stmcufinder\plugins\mcufinder
2025-12-31 11:39:44,435 [INFO] CrossReferenceDbSqlite:203 - Set database path to: C:\Users\Admin\.stmcufinder\plugins\mcufinder//mcu/cs/
2025-12-31 11:39:44,462 [INFO] ApplicationProperties:184 - Using Application install path: C:\ST\STM32CubeIDE_1.19.0\STM32CubeIDE\plugins\com.st.stm32cube.common.mx_6.15.0.202507011659
2025-12-31 11:39:44,464 [INFO] PluginManage:196 - Search for loadable plugins [exclusion list=, ]
2025-12-31 11:39:44,465 [INFO] PluginManage:310 - Check plugin analytics
2025-12-31 11:39:44,902 [INFO] AnalyticsPlugin:253 - Accepted Software Licenses: 
2025-12-31 11:39:44,903 [INFO] AnalyticsPlugin:255 - Accepted CMSIS Pack Licenses: 
2025-12-31 11:39:44,903 [INFO] AnalyticsPlugin:257 - Accepted Firmware Licenses: FW.F4.1.28.0
2025-12-31 11:39:44,908 [INFO] PluginManage:359 - Loaded plugin analytics (category:tool,tabindex:-1)
2025-12-31 11:39:44,909 [INFO] PluginManage:310 - Check plugin cadmodel
2025-12-31 11:39:44,917 [INFO] CADModel:105 - Init CAD model plugin
2025-12-31 11:39:44,918 [INFO] PluginManage:359 - Loaded plugin cadmodel (category:power,tabindex:5)
2025-12-31 11:39:44,918 [INFO] PluginManage:310 - Check plugin clock
2025-12-31 11:39:44,937 [INFO] PluginManage:359 - Loaded plugin clock (category:base,tabindex:2)
2025-12-31 11:39:44,938 [INFO] PluginManage:310 - Check plugin ddr
2025-12-31 11:39:44,942 [INFO] PluginManage:359 - Loaded plugin ddr (category:tool,tabindex:6)
2025-12-31 11:39:44,943 [INFO] PluginManage:310 - Check plugin filemanager
2025-12-31 11:39:45,247 [INFO] PluginManage:359 - Loaded plugin filemanager (category:base,tabindex:10)
2025-12-31 11:39:45,247 [INFO] PluginManage:310 - Check plugin ipmanager
2025-12-31 11:39:45,259 [INFO] PluginManage:359 - Loaded plugin ipmanager (category:base,tabindex:5)
2025-12-31 11:39:45,260 [INFO] PluginManage:310 - Check plugin lpbam
2025-12-31 11:39:45,272 [INFO] PluginManage:359 - Loaded plugin lpbam (category:base,tabindex:0)
2025-12-31 11:39:45,272 [INFO] PluginManage:310 - Check plugin memorymap
2025-12-31 11:39:45,311 [INFO] PluginManage:359 - Loaded plugin memorymap (category:base,tabindex:4)
2025-12-31 11:39:45,311 [INFO] PluginManage:310 - Check plugin pinoutandconfiguration
2025-12-31 11:39:45,329 [INFO] PluginManage:359 - Loaded plugin pinoutandconfiguration (category:base,tabindex:1)
2025-12-31 11:39:45,329 [INFO] PluginManage:310 - Check plugin pinoutconfig
2025-12-31 11:39:45,515 [WARN] SupportedApi:132 - Cannot load RTOS API schema: s4s-elt-must-match.1: The content of 'definitions' must match (annotation?, (simpleType | complexType)?, (unique | key | keyref)*)). A problem was found starting at: attribute.
2025-12-31 11:39:45,831 [INFO] PluginManage:359 - Loaded plugin pinoutconfig (category:base,tabindex:0)
2025-12-31 11:39:45,831 [INFO] PluginManage:310 - Check plugin power
2025-12-31 11:39:45,856 [INFO] PluginManage:359 - Loaded plugin power (category:power,tabindex:4)
2025-12-31 11:39:45,856 [INFO] PluginManage:310 - Check plugin projectmanager
2025-12-31 11:39:45,896 [INFO] PluginManage:359 - Loaded plugin projectmanager (category:projectmanager,tabindex:4)
2025-12-31 11:39:45,897 [INFO] PluginManage:310 - Check plugin rif
2025-12-31 11:39:45,919 [INFO] PluginManage:359 - Loaded plugin rif (category:base,tabindex:3)
2025-12-31 11:39:45,919 [INFO] PluginManage:310 - Check plugin thirdparty
2025-12-31 11:39:46,201 [INFO] PluginManage:359 - Loaded plugin thirdparty (category:base,tabindex:-1)
2025-12-31 11:39:46,201 [WARN] IntegrityCheckThread:84 - waiting for thirdparty lock release [integrity check]
2025-12-31 11:39:46,202 [INFO] PluginManage:310 - Check plugin tools
2025-12-31 11:39:46,202 [INFO] IntegrityCheckThread:86 - entering critical section [integrity check]
2025-12-31 11:39:46,202 [INFO] ThirdPartyUpdaterWithRetryManager:70 - Updater plugin not ready yet. [1/15]
2025-12-31 11:39:46,208 [INFO] PluginManage:359 - Loaded plugin tools (category:base,tabindex:7)
2025-12-31 11:39:46,208 [INFO] PluginManage:310 - Check plugin tutovideos
2025-12-31 11:39:46,572 [INFO] PluginManage:359 - Loaded plugin tutovideos (category:base,tabindex:-1)
2025-12-31 11:39:46,572 [INFO] PluginManage:310 - Check plugin updater
2025-12-31 11:39:46,604 [INFO] PluginManage:359 - Loaded plugin updater (category:base,tabindex:12)
2025-12-31 11:39:46,605 [INFO] PluginManage:310 - Check plugin userauth
2025-12-31 11:39:46,611 [INFO] UserAuth:118 - Init User Auth plugin
2025-12-31 11:39:46,612 [INFO] PluginManage:359 - Loaded plugin userauth (category:base,tabindex:14)
2025-12-31 11:39:46,613 [INFO] PluginManage:283 - PluginManage : Loaded plugins [18]
2025-12-31 11:39:46,963 [INFO] PinOutPanel:1589 - setPackage(No Configuration,No Configuration)
2025-12-31 11:39:47,104 [INFO] CADModel:165 - CPN selected for project level
2025-12-31 11:39:47,104 [INFO] CADModel:114 - Register for checkConnection events
2025-12-31 11:39:47,131 [INFO] IPUIPlugin:80 - create IPUIPlugin
2025-12-31 11:39:47,132 [INFO] PluginManager:220 - loadIPPluginJar : add adc
2025-12-31 11:39:47,136 [INFO] IPUIPlugin:80 - create IPUIPlugin
2025-12-31 11:39:47,136 [INFO] PluginManager:220 - loadIPPluginJar : add aes
2025-12-31 11:39:47,141 [INFO] IPUIPlugin:80 - create IPUIPlugin
2025-12-31 11:39:47,141 [INFO] PluginManager:220 - loadIPPluginJar : add can
2025-12-31 11:39:47,144 [INFO] IPUIPlugin:80 - create IPUIPlugin
2025-12-31 11:39:47,145 [INFO] PluginManager:220 - loadIPPluginJar : add comp
2025-12-31 11:39:47,149 [INFO] IPUIPlugin:80 - create IPUIPlugin
2025-12-31 11:39:47,149 [INFO] PluginManager:220 - loadIPPluginJar : add cryp
2025-12-31 11:39:47,153 [INFO] IPUIPlugin:80 - create IPUIPlugin
2025-12-31 11:39:47,153 [INFO] PluginManager:220 - loadIPPluginJar : add ddr_ctrl_phy
2025-12-31 11:39:47,157 [INFO] IPUIPlugin:80 - create IPUIPlugin
2025-12-31 11:39:47,157 [INFO] PluginManager:220 - loadIPPluginJar : add dfsdm
2025-12-31 11:39:47,166 [INFO] IPUIPlugin:80 - create IPUIPlugin
2025-12-31 11:39:47,167 [INFO] PluginManager:220 - loadIPPluginJar : add dma
2025-12-31 11:39:47,170 [INFO] IPUIPlugin:80 - create IPUIPlugin
2025-12-31 11:39:47,170 [INFO] PluginManager:220 - loadIPPluginJar : add dma3
2025-12-31 11:39:47,175 [INFO] IPUIPlugin:80 - create IPUIPlugin
2025-12-31 11:39:47,175 [INFO] PluginManager:220 - loadIPPluginJar : add extmemmanager
2025-12-31 11:39:47,177 [INFO] IPUIPlugin:80 - create IPUIPlugin
2025-12-31 11:39:47,177 [INFO] PluginManager:220 - loadIPPluginJar : add fatfs
2025-12-31 11:39:47,185 [INFO] IPUIPlugin:80 - create IPUIPlugin
2025-12-31 11:39:47,185 [INFO] PluginManager:220 - loadIPPluginJar : add fmc
2025-12-31 11:39:47,199 [INFO] IPUIPlugin:80 - create IPUIPlugin
2025-12-31 11:39:47,199 [INFO] PluginManager:220 - loadIPPluginJar : add freertos
2025-12-31 11:39:47,202 [INFO] IPUIPlugin:80 - create IPUIPlugin
2025-12-31 11:39:47,202 [INFO] PluginManager:220 - loadIPPluginJar : add genericplugin
2025-12-31 11:39:47,206 [INFO] IPUIPlugin:80 - create IPUIPlugin
2025-12-31 11:39:47,206 [INFO] PluginManager:220 - loadIPPluginJar : add gfxmmu
2025-12-31 11:39:47,214 [INFO] IPUIPlugin:80 - create IPUIPlugin
2025-12-31 11:39:47,215 [INFO] PluginManager:220 - loadIPPluginJar : add gic
2025-12-31 11:39:47,222 [INFO] IPUIPlugin:80 - create IPUIPlugin
2025-12-31 11:39:47,222 [INFO] PluginManager:220 - loadIPPluginJar : add gpio
2025-12-31 11:39:47,227 [INFO] IPUIPlugin:80 - create IPUIPlugin
2025-12-31 11:39:47,227 [INFO] PluginManager:220 - loadIPPluginJar : add gtzc
2025-12-31 11:39:47,232 [INFO] IPUIPlugin:80 - create IPUIPlugin
2025-12-31 11:39:47,232 [INFO] PluginManager:220 - loadIPPluginJar : add hash
2025-12-31 11:39:47,236 [INFO] IPUIPlugin:80 - create IPUIPlugin
2025-12-31 11:39:47,237 [INFO] PluginManager:220 - loadIPPluginJar : add i2c
2025-12-31 11:39:47,241 [INFO] IPUIPlugin:80 - create IPUIPlugin
2025-12-31 11:39:47,242 [INFO] PluginManager:220 - loadIPPluginJar : add i2s
2025-12-31 11:39:47,247 [INFO] IPUIPlugin:80 - create IPUIPlugin
2025-12-31 11:39:47,247 [INFO] PluginManager:220 - loadIPPluginJar : add i3c
2025-12-31 11:39:47,252 [INFO] IPUIPlugin:80 - create IPUIPlugin
2025-12-31 11:39:47,253 [INFO] PluginManager:220 - loadIPPluginJar : add ipddr
2025-12-31 11:39:47,266 [INFO] IPUIPlugin:80 - create IPUIPlugin
2025-12-31 11:39:47,266 [INFO] PluginManager:220 - loadIPPluginJar : add linkedlist
2025-12-31 11:39:47,272 [INFO] IPUIPlugin:80 - create IPUIPlugin
2025-12-31 11:39:47,272 [INFO] PluginManager:220 - loadIPPluginJar : add lorawan
2025-12-31 11:39:47,275 [INFO] IPUIPlugin:80 - create IPUIPlugin
2025-12-31 11:39:47,275 [INFO] PluginManager:220 - loadIPPluginJar : add ltdc
2025-12-31 11:39:47,286 [INFO] IPUIPlugin:80 - create IPUIPlugin
2025-12-31 11:39:47,286 [INFO] PluginManager:220 - loadIPPluginJar : add mdma
2025-12-31 11:39:47,292 [INFO] IPUIPlugin:80 - create IPUIPlugin
2025-12-31 11:39:47,292 [INFO] PluginManager:220 - loadIPPluginJar : add nvic
2025-12-31 11:39:47,298 [INFO] IPUIPlugin:80 - create IPUIPlugin
2025-12-31 11:39:47,298 [INFO] PluginManager:220 - loadIPPluginJar : add opamp
2025-12-31 11:39:47,304 [INFO] IPUIPlugin:80 - create IPUIPlugin
2025-12-31 11:39:47,305 [INFO] PluginManager:220 - loadIPPluginJar : add openamp
2025-12-31 11:39:47,311 [INFO] IPUIPlugin:80 - create IPUIPlugin
2025-12-31 11:39:47,311 [INFO] PluginManager:220 - loadIPPluginJar : add pdm2pcm
2025-12-31 11:39:47,320 [INFO] IPUIPlugin:80 - create IPUIPlugin
2025-12-31 11:39:47,326 [INFO] PluginManager:220 - loadIPPluginJar : add plateformsettings
2025-12-31 11:39:47,329 [INFO] IPUIPlugin:80 - create IPUIPlugin
2025-12-31 11:39:47,329 [INFO] PluginManager:220 - loadIPPluginJar : add quadspi
2025-12-31 11:39:47,333 [INFO] IPUIPlugin:80 - create IPUIPlugin
2025-12-31 11:39:47,334 [INFO] PluginManager:220 - loadIPPluginJar : add radio
2025-12-31 11:39:47,340 [INFO] IPUIPlugin:80 - create IPUIPlugin
2025-12-31 11:39:47,340 [INFO] PluginManager:220 - loadIPPluginJar : add resmgrutility
2025-12-31 11:39:47,346 [INFO] IPUIPlugin:80 - create IPUIPlugin
2025-12-31 11:39:47,346 [INFO] PluginManager:220 - loadIPPluginJar : add sai
2025-12-31 11:39:47,351 [INFO] IPUIPlugin:80 - create IPUIPlugin
2025-12-31 11:39:47,351 [INFO] PluginManager:220 - loadIPPluginJar : add spi
2025-12-31 11:39:47,361 [INFO] IPUIPlugin:80 - create IPUIPlugin
2025-12-31 11:39:47,361 [INFO] PluginManager:220 - loadIPPluginJar : add stm32_wpan
2025-12-31 11:39:47,364 [INFO] IPUIPlugin:80 - create IPUIPlugin
2025-12-31 11:39:47,365 [INFO] PluginManager:220 - loadIPPluginJar : add tim
2025-12-31 11:39:47,370 [INFO] IPUIPlugin:80 - create IPUIPlugin
2025-12-31 11:39:47,370 [INFO] PluginManager:220 - loadIPPluginJar : add touchsensing
2025-12-31 11:39:47,374 [INFO] IPUIPlugin:80 - create IPUIPlugin
2025-12-31 11:39:47,374 [INFO] PluginManager:220 - loadIPPluginJar : add tracer_emb
2025-12-31 11:39:47,378 [INFO] IPUIPlugin:80 - create IPUIPlugin
2025-12-31 11:39:47,378 [INFO] PluginManager:220 - loadIPPluginJar : add ts
2025-12-31 11:39:47,381 [INFO] IPUIPlugin:80 - create IPUIPlugin
2025-12-31 11:39:47,381 [INFO] PluginManager:220 - loadIPPluginJar : add tsc
2025-12-31 11:39:47,386 [INFO] IPUIPlugin:80 - create IPUIPlugin
2025-12-31 11:39:47,387 [INFO] PluginManager:220 - loadIPPluginJar : add ucpd
2025-12-31 11:39:47,392 [INFO] IPUIPlugin:80 - create IPUIPlugin
2025-12-31 11:39:47,392 [INFO] PluginManager:220 - loadIPPluginJar : add usart
2025-12-31 11:39:47,398 [INFO] IPUIPlugin:80 - create IPUIPlugin
2025-12-31 11:39:47,398 [INFO] PluginManager:220 - loadIPPluginJar : add usbx
2025-12-31 11:39:47,584 [FATAL] Updater:351 - Updater called before beeing initialized
2025-12-31 11:39:47,661 [INFO] RulesReader:64 - Compatibility file has been processed (317 Rules)
2025-12-31 11:39:47,685 [INFO] RulesReader:64 - Compatibility file has been processed (317 Rules)
2025-12-31 11:39:47,704 [INFO] CADModel:165 - CPN selected for project level
2025-12-31 11:39:47,704 [INFO] CADModel:114 - Register for checkConnection events
2025-12-31 11:39:47,704 [FATAL] Updater:351 - Updater called before beeing initialized
2025-12-31 11:39:47,705 [ERROR] CADModel:125 - Updater not yet initialized, retry later 
2025-12-31 11:39:47,959 [FATAL] Updater:351 - Updater called before beeing initialized
2025-12-31 11:39:47,962 [INFO] CADModel:165 - CPN selected for project level
2025-12-31 11:39:47,962 [INFO] CADModel:114 - Register for checkConnection events
2025-12-31 11:39:47,962 [FATAL] Updater:351 - Updater called before beeing initialized
2025-12-31 11:39:47,962 [ERROR] CADModel:125 - Updater not yet initialized, retry later 
2025-12-31 11:39:47,967 [FATAL] Updater:351 - Updater called before beeing initialized
2025-12-31 11:39:48,176 [FATAL] Updater:351 - Updater called before beeing initialized
2025-12-31 11:39:48,183 [INFO] DbMcusAds:53 - JSON generation date=Tue Dec 16 04:41:46 IST 2025 (1765840306612)
2025-12-31 11:39:48,183 [FATAL] Updater:351 - Updater called before beeing initialized
2025-12-31 11:39:48,245 [WARN] DetailPanel:346 - Failed to get advertising image, set to default
2025-12-31 11:39:48,367 [FATAL] Updater:351 - Updater called before beeing initialized
2025-12-31 11:39:48,370 [FATAL] Updater:351 - Updater called before beeing initialized
2025-12-31 11:39:48,370 [FATAL] Updater:351 - Updater called before beeing initialized
2025-12-31 11:39:48,371 [WARN] DetailPanel:346 - Failed to get advertising image, set to default
2025-12-31 11:39:48,372 [FATAL] Updater:351 - Updater called before beeing initialized
2025-12-31 11:39:48,466 [ERROR] Updater:1198 - MainUpdater not yet initialized. External WinMGr cannot be set.
2025-12-31 11:39:48,469 [INFO] Updater:1134 - Updater Version found : 6.15.0
2025-12-31 11:39:48,492 [INFO] ApplicationProperties:184 - Using Application install path: C:\ST\STM32CubeIDE_1.19.0\STM32CubeIDE\plugins\com.st.stm32cube.common.mx_6.15.0.202507011659
2025-12-31 11:39:49,025 [INFO] MainUpdater:2872 - connection check result : 10
2025-12-31 11:39:49,026 [INFO] MainUpdater:289 - Updater Check For Update Now.
2025-12-31 11:39:49,026 [INFO] MicroXplorer:498 - Change Database Version : DB.6.0.150
2025-12-31 11:39:49,039 [INFO] McuFinderGlobals:63 - Set McuFinder mode to 2 (CubeIDE integrated)
2025-12-31 11:39:49,040 [INFO] UserAuth:171 - activating auth plugin
2025-12-31 11:39:49,045 [INFO] UserAuth:487 - Internet connection configuration mode: 1
2025-12-31 11:39:49,094 [INFO] JxBrowserEngine:152 - Initiate JxBrowser Engine with user profile folder
2025-12-31 11:39:49,205 [WARN] MainUpdater:1193 - Updater busy. Cannot search thirdparties
2025-12-31 11:39:49,205 [INFO] ThirdPartyUpdaterWithRetryManager:96 - Updater plugin is busy. [1/15]
2025-12-31 11:39:49,305 [INFO] CheckServerUpdateThread:120 - End of CheckServer Thread
2025-12-31 11:39:50,557 [INFO] WebApp:169 - Instantiating new browser for Auth
2025-12-31 11:39:51,831 [INFO] WebApp:463 - Apply proxy settings
2025-12-31 11:39:51,832 [INFO] WebApp:548 - Chromium requires no authentication
2025-12-31 11:39:51,849 [INFO] WebApp:491 - Direct internet connection detected
2025-12-31 11:39:51,894 [INFO] WebApp:900 - Register for checkConnection events
2025-12-31 11:39:51,894 [INFO] WebApp:463 - Apply proxy settings
2025-12-31 11:39:51,894 [INFO] WebApp:548 - Chromium requires no authentication
2025-12-31 11:39:51,895 [INFO] WebApp:491 - Direct internet connection detected
2025-12-31 11:39:52,225 [INFO] WebApp:225 - Starting web application
2025-12-31 11:39:52,225 [INFO] WebApp:593 - Web application path used C:\ST\STM32CubeIDE_1.19.0\STM32CubeIDE\plugins\com.st.stm32cube.common.mx_6.15.0.202507011659\db\plugins\mcufinder\reactClient1\index.html
2025-12-31 11:39:52,747 [INFO] WebApp:191 - Connection restablished
2025-12-31 11:39:52,754 [WARN] PackLoader:240 - Cannot read IP mode file for STMicroelectronics.FP-SNS-MOTENVWB1.1.4.0
2025-12-31 11:39:52,773 [WARN] PackLoader:240 - Cannot read IP mode file for STMicroelectronics.FP-ATR-ASTRA1.2.0.2
2025-12-31 11:39:52,799 [WARN] PackLoader:240 - Cannot read IP mode file for STMicroelectronics.X-CUBE-SMBUS.2.1.0
2025-12-31 11:39:52,896 [WARN] PackLoader:240 - Cannot read IP mode file for STMicroelectronics.X-CUBE-AZRTOS-F7.1.1.0
2025-12-31 11:39:52,918 [WARN] PackLoader:240 - Cannot read IP mode file for STMicroelectronics.FP-SNS-MOTENV1.5.1.0
2025-12-31 11:39:52,951 [WARN] PackLoader:240 - Cannot read IP mode file for WES.I-CUBE-Cesium.1.4.0
2025-12-31 11:39:53,024 [WARN] PackLoader:240 - Cannot read IP mode file for STMicroelectronics.X-CUBE-AZRTOS-H7.3.4.0
2025-12-31 11:39:53,059 [WARN] PackLoader:240 - Cannot read IP mode file for STMicroelectronics.X-CUBE-DISPLAY.3.0.0
2025-12-31 11:39:53,092 [WARN] PackLoader:240 - Cannot read IP mode file for STMicroelectronics.X-CUBE-NFC10.1.0.0
2025-12-31 11:39:53,109 [WARN] PackLoader:240 - Cannot read IP mode file for STMicroelectronics.X-CUBE-ST60.1.1.0
2025-12-31 11:39:53,126 [WARN] PackLoader:240 - Cannot read IP mode file for emotas.I-CUBE-CANOPEN.1.3.0
2025-12-31 11:39:53,142 [WARN] PackLoader:240 - Cannot read IP mode file for STMicroelectronics.X-CUBE-GNSS1.7.1.0
2025-12-31 11:39:53,165 [WARN] PackLoader:240 - Cannot read IP mode file for STMicroelectronics.FP-SNS-STBOX1.2.1.0
2025-12-31 11:39:53,183 [WARN] PackLoader:240 - Cannot read IP mode file for STMicroelectronics.FP-SNS-SMARTAG2.1.2.0
2025-12-31 11:39:53,194 [WARN] PackLoader:240 - Cannot read IP mode file for STMicroelectronics.FP-SNS-FLIGHT1.5.1.0
2025-12-31 11:39:53,218 [INFO] LogOutputStream:77 - [STDOUT_REDIRECT] 1 : Invalid condition id : UX_CORESTACK_Condition cause : null
2025-12-31 11:39:53,220 [INFO] LogOutputStream:77 - [STDOUT_REDIRECT] 1 : Invalid condition id : UX_CORESTACK_Condition cause : null
2025-12-31 11:39:53,224 [INFO] LogOutputStream:77 - [STDOUT_REDIRECT] 1 : Invalid condition id : UX_CORESTACK_Condition cause : null
2025-12-31 11:39:53,227 [INFO] LogOutputStream:77 - [STDOUT_REDIRECT] 1 : Invalid condition id : UX_CORESTACK_Condition cause : null
2025-12-31 11:39:53,230 [INFO] LogOutputStream:77 - [STDOUT_REDIRECT] 1 : Invalid condition id : UX_CORESTACK_Condition cause : null
2025-12-31 11:39:53,237 [WARN] PackLoader:240 - Cannot read IP mode file for STMicroelectronics.X-CUBE-AZRTOS-WL.2.0.0
2025-12-31 11:39:53,295 [WARN] PackLoader:240 - Cannot read IP mode file for STMicroelectronics.X-CUBE-AZRTOS-H7RS.1.2.0
2025-12-31 11:39:53,314 [WARN] PackLoader:240 - Cannot read IP mode file for STMicroelectronics.X-CUBE-BLE2.3.3.0
2025-12-31 11:39:53,401 [WARN] PackLoader:240 - Cannot read IP mode file for Infineon.AIROC-Wi-Fi-Bluetooth-STM32.1.8.0
2025-12-31 11:39:53,433 [WARN] PackLoader:240 - Cannot read IP mode file for STMicroelectronics.X-CUBE-NFC9.1.0.0
2025-12-31 11:39:53,448 [WARN] PackLoader:240 - Cannot read IP mode file for STMicroelectronics.X-CUBE-BLE1.7.1.0
2025-12-31 11:39:53,478 [WARN] PackLoader:240 - Cannot read IP mode file for STMicroelectronics.X-CUBE-FREERTOS.1.4.0
2025-12-31 11:39:53,492 [WARN] PackLoader:240 - Cannot read IP mode file for STMicroelectronics.X-CUBE-EEPRMA1.5.2.0
2025-12-31 11:39:53,506 [WARN] PackLoader:240 - Cannot read IP mode file for Cesanta.I-CUBE-Mongoose.7.20.0
2025-12-31 11:39:53,519 [WARN] PackLoader:240 - Cannot read IP mode file for STMicroelectronics.X-CUBE-ST67W61.1.1.0
2025-12-31 11:39:53,706 [WARN] PackLoader:240 - Cannot read IP mode file for STMicroelectronics.X-CUBE-MEMS1.12.0.0
2025-12-31 11:39:54,082 [WARN] PackLoader:240 - Cannot read IP mode file for STMicroelectronics.X-CUBE-AZRTOS-G0.1.1.0
2025-12-31 11:39:54,098 [WARN] PackLoader:240 - Cannot read IP mode file for STMicroelectronics.X-CUBE-NFC4.3.0.0
2025-12-31 11:39:54,121 [WARN] PackLoader:240 - Cannot read IP mode file for EmbeddedOffice.I-CUBE-FS-RTOS.1.0.1
2025-12-31 11:39:54,134 [WARN] PackLoader:240 - Cannot read IP mode file for STMicroelectronics.X-CUBE-WB05N.2.0.0
2025-12-31 11:39:54,152 [WARN] PackLoader:240 - Cannot read IP mode file for STMicroelectronics.X-CUBE-TCPP.4.2.0
2025-12-31 11:39:54,168 [WARN] PackLoader:240 - Cannot read IP mode file for RealThread.X-CUBE-RT-Thread_Nano.4.1.1
2025-12-31 11:39:54,178 [WARN] PackLoader:240 - Cannot read IP mode file for STMicroelectronics.FP-ATR-SIGFOX1.3.2.0
2025-12-31 11:39:54,193 [WARN] PackLoader:240 - Cannot read IP mode file for ITTIA_DB.I-CUBE-ITTIADB.8.9.0
2025-12-31 11:39:54,202 [WARN] PackLoader:240 - Cannot read IP mode file for STMicroelectronics.X-CUBE-AI.10.2.0
2025-12-31 11:39:54,276 [WARN] PackLoader:240 - Cannot read IP mode file for SEGGER.I-CUBE-embOS.1.3.1
2025-12-31 11:39:54,420 [WARN] PackLoader:240 - Cannot read IP mode file for STMicroelectronics.X-CUBE-ALGOBUILD.1.4.0
2025-12-31 11:39:54,433 [WARN] PackLoader:240 - Cannot read IP mode file for STMicroelectronics.X-CUBE-PM33A1.1.0.0
2025-12-31 11:39:54,471 [WARN] PackLoader:240 - Cannot read IP mode file for STMicroelectronics.X-CUBE-AZRTOS-F4.1.1.0
2025-12-31 11:39:54,506 [WARN] PackLoader:240 - Cannot read IP mode file for STMicroelectronics.X-CUBE-ISPU.2.1.0
2025-12-31 11:39:54,537 [WARN] PackLoader:240 - Cannot read IP mode file for STMicroelectronics.X-CUBE-IPS.3.2.0
2025-12-31 11:39:54,570 [WARN] PackLoader:240 - Cannot read IP mode file for STMicroelectronics.X-CUBE-NFC12.1.0.0
2025-12-31 11:39:54,619 [WARN] PackLoader:240 - Cannot read IP mode file for STMicroelectronics.X-CUBE-AZRTOS-L5.2.0.0
2025-12-31 11:39:54,641 [WARN] PackLoader:240 - Cannot read IP mode file for STMicroelectronics.X-CUBE-NFC6.3.1.0
2025-12-31 11:39:54,657 [WARN] PackLoader:240 - Cannot read IP mode file for STMicroelectronics.X-CUBE-TOUCHGFX.4.26.0
2025-12-31 11:39:54,669 [WARN] PackLoader:240 - Cannot read IP mode file for STMicroelectronics.FP-SNS-STAIOTCFT.1.0.0
2025-12-31 11:39:54,686 [WARN] PackLoader:240 - Cannot read IP mode file for STMicroelectronics.X-CUBE-DPower.1.3.0
2025-12-31 11:39:54,738 [WARN] ConditionMgr:438 - getConditionDescription Invalid condition id : LAN8742 Phy interface Condition cause : null
2025-12-31 11:39:54,740 [WARN] PackLoader:240 - Cannot read IP mode file for STMicroelectronics.X-CUBE-AZRTOS-L4.2.0.0
2025-12-31 11:39:54,743 [WARN] ConditionMgr:1044 - genDependencies : Invalid condition id : LAN8742 Phy interface Condition cause : null
2025-12-31 11:39:54,744 [WARN] ConditionMgr:1044 - genDependencies : Invalid condition id : LAN8742 Phy interface Condition cause : null
2025-12-31 11:39:54,745 [WARN] ConditionMgr:1044 - genDependencies : Invalid condition id : LAN8742 Phy interface Condition cause : null
2025-12-31 11:39:54,763 [WARN] PackLoader:240 - Cannot read IP mode file for STMicroelectronics.X-CUBE-SFXS2LP1.4.0.0
2025-12-31 11:39:54,790 [WARN] PackLoader:240 - Cannot read IP mode file for STMicroelectronics.X-CUBE-BLEMGR.4.1.0
2025-12-31 11:39:54,827 [WARN] ConditionMgr:438 - getConditionDescription Invalid condition id : UX DEVICE CLASS RTOS Condition cause : null
2025-12-31 11:39:54,827 [WARN] ConditionMgr:438 - getConditionDescription Invalid condition id : UX DEVICE CLASS RTOS Condition cause : null
2025-12-31 11:39:54,850 [WARN] PackLoader:240 - Cannot read IP mode file for STMicroelectronics.X-CUBE-AZRTOS-WB.2.0.0
2025-12-31 11:39:54,852 [WARN] ConditionMgr:1044 - genDependencies : Invalid condition id : UX DEVICE CLASS RTOS Condition cause : null
2025-12-31 11:39:54,852 [WARN] ConditionMgr:1044 - genDependencies : Invalid condition id : UX DEVICE CLASS RTOS Condition cause : null
2025-12-31 11:39:54,854 [WARN] ConditionMgr:1044 - genDependencies : Invalid condition id : UX DEVICE CLASS RTOS Condition cause : null
2025-12-31 11:39:54,855 [WARN] ConditionMgr:1044 - genDependencies : Invalid condition id : UX DEVICE CLASS RTOS Condition cause : null
2025-12-31 11:39:54,855 [WARN] ConditionMgr:1044 - genDependencies : Invalid condition id : UX DEVICE CLASS RTOS Condition cause : null
2025-12-31 11:39:54,867 [WARN] ConditionMgr:438 - getConditionDescription Invalid condition id : Cortex-A Device cause : null
2025-12-31 11:39:54,901 [WARN] ConditionMgr:1044 - genDependencies : Invalid condition id : Cortex-A Device cause : null
2025-12-31 11:39:54,901 [WARN] ConditionMgr:1044 - genDependencies : Invalid condition id : Cortex-A Device cause : null
2025-12-31 11:39:54,902 [WARN] ConditionMgr:1044 - genDependencies : Invalid condition id : Cortex-A Device cause : null
2025-12-31 11:39:54,933 [WARN] PackLoader:240 - Cannot read IP mode file for STMicroelectronics.X-CUBE-SUBG2.5.0.0
2025-12-31 11:39:54,993 [WARN] PackLoader:240 - Cannot read IP mode file for STMicroelectronics.X-CUBE-AZRTOS-G4.2.0.0
2025-12-31 11:39:55,006 [WARN] PackLoader:240 - Cannot read IP mode file for STMicroelectronics.X-CUBE-NFC7.2.0.0
2025-12-31 11:39:55,017 [WARN] PackLoader:240 - Cannot read IP mode file for STMicroelectronics.X-CUBE-ALS.1.0.2
2025-12-31 11:39:55,033 [WARN] PackLoader:240 - Cannot read IP mode file for STMicroelectronics.X-CUBE-STSE01.1.0.0
2025-12-31 11:39:55,061 [WARN] PackLoader:240 - Cannot read IP mode file for STMicroelectronics.X-CUBE-TOF1.3.4.3
2025-12-31 11:39:55,088 [INFO] ThirdParty:978 - Integrity check success = true
2025-12-31 11:39:55,088 [INFO] IntegrityCheckThread:100 - exiting critical section [integrity check]
2025-12-31 11:39:55,088 [INFO] IntegrityCheckThread:103 - End integrity checks thread
2025-12-31 11:41:10,522 [INFO] McuFinderGlobals:63 - Set McuFinder mode to 2 (CubeIDE integrated)
2025-12-31 11:41:10,528 [INFO] MainUpdater:2872 - connection check result : 10
2025-12-31 11:41:10,529 [INFO] MainUpdater:2872 - connection check result : 10
2025-12-31 11:41:10,576 [INFO] MicroXplorer:468 - Change Database Path : 
2025-12-31 11:41:10,577 [INFO] MicroXplorer:498 - Change Database Version : DB.6.0.150
2025-12-31 11:41:10,592 [WARN] ThirdParty:871 - waiting for thirdparty lock release [close project]
2025-12-31 11:41:10,592 [INFO] ThirdParty:873 - entering critical section [close project]
2025-12-31 11:41:10,593 [INFO] ThirdParty:883 - exiting critical section [close project]
2025-12-31 11:41:10,596 [INFO] PinOutPanel:1589 - setPackage(No Configuration,No Configuration)
2025-12-31 11:41:10,599 [INFO] UtilMem:75 - Begin LoadConfig() Used Memory: 799741032 Bytes (914358272)
2025-12-31 11:41:10,602 [INFO] MicroXplorer:468 - Change Database Path : 
2025-12-31 11:41:10,602 [INFO] MicroXplorer:498 - Change Database Version : DB.6.0.150
2025-12-31 11:41:10,603 [INFO] OpenFileManager:355 - Change cursor
2025-12-31 11:41:10,656 [INFO] Mcu:2029 - Initializing MCU STM32F407V(E-G)Tx STM32F407VGTx STM32F407VGT6
2025-12-31 11:41:13,943 [INFO] Context:786 - Trying to add GPIOservice into a context  which must be forbidden
2025-12-31 11:41:15,223 [INFO] ImportTextPane:234 - (OptionalMessage_ERROR) Pin6 (VP_RIF_VS_RIF1) cannot be retrieved for this MCU
2025-12-31 11:41:15,612 [INFO] RtosManager:558 - Registered RTOS mode: class=CMSIS, group=RTOS, mode=CMSIS_V1, owner=FREERTOS
2025-12-31 11:41:15,613 [INFO] RtosManager:558 - Registered RTOS mode: class=CMSIS, group=RTOS2, mode=CMSIS_V2, owner=FREERTOS
2025-12-31 11:41:15,613 [INFO] RtosManager:558 - Registered RTOS mode: class=RTOS, group=Core, mode=CMSIS_V1, owner=FREERTOS
2025-12-31 11:41:15,613 [INFO] RtosManager:558 - Registered RTOS mode: class=RTOS, group=Core, mode=CMSIS_V2, owner=FREERTOS
2025-12-31 11:41:15,614 [WARN] ModelIntegratedComponent:184 - Missing modes for component STMicroelectronics:FreeRTOS:0.0.1:STMicroelectronics:RTOS:FreeRTOS:Core:::10.2.0:
2025-12-31 11:41:15,648 [WARN] ModelIntegratedComponent:63 - No mode defined for component null
2025-12-31 11:41:15,649 [WARN] ModelIntegratedComponent:63 - No mode defined for component null
2025-12-31 11:41:15,649 [WARN] ModelIntegratedComponent:63 - No mode defined for component null
2025-12-31 11:41:15,649 [WARN] ModelIntegratedComponent:63 - No mode defined for component null
2025-12-31 11:41:15,649 [WARN] ModelIntegratedComponent:63 - No mode defined for component null
2025-12-31 11:41:15,649 [WARN] ModelIntegratedComponent:63 - No mode defined for component null
2025-12-31 11:41:15,649 [WARN] ModelIntegratedComponent:63 - No mode defined for component null
2025-12-31 11:41:15,649 [WARN] ModelIntegratedComponent:63 - No mode defined for component null
2025-12-31 11:41:15,649 [WARN] ModelIntegratedComponent:63 - No mode defined for component null
2025-12-31 11:41:15,649 [WARN] ModelIntegratedComponent:63 - No mode defined for component null
2025-12-31 11:41:15,650 [WARN] ModelIntegratedComponent:63 - No mode defined for component null
2025-12-31 11:41:15,650 [WARN] ModelIntegratedComponent:63 - No mode defined for component null
2025-12-31 11:41:15,650 [WARN] ModelIntegratedComponent:63 - No mode defined for component null
2025-12-31 11:41:15,650 [WARN] ModelIntegratedComponent:63 - No mode defined for component null
2025-12-31 11:41:15,650 [WARN] ModelIntegratedComponent:63 - No mode defined for component null
2025-12-31 11:41:15,650 [WARN] ModelIntegratedComponent:63 - No mode defined for component null
2025-12-31 11:41:15,650 [WARN] ModelIntegratedComponent:63 - No mode defined for component null
2025-12-31 11:41:15,650 [WARN] ModelIntegratedComponent:63 - No mode defined for component null
2025-12-31 11:41:15,650 [WARN] ModelIntegratedComponent:63 - No mode defined for component null
2025-12-31 11:41:15,651 [WARN] ModelIntegratedComponent:63 - No mode defined for component null
2025-12-31 11:41:15,651 [WARN] ModelIntegratedComponent:63 - No mode defined for component null
2025-12-31 11:41:15,651 [WARN] ModelIntegratedComponent:63 - No mode defined for component null
2025-12-31 11:41:15,652 [WARN] ModelIntegratedComponent:63 - No mode defined for component null
2025-12-31 11:41:15,652 [WARN] ModelIntegratedComponent:63 - No mode defined for component null
2025-12-31 11:41:15,652 [WARN] ModelIntegratedComponent:63 - No mode defined for component null
2025-12-31 11:41:15,652 [WARN] ModelIntegratedComponent:63 - No mode defined for component null
2025-12-31 11:41:15,652 [WARN] ModelIntegratedComponent:63 - No mode defined for component null
2025-12-31 11:41:15,653 [WARN] ModelIntegratedComponent:63 - No mode defined for component null
2025-12-31 11:41:15,653 [WARN] ModelIntegratedComponent:63 - No mode defined for component null
2025-12-31 11:41:15,653 [WARN] ModelIntegratedComponent:63 - No mode defined for component null
2025-12-31 11:41:15,653 [WARN] ModelIntegratedComponent:63 - No mode defined for component null
2025-12-31 11:41:15,653 [WARN] ModelIntegratedComponent:63 - No mode defined for component null
2025-12-31 11:41:15,653 [WARN] ModelIntegratedComponent:63 - No mode defined for component null
2025-12-31 11:41:15,653 [WARN] ModelIntegratedComponent:63 - No mode defined for component null
2025-12-31 11:41:15,654 [WARN] ModelIntegratedComponent:63 - No mode defined for component null
2025-12-31 11:41:15,654 [WARN] ModelPack:524 - Component already loaded: STMicroelectronics:HAL Drivers:0.0.0:STMicroelectronics:Device:STMicro_Driver:XSPI:HAL::0.0.1:HAL_XSPI
2025-12-31 11:41:15,732 [INFO] ThirdPartyModel:298 - Start build external matchings
2025-12-31 11:41:16,593 [INFO] ThirdPartyModel:316 - End build external matchings
2025-12-31 11:41:16,629 [INFO] ImportTextPane:234 - (OptionalMessage_ERROR) IP (RCC) : Parameter (RTCHSEDivFreq_Value) has invalid value (4000000)
2025-12-31 11:41:17,802 [INFO] ApiDb:581 - Connected to CubeFinder SQLite database (C:\Users\Admin\.stmcufinder\plugins\mcufinder\mcu\cube-finder-db.db)
2025-12-31 11:41:17,975 [INFO] ApiDb:668 - CubeFinder database Data Model version=2.1
2025-12-31 11:41:17,975 [INFO] ApiDb:669 - CubeFinder database Configuration version=3.0.39
2025-12-31 11:41:17,976 [INFO] ApiDb:670 - CubeFinder database generation date=2025-11-05 (1762334721)
2025-12-31 11:41:17,976 [INFO] ApiDb:671 - CubeFinder database FW Pack versions=[FP-ATR-ASTRA1_V2.0.0, FP-SNS-FLIGHT1_V5.1.0, FP-SNS-MOTENV1_V5.1.0, FP-SNS-MOTENVWB1_V1.4.0, FP-SNS-SMARTAG2_V1.2.0, FP-SNS-STBOX1_V2.1.0, STM32Cube_FW_C0_V1.4.0, STM32Cube_FW_F4_V1.28.3, STM32Cube_FW_F7_V1.17.4, STM32Cube_FW_G0_V1.6.2, STM32Cube_FW_G4_V1.6.1, STM32Cube_FW_H5_V1.5.1, STM32Cube_FW_H7RS_V1.3.0, STM32Cube_FW_H7_V1.12.1, STM32Cube_FW_L0_V1.12.2, STM32Cube_FW_L4_V1.18.1, STM32Cube_FW_L5_V1.6.0, STM32Cube_FW_N6_V1.3.0, STM32Cube_FW_U0_V1.3.0, STM32Cube_FW_U3_V1.2.1, STM32Cube_FW_U5_V1.8.0, STM32Cube_FW_WB0_V1.4.0, STM32Cube_FW_WBA_V1.8.0, STM32Cube_FW_WB_V1.24.0, STM32Cube_FW_WL3_V1.3.0, STM32Cube_FW_WL_V1.4.0, X-CUBE-ALGOBUILD_V1.4.0, X-CUBE-ALS_V1.0.2, X-CUBE-AZRTOS-F4_V1.1.0, X-CUBE-AZRTOS-F7_V1.1.0, X-CUBE-AZRTOS-G0_V1.1.0, X-CUBE-AZRTOS-G4_V2.0.0, X-CUBE-AZRTOS-H7RS_V1.1.0, X-CUBE-AZRTOS-H7_V3.4.0, X-CUBE-AZRTOS-L4_V2.0.0, X-CUBE-AZRTOS-L5_V2.0.0, X-CUBE-AZRTOS-WB_V2.0.0, X-CUBE-AZRTOS-WL_V2.0.0, X-CUBE-BLE1_V7.1.0, X-CUBE-BLE2_V3.3.0, X-CUBE-BLEMGR_V4.1.0, X-CUBE-EEPRMA1_V5.2.0, X-CUBE-FREERTOS_V1.3.1, X-CUBE-GNSS1_V6.0.0, X-CUBE-MEMS1_V11.3.0, X-CUBE-NFC4_V3.0.0, X-CUBE-NFC7_V2.0.0, X-CUBE-SFXS2LP1_V4.0.0, X-CUBE-ST67W61_V1.1.0, X-CUBE-SUBG2_V5.0.0, X-CUBE-TOF1_V3.4.3]
2025-12-31 11:41:18,160 [INFO] DbBoardsSqlite:226 - include board P-NUCLEO-WB55-NUCLEO as a kit item of type 'Nucleo-64'
2025-12-31 11:41:18,160 [INFO] DbBoardsSqlite:226 - include board P-NUCLEO-WB55-USBDONGLE as a kit item of type 'Nucleo USB Dongle'
2025-12-31 11:41:18,162 [INFO] DbBoardsSqlite:226 - include board STEVAL-IDP005V1 as a kit item of type 'Evaluation Board'
2025-12-31 11:41:18,163 [INFO] DbBoardsSqlite:226 - include board STEVAL-IDP005V2 as a kit item of type 'Evaluation Board'
2025-12-31 11:41:18,800 [INFO] ApiDb:240 - Found 880 in-development CPN: [B-G473E-ZEST1S, B-WB1M-WPAN1, B-WBA5M-WPAN, B-WL5M-SUBG1, NUCLEO-C031C6, NUCLEO-C051C8, NUCLEO-C071RB, NUCLEO-C092RC, NUCLEO-H503RB, NUCLEO-H533RE, NUCLEO-H563ZI, NUCLEO-H7S3L8, NUCLEO-N657X0-Q, NUCLEO-U031R8, NUCLEO-U083RC, NUCLEO-U385RG-Q, NUCLEO-U545RE-Q, NUCLEO-U5A5ZJ-Q, NUCLEO-WB05KZ, NUCLEO-WB07CC, NUCLEO-WB09KE, NUCLEO-WBA52CG, NUCLEO-WBA55CG, NUCLEO-WL33CC1, NUCLEO-WL33CC2, STEVAL-PROTEUS1, STEVAL-SMARTAG2, STEVAL-STWINBX1, STM320518-EVAL, STM32C0116-DK, STM32C011D6Y3TR, STM32C011D6Y6TR, STM32C011F4P3, STM32C011F4P6, STM32C011F4U3, STM32C011F4U6TR, STM32C011F6P3, STM32C011F6P6, STM32C011F6U3, STM32C011F6U6TR, STM32C011J4M3, STM32C011J4M6, STM32C011J6M3, STM32C011J6M6, STM32C0316-DK, STM32C031C4T3, STM32C031C4T6, STM32C031C4U3, STM32C031C4U6, STM32C031C6T3, STM32C031C6T6, STM32C031C6U3, STM32C031C6U6, STM32C031F4P3, STM32C031F4P6, STM32C031F6P3, STM32C031F6P6, STM32C031G4U3, STM32C031G4U6, STM32C031G6U3, STM32C031G6U6, STM32C031K4T3, STM32C031K4T6, STM32C031K4U3, STM32C031K4U6, STM32C031K6T3, STM32C031K6T6, STM32C031K6U3, STM32C031K6U6, STM32C051C6T6, STM32C051C6U6, STM32C051C8T6, STM32C051C8U6, STM32C051D8Y6TR, STM32C051F6P6, STM32C051F8P6, STM32C051G6U6, STM32C051G8U6, STM32C051K6T6, STM32C051K6U6, STM32C051K8T6, STM32C071C8T6, STM32C071C8T6N, STM32C071C8U6, STM32C071C8U6N, STM32C071CBT6, STM32C071CBT6N, STM32C071CBU6, STM32C071CBU6N, STM32C071F8P6, STM32C071F8P6N, STM32C071FBP6, STM32C071FBP6N, STM32C071FBY6TR, STM32C071G8U6, STM32C071G8U6N, STM32C071GBU6, STM32C071GBU6N, STM32C071K8T6, STM32C071K8T6N, STM32C071K8U6, STM32C071K8U6N, STM32C071KBT6, STM32C071KBT6N, STM32C071KBU6, STM32C071KBU6N, STM32C071R8T6, STM32C071R8T6N, STM32C071RBI6N, STM32C071RBT6, STM32C071RBT6N, STM32C091CBT6, STM32C091CBU6, STM32C091CCT6, STM32C091CCU6, STM32C091ECY6TR, STM32C091FBP6, STM32C091FCP6, STM32C091GBU6, STM32C091GCU6, STM32C091KBT6, STM32C091KBU6, STM32C091KCT6, STM32C091KCU6, STM32C091RBT6, STM32C091RCI6, STM32C091RCT6, STM32C092CBT6, STM32C092CBU6, STM32C092CCT6, STM32C092CCU6, STM32C092ECY6TR, STM32C092FBP6, STM32C092FCP6, STM32C092GBU6, STM32C092GCU6, STM32C092KBT6, STM32C092KBU6, STM32C092KCT6, STM32C092KCU6, STM32C092RBT6, STM32C092RCI6, STM32C092RCT6, STM32G071K8TXN, STM32G071K8UXN, STM32G081GBU6N, STM32G081KBT6N, STM32G081KBUXN, STM32G0B1CCT6N, STM32G0B1KCT6, STM32G0B1NEY6TR, STM32G0B1RCT6N, STM32G0C1CCT6, STM32G0C1CCT6N, STM32G0C1CCU6N, STM32G0C1CET6N, STM32G0C1CEU6N, STM32G0C1KCT6, STM32G0C1NEY6TR, STM32G0C1RCI6N, STM32G0C1RCT6N, STM32G0C1REI6N, STM32G0C1RET6N, STM32G0C1VCI6, STM32G0C1VEI6, STM32G411C6T3, STM32G411C6T6, STM32G411C6U3, STM32G411C6U6, STM32G411C8T3, STM32G411C8T6, STM32G411C8U3, STM32G411C8U6, STM32G411CBT3, STM32G411CBT6, STM32G411CBU3, STM32G411CBU6, STM32G411K6T3, STM32G411K6T6, STM32G411K6U3, STM32G411K6U6, STM32G411K8T3, STM32G411K8T6, STM32G411K8U3, STM32G411K8U6, STM32G411KBT3, STM32G411KBT6, STM32G411KBU3, STM32G411KBU6, STM32G411M6T3, STM32G411M6T6, STM32G411M8T3, STM32G411M8T6, STM32G411MBT3, STM32G411MBT6, STM32G411R6T3, STM32G411R6T6, STM32G411R8T3, STM32G411R8T6, STM32G411RBT3, STM32G411RBT6, STM32G414CBT3, STM32G414CBT6, STM32G414CBU3, STM32G414CBU6, STM32G414CCT3, STM32G414CCT6, STM32G414CCU3, STM32G414CCU6, STM32G414MBT3, STM32G414MBT6, STM32G414MCT3, STM32G414MCT6, STM32G414RBT3, STM32G414RBT6, STM32G414RCT3, STM32G414RCT6, STM32G414VBT3, STM32G414VBT6, STM32G414VCT3, STM32G414VCT6, STM32G431CBT3Z, STM32G431RBT3Z, STM32G471CCT6, STM32G471CCU6, STM32G471CET3, STM32G471CET6, STM32G471CEU3, STM32G471CEU6, STM32G471MCT6, STM32G471MET3, STM32G471MET6, STM32G471MEY6TR, STM32G471QCT6, STM32G471QET3, STM32G471RCT6, STM32G471RET3, STM32G471RET6, STM32G471VCH6, STM32G471VCI6, STM32G471VCT6, STM32G471VEH3, STM32G471VEH6, STM32G471VEI3, STM32G471VEI6, STM32G471VET3, STM32G471VET6, STM32G473QET3Z, STM32G473RET3Z, STM32G474CCT6, STM32G491RET3Z, STM32H503CBT6, STM32H503CBU6, STM32H503EBY6TR, STM32H503KBU6, STM32H503RBT6, STM32H523CCT6, STM32H523CCU6, STM32H523CET6, STM32H523CEU6, STM32H523HEY6TR, STM32H523RCT6, STM32H523RET6, STM32H523VCI6, STM32H523VCT6, STM32H523VEI6, STM32H523VET6, STM32H523ZCJ6, STM32H523ZCT6, STM32H523ZEJ6, STM32H523ZET6, STM32H533CET6, STM32H533CEU6, STM32H533HEY6TR, STM32H533RET6, STM32H533VEI6, STM32H533VET6, STM32H533ZEJ6, STM32H533ZET6, STM32H562AGI6, STM32H562AII6, STM32H562IGK6, STM32H562IGT6, STM32H562IIK6, STM32H562IIT6, STM32H562RGT6, STM32H562RGV6, STM32H562RIT6, STM32H562RIV6, STM32H562VGT6, STM32H562VIT6, STM32H562ZGT6, STM32H562ZIT6, STM32H563AGI6, STM32H563AII3Q, STM32H563AII6, STM32H563IGK6, STM32H563IGT6, STM32H563IIK3Q, STM32H563IIK6, STM32H563IIT3Q, STM32H563IIT6, STM32H563MIY3QTR, STM32H563RGT6, STM32H563RGV6, STM32H563RIT6, STM32H563RIV6, STM32H563VGT6, STM32H563VIT3Q, STM32H563VIT6, STM32H563ZGT6, STM32H563ZIT3Q, STM32H563ZIT6, STM32H573AII3Q, STM32H573AII6, STM32H573I-DK, STM32H573IIK3Q, STM32H573IIK6, STM32H573IIT3Q, STM32H573IIT6, STM32H573MIY3QTR, STM32H573RIT6, STM32H573RIV6, STM32H573VIT3Q, STM32H573VIT6, STM32H573ZIT3Q, STM32H573ZIT6, STM32H7R3A8I6, STM32H7R3I8K6, STM32H7R3I8T6, STM32H7R3L8H6, STM32H7R3L8H6H, STM32H7R3R8V6, STM32H7R3V8H6, STM32H7R3V8T6, STM32H7R3V8Y6TR, STM32H7R3Z8J6, STM32H7R3Z8T6, STM32H7R7A8I6, STM32H7R7I8K6, STM32H7R7I8T6, STM32H7R7L8H6, STM32H7R7L8H6H, STM32H7R7Z8J6, STM32H7S3A8I6, STM32H7S3I8K6, STM32H7S3I8T6, STM32H7S3L8H6, STM32H7S3L8H6H, STM32H7S3R8V6, STM32H7S3V8H6, STM32H7S3V8T6, STM32H7S3V8Y6TR, STM32H7S3Z8J6, STM32H7S3Z8T6, STM32H7S78-DK, STM32H7S7A8I6, STM32H7S7I8K6, STM32H7S7I8T6, STM32H7S7L8H6, STM32H7S7L8H6H, STM32H7S7Z8J6, STM32L4R5QGI6STR, STM32MP131AAE3, STM32MP131AAF3, STM32MP131AAG3, STM32MP131CAE3, STM32MP131CAF3, STM32MP131CAG3, STM32MP131DAE7, STM32MP131DAF7, STM32MP131DAG7, STM32MP131FAE7, STM32MP131FAF7, STM32MP131FAG7, STM32MP133AAE3, STM32MP133AAF3, STM32MP133AAG3, STM32MP133CAE3, STM32MP133CAF3, STM32MP133CAG3, STM32MP133DAE7, STM32MP133DAF7, STM32MP133DAG7, STM32MP133FAE7, STM32MP133FAF7, STM32MP133FAG7, STM32MP135AAE3, STM32MP135AAF3, STM32MP135AAG3, STM32MP135CAE3, STM32MP135CAF3, STM32MP135CAG3, STM32MP135DAE7, STM32MP135DAF7, STM32MP135DAG7, STM32MP135F-DK, STM32MP135FAE7, STM32MP135FAF7, STM32MP135FAF7T, STM32MP135FAF7U, STM32MP135FAG7, STM32MP211AAL3, STM32MP211AAM3, STM32MP211AAN3, STM32MP211AAO3, STM32MP211CAL3, STM32MP211CAM3, STM32MP211CAN3, STM32MP211CAO3, STM32MP211DAL3, STM32MP211DAM3, STM32MP211DAN3, STM32MP211DAO3, STM32MP211FAL3, STM32MP211FAM3, STM32MP211FAN3, STM32MP211FAO3, STM32MP213AAL3, STM32MP213AAM3, STM32MP213AAN3, STM32MP213AAO3, STM32MP213CAL3, STM32MP213CAM3, STM32MP213CAN3, STM32MP213CAO3, STM32MP213DAL3, STM32MP213DAM3, STM32MP213DAN3, STM32MP213DAO3, STM32MP213FAL3, STM32MP213FAM3, STM32MP213FAN3, STM32MP213FAO3, STM32MP215AAL3, STM32MP215AAM3, STM32MP215AAN3, STM32MP215AAO3, STM32MP215CAL3, STM32MP215CAM3, STM32MP215CAN3, STM32MP215CAO3, STM32MP215DAL3, STM32MP215DAM3, STM32MP215DAN3, STM32MP215DAO3, STM32MP215F-DK, STM32MP215FAL3, STM32MP215FAM3, STM32MP215FAN3, STM32MP215FAO3, STM32MP231AAJ3, STM32MP231AAK3, STM32MP231AAL3, STM32MP231CAJ3, STM32MP231CAK3, STM32MP231CAL3, STM32MP231DAJ3, STM32MP231DAK3, STM32MP231DAL3, STM32MP231FAJ3, STM32MP231FAK3, STM32MP231FAL3, STM32MP233AAJ3, STM32MP233AAK3, STM32MP233AAL3, STM32MP233CAJ3, STM32MP233CAK3, STM32MP233CAL3, STM32MP233DAJ3, STM32MP233DAK3, STM32MP233DAL3, STM32MP233FAJ3, STM32MP233FAK3, STM32MP233FAL3, STM32MP235AAJ3, STM32MP235AAK3, STM32MP235AAL3, STM32MP235CAJ3, STM32MP235CAK3, STM32MP235CAL3, STM32MP235DAJ3, STM32MP235DAK3, STM32MP235DAL3, STM32MP235FAJ3, STM32MP235FAK3, STM32MP235FAL3, STM32MP251AAI3, STM32MP251AAK3, STM32MP251AAL3, STM32MP251CAI3, STM32MP251CAK3, STM32MP251CAL3, STM32MP251DAI3, STM32MP251DAK3, STM32MP251DAL3, STM32MP251FAI3, STM32MP251FAK3, STM32MP251FAL3, STM32MP253AAI3, STM32MP253AAK3, STM32MP253AAL3, STM32MP253CAI3, STM32MP253CAK3, STM32MP253CAL3, STM32MP253DAI3, STM32MP253DAK3, STM32MP253DAL3, STM32MP253FAI3, STM32MP253FAK3, STM32MP253FAL3, STM32MP255AAI3, STM32MP255AAK3, STM32MP255AAL3, STM32MP255CAI3, STM32MP255CAK3, STM32MP255CAL3, STM32MP255DAI3, STM32MP255DAK3, STM32MP255DAL3, STM32MP255FAI3, STM32MP255FAK3, STM32MP255FAL3, STM32MP257AAI3, STM32MP257AAK3, STM32MP257AAL3, STM32MP257CAI3, STM32MP257CAK3, STM32MP257CAL3, STM32MP257DAI3, STM32MP257DAK3, STM32MP257DAL3, STM32MP257F-DK, STM32MP257F-EV1, STM32MP257FAI3, STM32MP257FAK3, STM32MP257FAL3, STM32N645A0H3Q, STM32N645B0H3Q, STM32N645I0H3Q, STM32N645L0H3Q, STM32N645X0H3Q, STM32N645Z0H3Q, STM32N647A0H3Q, STM32N647B0H3Q, STM32N647I0H3Q, STM32N647L0H3Q, STM32N647X0H3Q, STM32N647Z0H3Q, STM32N655A0H3Q, STM32N655B0H3Q, STM32N655I0H3Q, STM32N655L0H3Q, STM32N655X0H3Q, STM32N655Z0H3Q, STM32N6570-DK, STM32N657A0H3Q, STM32N657B0H3Q, STM32N657I0H3Q, STM32N657L0H3Q, STM32N657X0H3Q, STM32N657Z0H3Q, STM32U031C6T6, STM32U031C6U6, STM32U031C8T6, STM32U031C8U6, STM32U031F4P6, STM32U031F6P6, STM32U031F8P6, STM32U031G6Y6TR, STM32U031G8Y6TR, STM32U031K4U6, STM32U031K6U6, STM32U031K8U6, STM32U031R6I6, STM32U031R6T6, STM32U031R8I6, STM32U031R8T6, STM32U073C8T6, STM32U073C8U6, STM32U073CBT6, STM32U073CBU6, STM32U073CCT6, STM32U073CCU6, STM32U073H8Y6TR, STM32U073HBY6TR, STM32U073HCY6TR, STM32U073K8U6, STM32U073KBU6, STM32U073KCU6, STM32U073M8I6, STM32U073M8T6, STM32U073MBI6, STM32U073MBT6, STM32U073MCI6, STM32U073MCT6, STM32U073R8I6, STM32U073R8T6, STM32U073RBI6, STM32U073RBT6, STM32U073RCI6, STM32U073RCT6, STM32U083C-DK, STM32U083CCT6, STM32U083CCU6, STM32U083HCY6TR, STM32U083KCU6, STM32U083MCI6, STM32U083MCT6, STM32U083RCI6, STM32U083RCT6, STM32U375CET6, STM32U375CET6Q, STM32U375CEU6, STM32U375CEU6Q, STM32U375CEY6QTR, STM32U375CGT6, STM32U375CGT6Q, STM32U375CGU6, STM32U375CGU6Q, STM32U375CGY6QTR, STM32U375KEU6, STM32U375KGU6, STM32U375REI6, STM32U375REI6Q, STM32U375RET6, STM32U375RET6Q, STM32U375REY6GTR, STM32U375REY6QTR, STM32U375RGI6, STM32U375RGI6Q, STM32U375RGT6, STM32U375RGT6Q, STM32U375RGY6GTR, STM32U375RGY6QTR, STM32U375VEI6, STM32U375VEI6Q, STM32U375VET6, STM32U375VET6Q, STM32U375VGI6, STM32U375VGI6Q, STM32U375VGT6, STM32U375VGT6Q, STM32U385CGT6, STM32U385CGT6Q, STM32U385CGU6, STM32U385CGU6Q, STM32U385CGY6QTR, STM32U385KGU6, STM32U385RGI6, STM32U385RGI6Q, STM32U385RGT6, STM32U385RGT6Q, STM32U385RGY6GTR, STM32U385RGY6QTR, STM32U385VGI6, STM32U385VGI6Q, STM32U385VGT6, STM32U385VGT6Q, STM32U535CBT6, STM32U535CBT6Q, STM32U535CBU6, STM32U535CBU6Q, STM32U535CCT6, STM32U535CCT6Q, STM32U535CCU6, STM32U535CCU6Q, STM32U535CET6, STM32U535CET6Q, STM32U535CEU6, STM32U535CEU6Q, STM32U535JEY6QTR, STM32U535NCY6QTR, STM32U535NEY6QTR, STM32U535RBI6, STM32U535RBI6Q, STM32U535RBT6, STM32U535RBT6Q, STM32U535RCI6, STM32U535RCI6Q, STM32U535RCT6, STM32U535RCT6Q, STM32U535REI6, STM32U535REI6Q, STM32U535RET6, STM32U535RET6Q, STM32U535VCI6, STM32U535VCI6Q, STM32U535VCT6, STM32U535VCT6Q, STM32U535VEI6, STM32U535VEI6Q, STM32U535VET6, STM32U535VET6Q, STM32U545CET6, STM32U545CET6Q, STM32U545CEU6, STM32U545CEU6Q, STM32U545JEY6QTR, STM32U545NEY6QTR, STM32U545REI6, STM32U545REI6Q, STM32U545RET6, STM32U545RET6Q, STM32U545VEI6, STM32U545VEI6Q, STM32U545VET6, STM32U545VET6Q, STM32U595AIH6, STM32U595AIH6Q, STM32U595AJH6, STM32U595AJH6Q, STM32U595QII6, STM32U595QII6Q, STM32U595QJI6, STM32U595QJI6Q, STM32U595RIT6, STM32U595RIT6Q, STM32U595RJT6, STM32U595RJT6Q, STM32U595VIT6, STM32U595VIT6Q, STM32U595VJT6, STM32U595VJT6Q, STM32U595ZIT6, STM32U595ZIT6Q, STM32U595ZIY6QTR, STM32U595ZJT6, STM32U595ZJT6Q, STM32U595ZJY6QTR, STM32U599BJY6QTR, STM32U599NIH6Q, STM32U599NJH6Q, STM32U599VIT6Q, STM32U599VJT6, STM32U599VJT6Q, STM32U599ZIT6Q, STM32U599ZIY6QTR, STM32U599ZJT6Q, STM32U599ZJY6QTR, STM32U5A5AJH6, STM32U5A5AJH6Q, STM32U5A5QII3Q , STM32U5A5QJI6, STM32U5A5QJI6Q, STM32U5A5RJT6, STM32U5A5RJT6Q, STM32U5A5VJT6, STM32U5A5VJT6Q, STM32U5A5ZJT6, STM32U5A5ZJT6Q, STM32U5A5ZJY6QTR, STM32U5A9BJY6QTR, STM32U5A9J-DK, STM32U5A9NJH6Q, STM32U5A9VJT6Q, STM32U5A9ZJT6Q, STM32U5A9ZJY6QTR, STM32U5F7VIT6, STM32U5F7VIT6Q, STM32U5F7VJT6, STM32U5F7VJT6Q, STM32U5F9BJY6QTR, STM32U5F9NJH6Q, STM32U5F9VIT6Q, STM32U5F9VJT6Q, STM32U5F9ZIJ6QTR, STM32U5F9ZIT6Q, STM32U5F9ZJJ6QTR, STM32U5F9ZJT6Q, STM32U5G7VJT6, STM32U5G7VJT6Q, STM32U5G9BJY6QTR, STM32U5G9J-DK1, STM32U5G9J-DK2, STM32U5G9NJH6Q, STM32U5G9VJT6Q, STM32U5G9ZJJ6QTR, STM32U5G9ZJT6Q, STM32WB05KZV6TR, STM32WB05KZV7TR, STM32WB05TZF6TR, STM32WB05TZF7TR, STM32WB06CCF6TR, STM32WB06CCF7TR, STM32WB06CCV6TR, STM32WB06CCV7TR, STM32WB06KCV6TR, STM32WB06KCV7TR, STM32WB07CCF6TR, STM32WB07CCF7TR, STM32WB07CCV6TR, STM32WB07CCV7TR, STM32WB07KCV6TR, STM32WB07KCV7TR, STM32WB09KEV6TR, STM32WB09KEV7TR, STM32WB09TEF6TR, STM32WB09TEF7TR, STM32WB1MMCH6, STM32WBA50KGU6, STM32WBA50KGU6TR, STM32WBA52CEU6, STM32WBA52CEU6TR, STM32WBA52CEU7, STM32WBA52CEU7TR, STM32WBA52CGU6, STM32WBA52CGU6TR, STM32WBA52CGU6U, STM32WBA52CGU7, STM32WBA52CGU7TR, STM32WBA52KEU6, STM32WBA52KEU6TR, STM32WBA52KGU6, STM32WBA52KGU6TR, STM32WBA54CEU6, STM32WBA54CEU6TR, STM32WBA54CEU7, STM32WBA54CEU7TR, STM32WBA54CGU6, STM32WBA54CGU6TR, STM32WBA54CGU7, STM32WBA54CGU7TR, STM32WBA54KEU6, STM32WBA54KEU6TR, STM32WBA54KEU7, STM32WBA54KEU7TR, STM32WBA54KGU6, STM32WBA54KGU6TR, STM32WBA54KGU7, STM32WBA54KGU7TR, STM32WBA55CEU6, STM32WBA55CEU6TR, STM32WBA55CEU7, STM32WBA55CEU7TR, STM32WBA55CGU6, STM32WBA55CGU6TR, STM32WBA55CGU6U, STM32WBA55CGU7, STM32WBA55CGU7TR, STM32WBA55G-DK1, STM32WBA55HEF6, STM32WBA55HEF7, STM32WBA55HGF6, STM32WBA55HGF7, STM32WBA55UEI6, STM32WBA55UEI6TR, STM32WBA55UEI7, STM32WBA55UEI7TR, STM32WBA55UGI6, STM32WBA55UGI6TR, STM32WBA55UGI7, STM32WBA55UGI7TR, STM32WBA5MMGH6TR, STM32WBA62MGF6, STM32WBA62MIF6, STM32WBA65MGF7, STM32WBA65MIF6, STM32WBA65MIF7, STM32WL30K8V6, STM32WL30KBV6, STM32WL31C8V6, STM32WL31CBV6, STM32WL31K8V6, STM32WL31KBV6, STM32WL33C8V6, STM32WL33C8V6X, STM32WL33CBV6, STM32WL33CBV6X, STM32WL33CCV6, STM32WL33CCV6A, STM32WL33CCV6X, STM32WL33K8V7, STM32WL33K8V7X, STM32WL33KBV7 , STM32WL33KBV7X, STM32WL33KCV7, STM32WL33KCV7X, STM32WL5MOCH6, STM32WL5MOCH6TR]
2025-12-31 11:41:18,808 [INFO] ApiDb:668 - CubeFinder database Data Model version=2.1
2025-12-31 11:41:18,809 [INFO] ApiDb:669 - CubeFinder database Configuration version=3.0.39
2025-12-31 11:41:18,809 [INFO] ApiDb:670 - CubeFinder database generation date=2025-11-05 (1762334721)
2025-12-31 11:41:18,809 [INFO] ApiDb:671 - CubeFinder database FW Pack versions=[FP-ATR-ASTRA1_V2.0.0, FP-SNS-FLIGHT1_V5.1.0, FP-SNS-MOTENV1_V5.1.0, FP-SNS-MOTENVWB1_V1.4.0, FP-SNS-SMARTAG2_V1.2.0, FP-SNS-STBOX1_V2.1.0, STM32Cube_FW_C0_V1.4.0, STM32Cube_FW_F4_V1.28.3, STM32Cube_FW_F7_V1.17.4, STM32Cube_FW_G0_V1.6.2, STM32Cube_FW_G4_V1.6.1, STM32Cube_FW_H5_V1.5.1, STM32Cube_FW_H7RS_V1.3.0, STM32Cube_FW_H7_V1.12.1, STM32Cube_FW_L0_V1.12.2, STM32Cube_FW_L4_V1.18.1, STM32Cube_FW_L5_V1.6.0, STM32Cube_FW_N6_V1.3.0, STM32Cube_FW_U0_V1.3.0, STM32Cube_FW_U3_V1.2.1, STM32Cube_FW_U5_V1.8.0, STM32Cube_FW_WB0_V1.4.0, STM32Cube_FW_WBA_V1.8.0, STM32Cube_FW_WB_V1.24.0, STM32Cube_FW_WL3_V1.3.0, STM32Cube_FW_WL_V1.4.0, X-CUBE-ALGOBUILD_V1.4.0, X-CUBE-ALS_V1.0.2, X-CUBE-AZRTOS-F4_V1.1.0, X-CUBE-AZRTOS-F7_V1.1.0, X-CUBE-AZRTOS-G0_V1.1.0, X-CUBE-AZRTOS-G4_V2.0.0, X-CUBE-AZRTOS-H7RS_V1.1.0, X-CUBE-AZRTOS-H7_V3.4.0, X-CUBE-AZRTOS-L4_V2.0.0, X-CUBE-AZRTOS-L5_V2.0.0, X-CUBE-AZRTOS-WB_V2.0.0, X-CUBE-AZRTOS-WL_V2.0.0, X-CUBE-BLE1_V7.1.0, X-CUBE-BLE2_V3.3.0, X-CUBE-BLEMGR_V4.1.0, X-CUBE-EEPRMA1_V5.2.0, X-CUBE-FREERTOS_V1.3.1, X-CUBE-GNSS1_V6.0.0, X-CUBE-MEMS1_V11.3.0, X-CUBE-NFC4_V3.0.0, X-CUBE-NFC7_V2.0.0, X-CUBE-SFXS2LP1_V4.0.0, X-CUBE-ST67W61_V1.1.0, X-CUBE-SUBG2_V5.0.0, X-CUBE-TOF1_V3.4.3]
2025-12-31 11:41:23,446 [INFO] ApiDb:240 - Found 880 in-development CPN: [B-G473E-ZEST1S, B-WB1M-WPAN1, B-WBA5M-WPAN, B-WL5M-SUBG1, NUCLEO-C031C6, NUCLEO-C051C8, NUCLEO-C071RB, NUCLEO-C092RC, NUCLEO-H503RB, NUCLEO-H533RE, NUCLEO-H563ZI, NUCLEO-H7S3L8, NUCLEO-N657X0-Q, NUCLEO-U031R8, NUCLEO-U083RC, NUCLEO-U385RG-Q, NUCLEO-U545RE-Q, NUCLEO-U5A5ZJ-Q, NUCLEO-WB05KZ, NUCLEO-WB07CC, NUCLEO-WB09KE, NUCLEO-WBA52CG, NUCLEO-WBA55CG, NUCLEO-WL33CC1, NUCLEO-WL33CC2, STEVAL-PROTEUS1, STEVAL-SMARTAG2, STEVAL-STWINBX1, STM320518-EVAL, STM32C0116-DK, STM32C011D6Y3TR, STM32C011D6Y6TR, STM32C011F4P3, STM32C011F4P6, STM32C011F4U3, STM32C011F4U6TR, STM32C011F6P3, STM32C011F6P6, STM32C011F6U3, STM32C011F6U6TR, STM32C011J4M3, STM32C011J4M6, STM32C011J6M3, STM32C011J6M6, STM32C0316-DK, STM32C031C4T3, STM32C031C4T6, STM32C031C4U3, STM32C031C4U6, STM32C031C6T3, STM32C031C6T6, STM32C031C6U3, STM32C031C6U6, STM32C031F4P3, STM32C031F4P6, STM32C031F6P3, STM32C031F6P6, STM32C031G4U3, STM32C031G4U6, STM32C031G6U3, STM32C031G6U6, STM32C031K4T3, STM32C031K4T6, STM32C031K4U3, STM32C031K4U6, STM32C031K6T3, STM32C031K6T6, STM32C031K6U3, STM32C031K6U6, STM32C051C6T6, STM32C051C6U6, STM32C051C8T6, STM32C051C8U6, STM32C051D8Y6TR, STM32C051F6P6, STM32C051F8P6, STM32C051G6U6, STM32C051G8U6, STM32C051K6T6, STM32C051K6U6, STM32C051K8T6, STM32C071C8T6, STM32C071C8T6N, STM32C071C8U6, STM32C071C8U6N, STM32C071CBT6, STM32C071CBT6N, STM32C071CBU6, STM32C071CBU6N, STM32C071F8P6, STM32C071F8P6N, STM32C071FBP6, STM32C071FBP6N, STM32C071FBY6TR, STM32C071G8U6, STM32C071G8U6N, STM32C071GBU6, STM32C071GBU6N, STM32C071K8T6, STM32C071K8T6N, STM32C071K8U6, STM32C071K8U6N, STM32C071KBT6, STM32C071KBT6N, STM32C071KBU6, STM32C071KBU6N, STM32C071R8T6, STM32C071R8T6N, STM32C071RBI6N, STM32C071RBT6, STM32C071RBT6N, STM32C091CBT6, STM32C091CBU6, STM32C091CCT6, STM32C091CCU6, STM32C091ECY6TR, STM32C091FBP6, STM32C091FCP6, STM32C091GBU6, STM32C091GCU6, STM32C091KBT6, STM32C091KBU6, STM32C091KCT6, STM32C091KCU6, STM32C091RBT6, STM32C091RCI6, STM32C091RCT6, STM32C092CBT6, STM32C092CBU6, STM32C092CCT6, STM32C092CCU6, STM32C092ECY6TR, STM32C092FBP6, STM32C092FCP6, STM32C092GBU6, STM32C092GCU6, STM32C092KBT6, STM32C092KBU6, STM32C092KCT6, STM32C092KCU6, STM32C092RBT6, STM32C092RCI6, STM32C092RCT6, STM32G071K8TXN, STM32G071K8UXN, STM32G081GBU6N, STM32G081KBT6N, STM32G081KBUXN, STM32G0B1CCT6N, STM32G0B1KCT6, STM32G0B1NEY6TR, STM32G0B1RCT6N, STM32G0C1CCT6, STM32G0C1CCT6N, STM32G0C1CCU6N, STM32G0C1CET6N, STM32G0C1CEU6N, STM32G0C1KCT6, STM32G0C1NEY6TR, STM32G0C1RCI6N, STM32G0C1RCT6N, STM32G0C1REI6N, STM32G0C1RET6N, STM32G0C1VCI6, STM32G0C1VEI6, STM32G411C6T3, STM32G411C6T6, STM32G411C6U3, STM32G411C6U6, STM32G411C8T3, STM32G411C8T6, STM32G411C8U3, STM32G411C8U6, STM32G411CBT3, STM32G411CBT6, STM32G411CBU3, STM32G411CBU6, STM32G411K6T3, STM32G411K6T6, STM32G411K6U3, STM32G411K6U6, STM32G411K8T3, STM32G411K8T6, STM32G411K8U3, STM32G411K8U6, STM32G411KBT3, STM32G411KBT6, STM32G411KBU3, STM32G411KBU6, STM32G411M6T3, STM32G411M6T6, STM32G411M8T3, STM32G411M8T6, STM32G411MBT3, STM32G411MBT6, STM32G411R6T3, STM32G411R6T6, STM32G411R8T3, STM32G411R8T6, STM32G411RBT3, STM32G411RBT6, STM32G414CBT3, STM32G414CBT6, STM32G414CBU3, STM32G414CBU6, STM32G414CCT3, STM32G414CCT6, STM32G414CCU3, STM32G414CCU6, STM32G414MBT3, STM32G414MBT6, STM32G414MCT3, STM32G414MCT6, STM32G414RBT3, STM32G414RBT6, STM32G414RCT3, STM32G414RCT6, STM32G414VBT3, STM32G414VBT6, STM32G414VCT3, STM32G414VCT6, STM32G431CBT3Z, STM32G431RBT3Z, STM32G471CCT6, STM32G471CCU6, STM32G471CET3, STM32G471CET6, STM32G471CEU3, STM32G471CEU6, STM32G471MCT6, STM32G471MET3, STM32G471MET6, STM32G471MEY6TR, STM32G471QCT6, STM32G471QET3, STM32G471RCT6, STM32G471RET3, STM32G471RET6, STM32G471VCH6, STM32G471VCI6, STM32G471VCT6, STM32G471VEH3, STM32G471VEH6, STM32G471VEI3, STM32G471VEI6, STM32G471VET3, STM32G471VET6, STM32G473QET3Z, STM32G473RET3Z, STM32G474CCT6, STM32G491RET3Z, STM32H503CBT6, STM32H503CBU6, STM32H503EBY6TR, STM32H503KBU6, STM32H503RBT6, STM32H523CCT6, STM32H523CCU6, STM32H523CET6, STM32H523CEU6, STM32H523HEY6TR, STM32H523RCT6, STM32H523RET6, STM32H523VCI6, STM32H523VCT6, STM32H523VEI6, STM32H523VET6, STM32H523ZCJ6, STM32H523ZCT6, STM32H523ZEJ6, STM32H523ZET6, STM32H533CET6, STM32H533CEU6, STM32H533HEY6TR, STM32H533RET6, STM32H533VEI6, STM32H533VET6, STM32H533ZEJ6, STM32H533ZET6, STM32H562AGI6, STM32H562AII6, STM32H562IGK6, STM32H562IGT6, STM32H562IIK6, STM32H562IIT6, STM32H562RGT6, STM32H562RGV6, STM32H562RIT6, STM32H562RIV6, STM32H562VGT6, STM32H562VIT6, STM32H562ZGT6, STM32H562ZIT6, STM32H563AGI6, STM32H563AII3Q, STM32H563AII6, STM32H563IGK6, STM32H563IGT6, STM32H563IIK3Q, STM32H563IIK6, STM32H563IIT3Q, STM32H563IIT6, STM32H563MIY3QTR, STM32H563RGT6, STM32H563RGV6, STM32H563RIT6, STM32H563RIV6, STM32H563VGT6, STM32H563VIT3Q, STM32H563VIT6, STM32H563ZGT6, STM32H563ZIT3Q, STM32H563ZIT6, STM32H573AII3Q, STM32H573AII6, STM32H573I-DK, STM32H573IIK3Q, STM32H573IIK6, STM32H573IIT3Q, STM32H573IIT6, STM32H573MIY3QTR, STM32H573RIT6, STM32H573RIV6, STM32H573VIT3Q, STM32H573VIT6, STM32H573ZIT3Q, STM32H573ZIT6, STM32H7R3A8I6, STM32H7R3I8K6, STM32H7R3I8T6, STM32H7R3L8H6, STM32H7R3L8H6H, STM32H7R3R8V6, STM32H7R3V8H6, STM32H7R3V8T6, STM32H7R3V8Y6TR, STM32H7R3Z8J6, STM32H7R3Z8T6, STM32H7R7A8I6, STM32H7R7I8K6, STM32H7R7I8T6, STM32H7R7L8H6, STM32H7R7L8H6H, STM32H7R7Z8J6, STM32H7S3A8I6, STM32H7S3I8K6, STM32H7S3I8T6, STM32H7S3L8H6, STM32H7S3L8H6H, STM32H7S3R8V6, STM32H7S3V8H6, STM32H7S3V8T6, STM32H7S3V8Y6TR, STM32H7S3Z8J6, STM32H7S3Z8T6, STM32H7S78-DK, STM32H7S7A8I6, STM32H7S7I8K6, STM32H7S7I8T6, STM32H7S7L8H6, STM32H7S7L8H6H, STM32H7S7Z8J6, STM32L4R5QGI6STR, STM32MP131AAE3, STM32MP131AAF3, STM32MP131AAG3, STM32MP131CAE3, STM32MP131CAF3, STM32MP131CAG3, STM32MP131DAE7, STM32MP131DAF7, STM32MP131DAG7, STM32MP131FAE7, STM32MP131FAF7, STM32MP131FAG7, STM32MP133AAE3, STM32MP133AAF3, STM32MP133AAG3, STM32MP133CAE3, STM32MP133CAF3, STM32MP133CAG3, STM32MP133DAE7, STM32MP133DAF7, STM32MP133DAG7, STM32MP133FAE7, STM32MP133FAF7, STM32MP133FAG7, STM32MP135AAE3, STM32MP135AAF3, STM32MP135AAG3, STM32MP135CAE3, STM32MP135CAF3, STM32MP135CAG3, STM32MP135DAE7, STM32MP135DAF7, STM32MP135DAG7, STM32MP135F-DK, STM32MP135FAE7, STM32MP135FAF7, STM32MP135FAF7T, STM32MP135FAF7U, STM32MP135FAG7, STM32MP211AAL3, STM32MP211AAM3, STM32MP211AAN3, STM32MP211AAO3, STM32MP211CAL3, STM32MP211CAM3, STM32MP211CAN3, STM32MP211CAO3, STM32MP211DAL3, STM32MP211DAM3, STM32MP211DAN3, STM32MP211DAO3, STM32MP211FAL3, STM32MP211FAM3, STM32MP211FAN3, STM32MP211FAO3, STM32MP213AAL3, STM32MP213AAM3, STM32MP213AAN3, STM32MP213AAO3, STM32MP213CAL3, STM32MP213CAM3, STM32MP213CAN3, STM32MP213CAO3, STM32MP213DAL3, STM32MP213DAM3, STM32MP213DAN3, STM32MP213DAO3, STM32MP213FAL3, STM32MP213FAM3, STM32MP213FAN3, STM32MP213FAO3, STM32MP215AAL3, STM32MP215AAM3, STM32MP215AAN3, STM32MP215AAO3, STM32MP215CAL3, STM32MP215CAM3, STM32MP215CAN3, STM32MP215CAO3, STM32MP215DAL3, STM32MP215DAM3, STM32MP215DAN3, STM32MP215DAO3, STM32MP215F-DK, STM32MP215FAL3, STM32MP215FAM3, STM32MP215FAN3, STM32MP215FAO3, STM32MP231AAJ3, STM32MP231AAK3, STM32MP231AAL3, STM32MP231CAJ3, STM32MP231CAK3, STM32MP231CAL3, STM32MP231DAJ3, STM32MP231DAK3, STM32MP231DAL3, STM32MP231FAJ3, STM32MP231FAK3, STM32MP231FAL3, STM32MP233AAJ3, STM32MP233AAK3, STM32MP233AAL3, STM32MP233CAJ3, STM32MP233CAK3, STM32MP233CAL3, STM32MP233DAJ3, STM32MP233DAK3, STM32MP233DAL3, STM32MP233FAJ3, STM32MP233FAK3, STM32MP233FAL3, STM32MP235AAJ3, STM32MP235AAK3, STM32MP235AAL3, STM32MP235CAJ3, STM32MP235CAK3, STM32MP235CAL3, STM32MP235DAJ3, STM32MP235DAK3, STM32MP235DAL3, STM32MP235FAJ3, STM32MP235FAK3, STM32MP235FAL3, STM32MP251AAI3, STM32MP251AAK3, STM32MP251AAL3, STM32MP251CAI3, STM32MP251CAK3, STM32MP251CAL3, STM32MP251DAI3, STM32MP251DAK3, STM32MP251DAL3, STM32MP251FAI3, STM32MP251FAK3, STM32MP251FAL3, STM32MP253AAI3, STM32MP253AAK3, STM32MP253AAL3, STM32MP253CAI3, STM32MP253CAK3, STM32MP253CAL3, STM32MP253DAI3, STM32MP253DAK3, STM32MP253DAL3, STM32MP253FAI3, STM32MP253FAK3, STM32MP253FAL3, STM32MP255AAI3, STM32MP255AAK3, STM32MP255AAL3, STM32MP255CAI3, STM32MP255CAK3, STM32MP255CAL3, STM32MP255DAI3, STM32MP255DAK3, STM32MP255DAL3, STM32MP255FAI3, STM32MP255FAK3, STM32MP255FAL3, STM32MP257AAI3, STM32MP257AAK3, STM32MP257AAL3, STM32MP257CAI3, STM32MP257CAK3, STM32MP257CAL3, STM32MP257DAI3, STM32MP257DAK3, STM32MP257DAL3, STM32MP257F-DK, STM32MP257F-EV1, STM32MP257FAI3, STM32MP257FAK3, STM32MP257FAL3, STM32N645A0H3Q, STM32N645B0H3Q, STM32N645I0H3Q, STM32N645L0H3Q, STM32N645X0H3Q, STM32N645Z0H3Q, STM32N647A0H3Q, STM32N647B0H3Q, STM32N647I0H3Q, STM32N647L0H3Q, STM32N647X0H3Q, STM32N647Z0H3Q, STM32N655A0H3Q, STM32N655B0H3Q, STM32N655I0H3Q, STM32N655L0H3Q, STM32N655X0H3Q, STM32N655Z0H3Q, STM32N6570-DK, STM32N657A0H3Q, STM32N657B0H3Q, STM32N657I0H3Q, STM32N657L0H3Q, STM32N657X0H3Q, STM32N657Z0H3Q, STM32U031C6T6, STM32U031C6U6, STM32U031C8T6, STM32U031C8U6, STM32U031F4P6, STM32U031F6P6, STM32U031F8P6, STM32U031G6Y6TR, STM32U031G8Y6TR, STM32U031K4U6, STM32U031K6U6, STM32U031K8U6, STM32U031R6I6, STM32U031R6T6, STM32U031R8I6, STM32U031R8T6, STM32U073C8T6, STM32U073C8U6, STM32U073CBT6, STM32U073CBU6, STM32U073CCT6, STM32U073CCU6, STM32U073H8Y6TR, STM32U073HBY6TR, STM32U073HCY6TR, STM32U073K8U6, STM32U073KBU6, STM32U073KCU6, STM32U073M8I6, STM32U073M8T6, STM32U073MBI6, STM32U073MBT6, STM32U073MCI6, STM32U073MCT6, STM32U073R8I6, STM32U073R8T6, STM32U073RBI6, STM32U073RBT6, STM32U073RCI6, STM32U073RCT6, STM32U083C-DK, STM32U083CCT6, STM32U083CCU6, STM32U083HCY6TR, STM32U083KCU6, STM32U083MCI6, STM32U083MCT6, STM32U083RCI6, STM32U083RCT6, STM32U375CET6, STM32U375CET6Q, STM32U375CEU6, STM32U375CEU6Q, STM32U375CEY6QTR, STM32U375CGT6, STM32U375CGT6Q, STM32U375CGU6, STM32U375CGU6Q, STM32U375CGY6QTR, STM32U375KEU6, STM32U375KGU6, STM32U375REI6, STM32U375REI6Q, STM32U375RET6, STM32U375RET6Q, STM32U375REY6GTR, STM32U375REY6QTR, STM32U375RGI6, STM32U375RGI6Q, STM32U375RGT6, STM32U375RGT6Q, STM32U375RGY6GTR, STM32U375RGY6QTR, STM32U375VEI6, STM32U375VEI6Q, STM32U375VET6, STM32U375VET6Q, STM32U375VGI6, STM32U375VGI6Q, STM32U375VGT6, STM32U375VGT6Q, STM32U385CGT6, STM32U385CGT6Q, STM32U385CGU6, STM32U385CGU6Q, STM32U385CGY6QTR, STM32U385KGU6, STM32U385RGI6, STM32U385RGI6Q, STM32U385RGT6, STM32U385RGT6Q, STM32U385RGY6GTR, STM32U385RGY6QTR, STM32U385VGI6, STM32U385VGI6Q, STM32U385VGT6, STM32U385VGT6Q, STM32U535CBT6, STM32U535CBT6Q, STM32U535CBU6, STM32U535CBU6Q, STM32U535CCT6, STM32U535CCT6Q, STM32U535CCU6, STM32U535CCU6Q, STM32U535CET6, STM32U535CET6Q, STM32U535CEU6, STM32U535CEU6Q, STM32U535JEY6QTR, STM32U535NCY6QTR, STM32U535NEY6QTR, STM32U535RBI6, STM32U535RBI6Q, STM32U535RBT6, STM32U535RBT6Q, STM32U535RCI6, STM32U535RCI6Q, STM32U535RCT6, STM32U535RCT6Q, STM32U535REI6, STM32U535REI6Q, STM32U535RET6, STM32U535RET6Q, STM32U535VCI6, STM32U535VCI6Q, STM32U535VCT6, STM32U535VCT6Q, STM32U535VEI6, STM32U535VEI6Q, STM32U535VET6, STM32U535VET6Q, STM32U545CET6, STM32U545CET6Q, STM32U545CEU6, STM32U545CEU6Q, STM32U545JEY6QTR, STM32U545NEY6QTR, STM32U545REI6, STM32U545REI6Q, STM32U545RET6, STM32U545RET6Q, STM32U545VEI6, STM32U545VEI6Q, STM32U545VET6, STM32U545VET6Q, STM32U595AIH6, STM32U595AIH6Q, STM32U595AJH6, STM32U595AJH6Q, STM32U595QII6, STM32U595QII6Q, STM32U595QJI6, STM32U595QJI6Q, STM32U595RIT6, STM32U595RIT6Q, STM32U595RJT6, STM32U595RJT6Q, STM32U595VIT6, STM32U595VIT6Q, STM32U595VJT6, STM32U595VJT6Q, STM32U595ZIT6, STM32U595ZIT6Q, STM32U595ZIY6QTR, STM32U595ZJT6, STM32U595ZJT6Q, STM32U595ZJY6QTR, STM32U599BJY6QTR, STM32U599NIH6Q, STM32U599NJH6Q, STM32U599VIT6Q, STM32U599VJT6, STM32U599VJT6Q, STM32U599ZIT6Q, STM32U599ZIY6QTR, STM32U599ZJT6Q, STM32U599ZJY6QTR, STM32U5A5AJH6, STM32U5A5AJH6Q, STM32U5A5QII3Q , STM32U5A5QJI6, STM32U5A5QJI6Q, STM32U5A5RJT6, STM32U5A5RJT6Q, STM32U5A5VJT6, STM32U5A5VJT6Q, STM32U5A5ZJT6, STM32U5A5ZJT6Q, STM32U5A5ZJY6QTR, STM32U5A9BJY6QTR, STM32U5A9J-DK, STM32U5A9NJH6Q, STM32U5A9VJT6Q, STM32U5A9ZJT6Q, STM32U5A9ZJY6QTR, STM32U5F7VIT6, STM32U5F7VIT6Q, STM32U5F7VJT6, STM32U5F7VJT6Q, STM32U5F9BJY6QTR, STM32U5F9NJH6Q, STM32U5F9VIT6Q, STM32U5F9VJT6Q, STM32U5F9ZIJ6QTR, STM32U5F9ZIT6Q, STM32U5F9ZJJ6QTR, STM32U5F9ZJT6Q, STM32U5G7VJT6, STM32U5G7VJT6Q, STM32U5G9BJY6QTR, STM32U5G9J-DK1, STM32U5G9J-DK2, STM32U5G9NJH6Q, STM32U5G9VJT6Q, STM32U5G9ZJJ6QTR, STM32U5G9ZJT6Q, STM32WB05KZV6TR, STM32WB05KZV7TR, STM32WB05TZF6TR, STM32WB05TZF7TR, STM32WB06CCF6TR, STM32WB06CCF7TR, STM32WB06CCV6TR, STM32WB06CCV7TR, STM32WB06KCV6TR, STM32WB06KCV7TR, STM32WB07CCF6TR, STM32WB07CCF7TR, STM32WB07CCV6TR, STM32WB07CCV7TR, STM32WB07KCV6TR, STM32WB07KCV7TR, STM32WB09KEV6TR, STM32WB09KEV7TR, STM32WB09TEF6TR, STM32WB09TEF7TR, STM32WB1MMCH6, STM32WBA50KGU6, STM32WBA50KGU6TR, STM32WBA52CEU6, STM32WBA52CEU6TR, STM32WBA52CEU7, STM32WBA52CEU7TR, STM32WBA52CGU6, STM32WBA52CGU6TR, STM32WBA52CGU6U, STM32WBA52CGU7, STM32WBA52CGU7TR, STM32WBA52KEU6, STM32WBA52KEU6TR, STM32WBA52KGU6, STM32WBA52KGU6TR, STM32WBA54CEU6, STM32WBA54CEU6TR, STM32WBA54CEU7, STM32WBA54CEU7TR, STM32WBA54CGU6, STM32WBA54CGU6TR, STM32WBA54CGU7, STM32WBA54CGU7TR, STM32WBA54KEU6, STM32WBA54KEU6TR, STM32WBA54KEU7, STM32WBA54KEU7TR, STM32WBA54KGU6, STM32WBA54KGU6TR, STM32WBA54KGU7, STM32WBA54KGU7TR, STM32WBA55CEU6, STM32WBA55CEU6TR, STM32WBA55CEU7, STM32WBA55CEU7TR, STM32WBA55CGU6, STM32WBA55CGU6TR, STM32WBA55CGU6U, STM32WBA55CGU7, STM32WBA55CGU7TR, STM32WBA55G-DK1, STM32WBA55HEF6, STM32WBA55HEF7, STM32WBA55HGF6, STM32WBA55HGF7, STM32WBA55UEI6, STM32WBA55UEI6TR, STM32WBA55UEI7, STM32WBA55UEI7TR, STM32WBA55UGI6, STM32WBA55UGI6TR, STM32WBA55UGI7, STM32WBA55UGI7TR, STM32WBA5MMGH6TR, STM32WBA62MGF6, STM32WBA62MIF6, STM32WBA65MGF7, STM32WBA65MIF6, STM32WBA65MIF7, STM32WL30K8V6, STM32WL30KBV6, STM32WL31C8V6, STM32WL31CBV6, STM32WL31K8V6, STM32WL31KBV6, STM32WL33C8V6, STM32WL33C8V6X, STM32WL33CBV6, STM32WL33CBV6X, STM32WL33CCV6, STM32WL33CCV6A, STM32WL33CCV6X, STM32WL33K8V7, STM32WL33K8V7X, STM32WL33KBV7 , STM32WL33KBV7X, STM32WL33KCV7, STM32WL33KCV7X, STM32WL5MOCH6, STM32WL5MOCH6TR]
2025-12-31 11:41:23,457 [INFO] DbMcus:218 - Found 4876 MCUs, 4876 are supported
2025-12-31 11:41:23,459 [INFO] ApiDb:423 - Load user favorites file C:\Users\Admin/.stm32cubeide/favorites.mcus.txt: 0 item(s)
2025-12-31 11:41:23,460 [INFO] ApiDb:427 - User favorites MCUs=[]
2025-12-31 11:41:23,460 [INFO] DbMcus:224 - Set 0 / 0 favorites MCUs
2025-12-31 11:41:25,223 [INFO] BoardInfo:889 - No configuration file found for board P-NUCLEO-WB55
2025-12-31 11:41:25,225 [INFO] DbBoards:161 - Kit is not supported: P-NUCLEO-WB55
2025-12-31 11:41:25,238 [INFO] BoardInfo:889 - No configuration file found for board STEVAL-BFA001V1B
2025-12-31 11:41:25,240 [INFO] DbBoards:161 - Kit is not supported: STEVAL-BFA001V1B
2025-12-31 11:41:25,241 [INFO] BoardInfo:889 - No configuration file found for board STEVAL-BFA001V2B
2025-12-31 11:41:25,243 [INFO] DbBoards:161 - Kit is not supported: STEVAL-BFA001V2B
2025-12-31 11:41:25,671 [INFO] DbBoards:168 - Found 212 boards, 209 are supported
2025-12-31 11:41:25,671 [INFO] DbBoards:169 - Found 212 boards, 43 of them is supported for  Bsp
2025-12-31 11:41:25,676 [INFO] ApiDb:423 - Load user favorites file C:\Users\Admin/.stm32cubeide/favorites.boards.txt: 1 item(s)
2025-12-31 11:41:25,676 [INFO] ApiDb:427 - User favorites Boards=[STM32F407G-DISC1]
2025-12-31 11:41:25,676 [INFO] DbBoards:198 - Set 1 / 1 favorites Boards
2025-12-31 11:41:25,767 [INFO] UtilMem:75 - End LoadConfig() Used Memory: 888379552 Bytes (1073741824)
2025-12-31 11:41:26,039 [WARN] ThirdParty:833 - waiting for thirdparty lock release [change project]
2025-12-31 11:41:26,039 [INFO] ThirdParty:835 - entering critical section [change project]
2025-12-31 11:41:26,040 [INFO] ThirdParty:1030 - CMSIS Pack Vendor :STMicroelectronics X-CUBE-PM33A1 1.0.0
2025-12-31 11:41:26,040 [INFO] ThirdParty:1030 - CMSIS Pack Vendor :STMicroelectronics USBPD 4.1
2025-12-31 11:41:26,040 [INFO] ThirdParty:1030 - CMSIS Pack Vendor :STMicroelectronics X-CUBE-NFC9 1.0.0
2025-12-31 11:41:26,040 [INFO] ThirdParty:1030 - CMSIS Pack Vendor :STMicroelectronics USB_HOST 2.0.0
2025-12-31 11:41:26,040 [INFO] ThirdParty:1030 - CMSIS Pack Vendor :STMicroelectronics FP-SNS-MOTENVWB1 1.4.0
2025-12-31 11:41:26,040 [INFO] ThirdParty:1030 - CMSIS Pack Vendor :STMicroelectronics X-CUBE-AZRTOS-F4 1.1.0
2025-12-31 11:41:26,040 [INFO] ThirdParty:1030 - CMSIS Pack Vendor :STMicroelectronics LIBJPEG 8.0.0
2025-12-31 11:41:26,040 [INFO] ThirdParty:1030 - CMSIS Pack Vendor :STMicroelectronics FP-ATR-ASTRA1 2.0.2
2025-12-31 11:41:26,041 [INFO] ThirdParty:1030 - CMSIS Pack Vendor :STMicroelectronics X-CUBE-BLE1 7.1.0
2025-12-31 11:41:26,041 [INFO] ThirdParty:1030 - CMSIS Pack Vendor :STMicroelectronics X-CUBE-SMBUS 2.1.0
2025-12-31 11:41:26,041 [INFO] ThirdParty:1030 - CMSIS Pack Vendor :STMicroelectronics USB_DEVICE 3.0.0
2025-12-31 11:41:26,041 [INFO] ThirdParty:1030 - CMSIS Pack Vendor :STMicroelectronics X-CUBE-ISPU 2.1.0
2025-12-31 11:41:26,041 [INFO] ThirdParty:1030 - CMSIS Pack Vendor :STMicroelectronics X-CUBE-FREERTOS 1.4.0
2025-12-31 11:41:26,041 [INFO] ThirdParty:1030 - CMSIS Pack Vendor :STMicroelectronics X-CUBE-EEPRMA1 5.2.0
2025-12-31 11:41:26,041 [INFO] ThirdParty:1030 - CMSIS Pack Vendor :STMicroelectronics X-CUBE-IPS 3.2.0
2025-12-31 11:41:26,041 [INFO] ThirdParty:1030 - CMSIS Pack Vendor :STMicroelectronics X-CUBE-BLEMGR 4.1.0
2025-12-31 11:41:26,041 [INFO] ThirdParty:1030 - CMSIS Pack Vendor :STMicroelectronics X-CUBE-AZRTOS-WB 2.0.0
2025-12-31 11:41:26,042 [INFO] ThirdParty:1030 - CMSIS Pack Vendor :Cesanta I-CUBE-Mongoose 7.20.0
2025-12-31 11:41:26,042 [INFO] ThirdParty:1030 - CMSIS Pack Vendor :STMicroelectronics X-CUBE-NFC12 1.0.0
2025-12-31 11:41:26,042 [INFO] ThirdParty:1030 - CMSIS Pack Vendor :STMicroelectronics X-CUBE-AZRTOS-F7 1.1.0
2025-12-31 11:41:26,042 [INFO] ThirdParty:1030 - CMSIS Pack Vendor :STMicroelectronics X-CUBE-AZRTOS-L5 2.0.0
2025-12-31 11:41:26,042 [INFO] ThirdParty:1030 - CMSIS Pack Vendor :STMicroelectronics USB_DEVICE 2.0.0
2025-12-31 11:41:26,042 [INFO] ThirdParty:1030 - CMSIS Pack Vendor :STMicroelectronics X-CUBE-NFC6 3.1.0
2025-12-31 11:41:26,042 [INFO] ThirdParty:1030 - CMSIS Pack Vendor :STMicroelectronics X-CUBE-ST67W61 1.1.0
2025-12-31 11:41:26,042 [INFO] ThirdParty:1030 - CMSIS Pack Vendor :quantropi X-CUBE-qispace-sdk-base 2.1.0
2025-12-31 11:41:26,042 [INFO] ThirdParty:1030 - CMSIS Pack Vendor :STMicroelectronics X-CUBE-MEMS1 12.0.0
2025-12-31 11:41:26,042 [INFO] ThirdParty:1030 - CMSIS Pack Vendor :STMicroelectronics FP-SNS-MOTENV1 5.1.0
2025-12-31 11:41:26,043 [INFO] ThirdParty:1030 - CMSIS Pack Vendor :STMicroelectronics FreeRTOS 0.0.1
2025-12-31 11:41:26,043 [INFO] ThirdParty:1030 - CMSIS Pack Vendor :STMicroelectronics X-CUBE-AZRTOS-G0 1.1.0
2025-12-31 11:41:26,043 [INFO] ThirdParty:1030 - CMSIS Pack Vendor :STMicroelectronics X-CUBE-NFC4 3.0.0
2025-12-31 11:41:26,043 [INFO] ThirdParty:1030 - CMSIS Pack Vendor :STMicroelectronics X-CUBE-SUBG2 5.0.0
2025-12-31 11:41:26,043 [INFO] ThirdParty:1030 - CMSIS Pack Vendor :STMicroelectronics STM32_WPAN 1.0.0
2025-12-31 11:41:26,043 [INFO] ThirdParty:1030 - CMSIS Pack Vendor :EmbeddedOffice I-CUBE-FS-RTOS 1.0.1
2025-12-31 11:41:26,043 [INFO] ThirdParty:1030 - CMSIS Pack Vendor :STMicroelectronics lwIP 2.0.3
2025-12-31 11:41:26,043 [INFO] ThirdParty:1030 - CMSIS Pack Vendor :WES I-CUBE-Cesium 1.4.0
2025-12-31 11:41:26,043 [INFO] ThirdParty:1030 - CMSIS Pack Vendor :STMicroelectronics USB_HOST 1.0.0
2025-12-31 11:41:26,043 [INFO] ThirdParty:1030 - CMSIS Pack Vendor :STMicroelectronics X-CUBE-AZRTOS-G4 2.0.0
2025-12-31 11:41:26,043 [INFO] ThirdParty:1030 - CMSIS Pack Vendor :STMicroelectronics X-CUBE-WB05N 2.0.0
2025-12-31 11:41:26,043 [INFO] ThirdParty:1030 - CMSIS Pack Vendor :STMicroelectronics PDM2PCM 3.1.0
2025-12-31 11:41:26,044 [INFO] ThirdParty:1030 - CMSIS Pack Vendor :STMicroelectronics PDM2PCM 3.3.0
2025-12-31 11:41:26,044 [INFO] ThirdParty:1030 - CMSIS Pack Vendor :STMicroelectronics X-CUBE-AZRTOS-H7 3.4.0
2025-12-31 11:41:26,044 [INFO] ThirdParty:1030 - CMSIS Pack Vendor :STMicroelectronics X-CUBE-DISPLAY 3.0.0
2025-12-31 11:41:26,044 [INFO] ThirdParty:1030 - CMSIS Pack Vendor :STMicroelectronics X-CUBE-NFC7 2.0.0
2025-12-31 11:41:26,044 [INFO] ThirdParty:1030 - CMSIS Pack Vendor :STMicroelectronics X-CUBE-TCPP 4.2.0
2025-12-31 11:41:26,044 [INFO] ThirdParty:1030 - CMSIS Pack Vendor :RealThread X-CUBE-RT-Thread_Nano 4.1.1
2025-12-31 11:41:26,044 [INFO] ThirdParty:1030 - CMSIS Pack Vendor :STMicroelectronics FP-ATR-SIGFOX1 3.2.0
2025-12-31 11:41:26,044 [INFO] ThirdParty:1030 - CMSIS Pack Vendor :STMicroelectronics X-CUBE-NFC10 1.0.0
2025-12-31 11:41:26,044 [INFO] ThirdParty:1030 - CMSIS Pack Vendor :STMicroelectronics HAL Drivers 0.0.0
2025-12-31 11:41:26,044 [INFO] ThirdParty:1030 - CMSIS Pack Vendor :STMicroelectronics MBEDTLS 2.16.2
2025-12-31 11:41:26,044 [INFO] ThirdParty:1030 - CMSIS Pack Vendor :STMicroelectronics X-CUBE-ST60 1.1.0
2025-12-31 11:41:26,044 [INFO] ThirdParty:1030 - CMSIS Pack Vendor :STMicroelectronics X-CUBE-ALS 1.0.2
2025-12-31 11:41:26,045 [INFO] ThirdParty:1030 - CMSIS Pack Vendor :emotas I-CUBE-CANOPEN 1.3.0
2025-12-31 11:41:26,045 [INFO] ThirdParty:1030 - CMSIS Pack Vendor :STMicroelectronics MBEDTLS 2.14.1
2025-12-31 11:41:26,045 [INFO] ThirdParty:1030 - CMSIS Pack Vendor :STMicroelectronics X-CUBE-GNSS1 7.1.0
2025-12-31 11:41:26,045 [INFO] ThirdParty:1030 - CMSIS Pack Vendor :ITTIA_DB I-CUBE-ITTIADB 8.9.0
2025-12-31 11:41:26,045 [INFO] ThirdParty:1030 - CMSIS Pack Vendor :STMicroelectronics X-CUBE-TOUCHGFX 4.26.0
2025-12-31 11:41:26,045 [INFO] ThirdParty:1030 - CMSIS Pack Vendor :STMicroelectronics X-CUBE-STSE01 1.0.0
2025-12-31 11:41:26,045 [INFO] ThirdParty:1030 - CMSIS Pack Vendor :STMicroelectronics FP-SNS-STBOX1 2.1.0
2025-12-31 11:41:26,045 [INFO] ThirdParty:1030 - CMSIS Pack Vendor :STMicroelectronics X-CUBE-AI 10.2.0
2025-12-31 11:41:26,045 [INFO] ThirdParty:1030 - CMSIS Pack Vendor :STMicroelectronics FP-SNS-STAIOTCFT 1.0.0
2025-12-31 11:41:26,045 [INFO] ThirdParty:1030 - CMSIS Pack Vendor :STMicroelectronics ThreadX 1.0.0
2025-12-31 11:41:26,045 [INFO] ThirdParty:1030 - CMSIS Pack Vendor :STMicroelectronics FP-SNS-SMARTAG2 1.2.0
2025-12-31 11:41:26,045 [INFO] ThirdParty:1030 - CMSIS Pack Vendor :STMicroelectronics FP-SNS-FLIGHT1 5.1.0
2025-12-31 11:41:26,046 [INFO] ThirdParty:1030 - CMSIS Pack Vendor :STMicroelectronics X-CUBE-AZRTOS-WL 2.0.0
2025-12-31 11:41:26,046 [INFO] ThirdParty:1030 - CMSIS Pack Vendor :SEGGER I-CUBE-embOS 1.3.1
2025-12-31 11:41:26,046 [INFO] ThirdParty:1030 - CMSIS Pack Vendor :STMicroelectronics X-CUBE-ALGOBUILD 1.4.0
2025-12-31 11:41:26,046 [INFO] ThirdParty:1030 - CMSIS Pack Vendor :STMicroelectronics X-CUBE-DPower 1.3.0
2025-12-31 11:41:26,046 [INFO] ThirdParty:1030 - CMSIS Pack Vendor :STMicroelectronics USB_DEVICE 1.0.0
2025-12-31 11:41:26,046 [INFO] ThirdParty:1030 - CMSIS Pack Vendor :STMicroelectronics X-CUBE-AZRTOS-H7RS 1.2.0
2025-12-31 11:41:26,046 [INFO] ThirdParty:1030 - CMSIS Pack Vendor :STMicroelectronics X-CUBE-AZRTOS-L4 2.0.0
2025-12-31 11:41:26,046 [INFO] ThirdParty:1030 - CMSIS Pack Vendor :STMicroelectronics ThreadX 0.0.2
2025-12-31 11:41:26,047 [INFO] ThirdParty:1030 - CMSIS Pack Vendor :STMicroelectronics lwIP 2.1.2
2025-12-31 11:41:26,047 [INFO] ThirdParty:1030 - CMSIS Pack Vendor :STMicroelectronics X-CUBE-SFXS2LP1 4.0.0
2025-12-31 11:41:26,047 [INFO] ThirdParty:1030 - CMSIS Pack Vendor :STMicroelectronics X-CUBE-BLE2 3.3.0
2025-12-31 11:41:26,047 [INFO] ThirdParty:1030 - CMSIS Pack Vendor :STMicroelectronics X-CUBE-TOF1 3.4.3
2025-12-31 11:41:26,047 [INFO] ThirdParty:1030 - CMSIS Pack Vendor :Infineon AIROC-Wi-Fi-Bluetooth-STM32 1.8.0
2025-12-31 11:41:26,047 [INFO] ThirdParty:1030 - CMSIS Pack Vendor :STMicroelectronics PDM2PCM 3.2.0
2025-12-31 11:41:26,047 [INFO] ThirdParty:841 - exiting critical section [change project]
2025-12-31 11:41:27,086 [INFO] PinOutPanel:1589 - setPackage(No Configuration,No Configuration)
2025-12-31 11:41:27,088 [INFO] PinOutPanel:1589 - setPackage(STM32F407VGTx,LQFP100)
2025-12-31 11:41:27,970 [INFO] UtilMem:75 - Before build in PCC Used Memory: 690921904 Bytes (1073741824)
2025-12-31 11:41:29,696 [INFO] UtilMem:75 - After build in PCC Used Memory: 793713088 Bytes (1073741824)
2025-12-31 11:41:29,798 [INFO] IPUIPlugin:80 - create IPUIPlugin
2025-12-31 11:41:29,798 [INFO] IPUIPlugin:80 - create IPUIPlugin
2025-12-31 11:41:29,798 [INFO] IPUIPlugin:80 - create IPUIPlugin
2025-12-31 11:41:29,800 [INFO] IPUIPlugin:80 - create IPUIPlugin
2025-12-31 11:41:29,800 [INFO] IPUIPlugin:80 - create IPUIPlugin
2025-12-31 11:41:29,801 [INFO] IPUIPlugin:80 - create IPUIPlugin
2025-12-31 11:41:29,802 [INFO] IPUIPlugin:80 - create IPUIPlugin
2025-12-31 11:41:29,802 [INFO] IPUIPlugin:80 - create IPUIPlugin
2025-12-31 11:41:29,803 [INFO] IPUIPlugin:80 - create IPUIPlugin
2025-12-31 11:41:29,803 [INFO] IPUIPlugin:80 - create IPUIPlugin
2025-12-31 11:41:29,803 [INFO] IPUIPlugin:80 - create IPUIPlugin
2025-12-31 11:41:29,804 [INFO] IPUIPlugin:80 - create IPUIPlugin
2025-12-31 11:41:29,804 [INFO] IPUIPlugin:80 - create IPUIPlugin
2025-12-31 11:41:29,804 [INFO] IPUIPlugin:80 - create IPUIPlugin
2025-12-31 11:41:29,808 [INFO] IPUIPlugin:80 - create IPUIPlugin
2025-12-31 11:41:29,808 [INFO] IPUIPlugin:80 - create IPUIPlugin
2025-12-31 11:41:29,809 [INFO] IPUIPlugin:80 - create IPUIPlugin
2025-12-31 11:41:29,809 [INFO] IPUIPlugin:80 - create IPUIPlugin
2025-12-31 11:41:29,809 [INFO] IPUIPlugin:80 - create IPUIPlugin
2025-12-31 11:41:29,810 [INFO] IPUIPlugin:80 - create IPUIPlugin
2025-12-31 11:41:29,810 [INFO] IPUIPlugin:80 - create IPUIPlugin
2025-12-31 11:41:29,811 [INFO] IPUIPlugin:80 - create IPUIPlugin
2025-12-31 11:41:29,812 [INFO] IPUIPlugin:80 - create IPUIPlugin
2025-12-31 11:41:29,812 [INFO] IPUIPlugin:80 - create IPUIPlugin
2025-12-31 11:41:29,814 [INFO] IPUIPlugin:80 - create IPUIPlugin
2025-12-31 11:41:29,816 [INFO] IPUIPlugin:80 - create IPUIPlugin
2025-12-31 11:41:29,817 [INFO] IPUIPlugin:80 - create IPUIPlugin
2025-12-31 11:41:29,818 [INFO] IPUIPlugin:80 - create IPUIPlugin
2025-12-31 11:41:29,818 [INFO] IPUIPlugin:80 - create IPUIPlugin
2025-12-31 11:41:29,819 [INFO] IPUIPlugin:80 - create IPUIPlugin
2025-12-31 11:41:29,819 [INFO] IPUIPlugin:80 - create IPUIPlugin
2025-12-31 11:41:29,820 [INFO] IPUIPlugin:80 - create IPUIPlugin
2025-12-31 11:41:29,821 [INFO] IPUIPlugin:80 - create IPUIPlugin
2025-12-31 11:41:29,821 [INFO] IPUIPlugin:80 - create IPUIPlugin
2025-12-31 11:41:29,822 [INFO] IPUIPlugin:80 - create IPUIPlugin
2025-12-31 11:41:29,822 [INFO] IPUIPlugin:80 - create IPUIPlugin
2025-12-31 11:41:29,823 [INFO] IPUIPlugin:80 - create IPUIPlugin
2025-12-31 11:41:29,823 [INFO] IPUIPlugin:80 - create IPUIPlugin
2025-12-31 11:41:29,824 [INFO] IPUIPlugin:80 - create IPUIPlugin
2025-12-31 11:41:29,825 [INFO] IPUIPlugin:80 - create IPUIPlugin
2025-12-31 11:41:29,825 [INFO] IPUIPlugin:80 - create IPUIPlugin
2025-12-31 11:41:29,826 [INFO] IPUIPlugin:80 - create IPUIPlugin
2025-12-31 11:41:29,827 [INFO] IPUIPlugin:80 - create IPUIPlugin
2025-12-31 11:41:29,828 [INFO] IPUIPlugin:80 - create IPUIPlugin
2025-12-31 11:41:29,834 [INFO] IPUIPlugin:80 - create IPUIPlugin
2025-12-31 11:41:29,835 [INFO] IPUIPlugin:80 - create IPUIPlugin
2025-12-31 11:41:29,836 [INFO] IPUIPlugin:80 - create IPUIPlugin
2025-12-31 11:41:29,837 [INFO] IPUIPlugin:80 - create IPUIPlugin
2025-12-31 11:41:29,838 [INFO] IPUIPlugin:80 - create IPUIPlugin
2025-12-31 11:41:29,839 [INFO] IPUIPlugin:80 - create IPUIPlugin
2025-12-31 11:41:29,840 [INFO] IPUIPlugin:80 - create IPUIPlugin
2025-12-31 11:41:29,841 [INFO] IPUIPlugin:80 - create IPUIPlugin
2025-12-31 11:41:29,842 [INFO] IPUIPlugin:80 - create IPUIPlugin
2025-12-31 11:41:29,843 [INFO] IPUIPlugin:80 - create IPUIPlugin
2025-12-31 11:41:29,844 [INFO] IPUIPlugin:80 - create IPUIPlugin
2025-12-31 11:41:29,846 [INFO] IPUIPlugin:80 - create IPUIPlugin
2025-12-31 11:41:29,848 [INFO] IPUIPlugin:80 - create IPUIPlugin
2025-12-31 11:41:29,849 [INFO] IPUIPlugin:80 - create IPUIPlugin
2025-12-31 11:41:29,978 [INFO] ApiDbMcu:532 - Load IP Config File for PDM2PCM
2025-12-31 11:41:30,432 [INFO] CADModel:165 - CPN selected for project levelSTM32F407VGT6
2025-12-31 11:41:30,432 [INFO] CADModel:114 - Register for checkConnection events
2025-12-31 11:41:30,505 [INFO] OpenFileManager:386 - Restore cursor
2025-12-31 11:43:40,318 [INFO] UtilMem:75 - End SaveConfig() Used Memory: 685108208 Bytes (1073741824)
2025-12-31 11:43:43,042 [INFO] UtilMem:75 - End SaveConfig() Used Memory: 632845008 Bytes (1073741824)
2025-12-31 11:43:52,239 [INFO] UtilMem:75 - End SaveConfig() Used Memory: 686776528 Bytes (1073741824)
2025-12-31 11:43:53,330 [INFO] BlockDiagram:2775 - set Specific Code input for plugin: SYS
2025-12-31 11:43:53,331 [INFO] BlockDiagram:2775 - set Specific Code input for plugin: RCC
2025-12-31 11:43:53,331 [INFO] BlockDiagram:2775 - set Specific Code input for plugin: NVIC
2025-12-31 11:43:53,332 [INFO] BlockDiagram:2775 - set Specific Code input for plugin: USART
2025-12-31 11:43:53,333 [INFO] BlockDiagram:2775 - set Specific Code input for plugin: GPIO
2025-12-31 11:43:53,335 [INFO] CodeGenerator:892 - code generatio: config db path: C:\ST\STM32CubeIDE_1.19.0\STM32CubeIDE\plugins\com.st.stm32cube.common.mx_6.15.0.202507011659\\db\
2025-12-31 11:43:53,711 [INFO] CodeEngine:265 - oldGeneratedFile, D:\project_env\DHT11_UART\MXTmpFiles\license.tmp_save
2025-12-31 11:43:54,448 [INFO] CodeEngine:289 - Generated code: D:\project_env\DHT11_UART\MXTmpFiles\license.tmp
2025-12-31 11:43:54,595 [INFO] CodeEngine:265 - oldGeneratedFile, D:\project_env\DHT11_UART\MXTmpFiles\gpio.tmp_save
2025-12-31 11:43:55,008 [INFO] CodeEngine:289 - Generated code: D:\project_env\DHT11_UART\MXTmpFiles\gpio.tmp
2025-12-31 11:43:55,140 [INFO] CodeEngine:265 - oldGeneratedFile, D:\project_env\DHT11_UART\Core\Src\stm32f4xx_it.c_save
2025-12-31 11:43:55,499 [INFO] CodeEngine:289 - Generated code: D:\project_env\DHT11_UART\Core\Src\stm32f4xx_it.c
2025-12-31 11:43:55,516 [INFO] CodeEngine:265 - oldGeneratedFile, D:\project_env\DHT11_UART\Core\Inc\stm32f4xx_it.h_save
2025-12-31 11:43:55,710 [INFO] CodeEngine:289 - Generated code: D:\project_env\DHT11_UART\Core\Inc\stm32f4xx_it.h
2025-12-31 11:43:55,741 [INFO] CodeEngine:265 - oldGeneratedFile, D:\project_env\DHT11_UART\Core\Src\stm32f4xx_hal_msp.c_save
2025-12-31 11:43:56,198 [INFO] CodeEngine:289 - Generated code: D:\project_env\DHT11_UART\Core\Src\stm32f4xx_hal_msp.c
2025-12-31 11:43:56,208 [INFO] CodeEngine:265 - oldGeneratedFile, D:\project_env\DHT11_UART\MXTmpFiles\system.tmp_save
2025-12-31 11:43:56,329 [INFO] CodeEngine:289 - Generated code: D:\project_env\DHT11_UART\MXTmpFiles\system.tmp
2025-12-31 11:43:56,358 [INFO] CodeEngine:321 - oldGeneratedFile, D:\project_env\DHT11_UART\Core\Inc\stm32f4xx_hal_conf.h_save
2025-12-31 11:43:56,667 [INFO] CodeEngine:345 - Generated code: D:\project_env\DHT11_UART\Core\Inc\stm32f4xx_hal_conf.h
2025-12-31 11:43:56,780 [INFO] ApiDbMcu:532 - Load IP Config File for USART2
2025-12-31 11:43:56,788 [INFO] ApiDbMcu:532 - Load IP Config File for RCC
2025-12-31 11:43:56,816 [INFO] CodeEngine:265 - oldGeneratedFile, D:\project_env\DHT11_UART\Core\Inc\main.h_save
2025-12-31 11:43:57,136 [INFO] CodeEngine:289 - Generated code: D:\project_env\DHT11_UART\Core\Inc\main.h
2025-12-31 11:43:57,144 [INFO] CodeEngine:265 - oldGeneratedFile, D:\project_env\DHT11_UART\Core\Src\main.c_save
2025-12-31 11:43:57,491 [INFO] CodeEngine:289 - Generated code: D:\project_env\DHT11_UART\Core\Src\main.c
2025-12-31 11:43:58,210 [INFO] ProjectBuilder:3606 - Time for Copy HAL[1] : 273mS.
2025-12-31 11:43:58,218 [INFO] ProjectBuilder:5216 - Project Generator version: 4.7.0-B52
2025-12-31 11:43:58,364 [INFO] ConfigFileManager:1595 - The Die is : DIE413
2025-12-31 11:43:58,383 [INFO] ApiDbMcu:532 - Load IP Config File for FATFS
2025-12-31 11:43:58,391 [INFO] ApiDbMcu:532 - Load IP Config File for FREERTOS
2025-12-31 11:43:58,395 [INFO] ApiDbMcu:532 - Load IP Config File for LIBJPEG
2025-12-31 11:43:58,403 [INFO] ApiDbMcu:532 - Load IP Config File for LWIP
2025-12-31 11:43:58,414 [INFO] ApiDbMcu:532 - Load IP Config File for MBEDTLS
2025-12-31 11:43:58,426 [INFO] ApiDbMcu:532 - Load IP Config File for USB_DEVICE
2025-12-31 11:43:58,433 [INFO] ApiDbMcu:532 - Load IP Config File for USB_HOST
2025-12-31 11:43:59,110 [INFO] LogOutputStream:77 - [STDOUT_REDIRECT] 
2025-12-31 11:44:01,095 [INFO] ProjectBuilder:5496 - Time for Generating toolchain IDE Files: 2876mS.
2025-12-31 11:44:01,096 [INFO] ProjectBuilder:3463 - Time for Copy CMSIS : 0mS.
2025-12-31 11:44:01,099 [INFO] ProjectBuilder:3463 - Time for Copy CMSIS : 0mS.
2025-12-31 12:24:35,526 [INFO] WebApp:194 - Connection lost
2025-12-31 12:24:35,822 [INFO] WebApp:191 - Connection restablished
2025-12-31 13:22:19,343 [ERROR] LogOutputStream:75 - [STDERR_REDIRECT] 
