2025-12-26 10:37:53,382 [INFO] Activator:176 - 


2025-12-26 10:37:53,386 [INFO] Activator:177 - !SESSION log4j initialized
2025-12-26 10:37:57,112 [INFO] LogOutputStream:77 - [STDOUT_REDIRECT] 
2025-12-26 10:38:00,319 [INFO] ApplicationProperties:184 - Using Application install path: C:\ST\STM32CubeIDE_1.19.0\STM32CubeIDE\plugins\com.st.stm32cube.common.mx_6.15.0.202507011659
2025-12-26 10:38:00,339 [INFO] DbMcusXml:78 - Set database path to: C:\ST\STM32CubeIDE_1.19.0\STM32CubeIDE\plugins\com.st.stm32cube.common.mx_6.15.0.202507011659\\db\/mcu/
2025-12-26 10:38:00,339 [INFO] ApiDb:274 - Set plugin database path to: C:\ST\STM32CubeIDE_1.19.0\STM32CubeIDE\plugins\com.st.stm32cube.common.mx_6.15.0.202507011659\\db\/plugins/boardmanager/
2025-12-26 10:38:00,345 [WARN] ApiDb:259 - Overriding images path with different value:  => C:\ST\STM32CubeIDE_1.19.0\STM32CubeIDE\plugins\com.st.stm32cube.common.mx_6.15.0.202507011659\\db\/plugins/mcufinder/images/
2025-12-26 10:38:00,352 [INFO] ApiDb:250 - Set database path to: C:\Users\Admin\.stmcufinder\plugins\mcufinder//mcu/
2025-12-26 10:38:00,354 [INFO] DbMcusAds:125 - Set database path to: C:\Users\Admin\.stmcufinder\plugins\mcufinder//mcu/
2025-12-26 10:38:00,357 [INFO] CrossReferenceDbSqlite:203 - Set database path to: C:\Users\Admin\.stmcufinder\plugins\mcufinder//mcu/cs/
2025-12-26 10:38:00,509 [INFO] RulesReader:64 - Compatibility file has been processed (317 Rules)
2025-12-26 10:38:00,618 [INFO] DbMcusXml:78 - Set database path to: C:\ST\STM32CubeIDE_1.19.0\STM32CubeIDE\plugins\com.st.stm32cube.common.mx_6.15.0.202507011659\\db\/mcu/
2025-12-26 10:38:00,618 [INFO] ApiDb:274 - Set plugin database path to: C:\ST\STM32CubeIDE_1.19.0\STM32CubeIDE\plugins\com.st.stm32cube.common.mx_6.15.0.202507011659\\db\/plugins/boardmanager/
2025-12-26 10:38:00,618 [INFO] ApiDb:261 - Set plugin images path to: C:\ST\STM32CubeIDE_1.19.0\STM32CubeIDE\plugins\com.st.stm32cube.common.mx_6.15.0.202507011659\\db\/plugins/mcufinder/images/
2025-12-26 10:38:00,619 [WARN] DbFile:41 - Overriding database path with different value: C:\Users\Admin\.stmcufinder\plugins\mcufinder/ => C:\Users\Admin\.stmcufinder\plugins\mcufinder
2025-12-26 10:38:00,619 [INFO] ApiDb:250 - Set database path to: C:\Users\Admin\.stmcufinder\plugins\mcufinder//mcu/
2025-12-26 10:38:00,619 [WARN] DbFile:41 - Overriding database path with different value: C:\Users\Admin\.stmcufinder\plugins\mcufinder/ => C:\Users\Admin\.stmcufinder\plugins\mcufinder
2025-12-26 10:38:00,619 [INFO] DbMcusAds:125 - Set database path to: C:\Users\Admin\.stmcufinder\plugins\mcufinder//mcu/
2025-12-26 10:38:00,619 [WARN] DbFile:41 - Overriding database path with different value: C:\Users\Admin\.stmcufinder\plugins\mcufinder/ => C:\Users\Admin\.stmcufinder\plugins\mcufinder
2025-12-26 10:38:00,619 [WARN] DbFile:41 - Overriding database path with different value: C:\Users\Admin\.stmcufinder\plugins\mcufinder/ => C:\Users\Admin\.stmcufinder\plugins\mcufinder
2025-12-26 10:38:00,619 [INFO] CrossReferenceDbSqlite:203 - Set database path to: C:\Users\Admin\.stmcufinder\plugins\mcufinder//mcu/cs/
2025-12-26 10:38:00,711 [INFO] MainPanel:274 - HeapMemory: 268435456
2025-12-26 10:38:00,858 [INFO] DbMcusXml:78 - Set database path to: C:\ST\STM32CubeIDE_1.19.0\STM32CubeIDE\plugins\com.st.stm32cube.common.mx_6.15.0.202507011659\\db\/mcu/
2025-12-26 10:38:00,859 [INFO] ApiDb:274 - Set plugin database path to: C:\ST\STM32CubeIDE_1.19.0\STM32CubeIDE\plugins\com.st.stm32cube.common.mx_6.15.0.202507011659\\db\/plugins/boardmanager/
2025-12-26 10:38:00,859 [INFO] ApiDb:261 - Set plugin images path to: C:\ST\STM32CubeIDE_1.19.0\STM32CubeIDE\plugins\com.st.stm32cube.common.mx_6.15.0.202507011659\\db\/plugins/mcufinder/images/
2025-12-26 10:38:00,859 [WARN] DbFile:41 - Overriding database path with different value: C:\Users\Admin\.stmcufinder\plugins\mcufinder/ => C:\Users\Admin\.stmcufinder\plugins\mcufinder
2025-12-26 10:38:00,859 [INFO] ApiDb:250 - Set database path to: C:\Users\Admin\.stmcufinder\plugins\mcufinder//mcu/
2025-12-26 10:38:00,859 [WARN] DbFile:41 - Overriding database path with different value: C:\Users\Admin\.stmcufinder\plugins\mcufinder/ => C:\Users\Admin\.stmcufinder\plugins\mcufinder
2025-12-26 10:38:00,859 [INFO] DbMcusAds:125 - Set database path to: C:\Users\Admin\.stmcufinder\plugins\mcufinder//mcu/
2025-12-26 10:38:00,859 [WARN] DbFile:41 - Overriding database path with different value: C:\Users\Admin\.stmcufinder\plugins\mcufinder/ => C:\Users\Admin\.stmcufinder\plugins\mcufinder
2025-12-26 10:38:00,859 [WARN] DbFile:41 - Overriding database path with different value: C:\Users\Admin\.stmcufinder\plugins\mcufinder/ => C:\Users\Admin\.stmcufinder\plugins\mcufinder
2025-12-26 10:38:00,860 [INFO] CrossReferenceDbSqlite:203 - Set database path to: C:\Users\Admin\.stmcufinder\plugins\mcufinder//mcu/cs/
2025-12-26 10:38:00,881 [INFO] ApplicationProperties:184 - Using Application install path: C:\ST\STM32CubeIDE_1.19.0\STM32CubeIDE\plugins\com.st.stm32cube.common.mx_6.15.0.202507011659
2025-12-26 10:38:00,882 [INFO] PluginManage:196 - Search for loadable plugins [exclusion list=, ]
2025-12-26 10:38:00,884 [INFO] PluginManage:310 - Check plugin analytics
2025-12-26 10:38:01,155 [INFO] AnalyticsPlugin:253 - Accepted Software Licenses: 
2025-12-26 10:38:01,155 [INFO] AnalyticsPlugin:255 - Accepted CMSIS Pack Licenses: 
2025-12-26 10:38:01,156 [INFO] AnalyticsPlugin:257 - Accepted Firmware Licenses: FW.F4.1.28.0
2025-12-26 10:38:01,159 [INFO] PluginManage:359 - Loaded plugin analytics (category:tool,tabindex:-1)
2025-12-26 10:38:01,159 [INFO] PluginManage:310 - Check plugin cadmodel
2025-12-26 10:38:01,182 [INFO] CADModel:105 - Init CAD model plugin
2025-12-26 10:38:01,182 [INFO] PluginManage:359 - Loaded plugin cadmodel (category:power,tabindex:5)
2025-12-26 10:38:01,182 [INFO] PluginManage:310 - Check plugin clock
2025-12-26 10:38:01,223 [INFO] PluginManage:359 - Loaded plugin clock (category:base,tabindex:2)
2025-12-26 10:38:01,223 [INFO] PluginManage:310 - Check plugin ddr
2025-12-26 10:38:01,228 [INFO] PluginManage:359 - Loaded plugin ddr (category:tool,tabindex:6)
2025-12-26 10:38:01,228 [INFO] PluginManage:310 - Check plugin filemanager
2025-12-26 10:38:01,460 [INFO] PluginManage:359 - Loaded plugin filemanager (category:base,tabindex:10)
2025-12-26 10:38:01,461 [INFO] PluginManage:310 - Check plugin ipmanager
2025-12-26 10:38:01,471 [INFO] PluginManage:359 - Loaded plugin ipmanager (category:base,tabindex:5)
2025-12-26 10:38:01,471 [INFO] PluginManage:310 - Check plugin lpbam
2025-12-26 10:38:01,502 [INFO] PluginManage:359 - Loaded plugin lpbam (category:base,tabindex:0)
2025-12-26 10:38:01,502 [INFO] PluginManage:310 - Check plugin memorymap
2025-12-26 10:38:01,534 [INFO] PluginManage:359 - Loaded plugin memorymap (category:base,tabindex:4)
2025-12-26 10:38:01,534 [INFO] PluginManage:310 - Check plugin pinoutandconfiguration
2025-12-26 10:38:01,558 [INFO] PluginManage:359 - Loaded plugin pinoutandconfiguration (category:base,tabindex:1)
2025-12-26 10:38:01,558 [INFO] PluginManage:310 - Check plugin pinoutconfig
2025-12-26 10:38:01,677 [WARN] SupportedApi:132 - Cannot load RTOS API schema: s4s-elt-must-match.1: The content of 'definitions' must match (annotation?, (simpleType | complexType)?, (unique | key | keyref)*)). A problem was found starting at: attribute.
2025-12-26 10:38:01,824 [INFO] PluginManage:359 - Loaded plugin pinoutconfig (category:base,tabindex:0)
2025-12-26 10:38:01,824 [INFO] PluginManage:310 - Check plugin power
2025-12-26 10:38:01,850 [INFO] PluginManage:359 - Loaded plugin power (category:power,tabindex:4)
2025-12-26 10:38:01,850 [INFO] PluginManage:310 - Check plugin projectmanager
2025-12-26 10:38:01,865 [INFO] PluginManage:359 - Loaded plugin projectmanager (category:projectmanager,tabindex:4)
2025-12-26 10:38:01,865 [INFO] PluginManage:310 - Check plugin rif
2025-12-26 10:38:01,891 [INFO] PluginManage:359 - Loaded plugin rif (category:base,tabindex:3)
2025-12-26 10:38:01,891 [INFO] PluginManage:310 - Check plugin thirdparty
2025-12-26 10:38:02,260 [WARN] IntegrityCheckThread:84 - waiting for thirdparty lock release [integrity check]
2025-12-26 10:38:02,261 [INFO] IntegrityCheckThread:86 - entering critical section [integrity check]
2025-12-26 10:38:02,261 [INFO] ThirdPartyUpdaterWithRetryManager:70 - Updater plugin not ready yet. [1/15]
2025-12-26 10:38:02,261 [INFO] PluginManage:359 - Loaded plugin thirdparty (category:base,tabindex:-1)
2025-12-26 10:38:02,261 [INFO] PluginManage:310 - Check plugin tools
2025-12-26 10:38:02,317 [INFO] PluginManage:359 - Loaded plugin tools (category:base,tabindex:7)
2025-12-26 10:38:02,317 [INFO] PluginManage:310 - Check plugin tutovideos
2025-12-26 10:38:02,598 [INFO] PluginManage:359 - Loaded plugin tutovideos (category:base,tabindex:-1)
2025-12-26 10:38:02,598 [INFO] PluginManage:310 - Check plugin updater
2025-12-26 10:38:02,625 [INFO] PluginManage:359 - Loaded plugin updater (category:base,tabindex:12)
2025-12-26 10:38:02,626 [INFO] PluginManage:310 - Check plugin userauth
2025-12-26 10:38:02,630 [INFO] UserAuth:118 - Init User Auth plugin
2025-12-26 10:38:02,631 [INFO] PluginManage:359 - Loaded plugin userauth (category:base,tabindex:14)
2025-12-26 10:38:02,632 [INFO] PluginManage:283 - PluginManage : Loaded plugins [18]
2025-12-26 10:38:02,849 [INFO] PinOutPanel:1589 - setPackage(No Configuration,No Configuration)
2025-12-26 10:38:02,939 [INFO] CADModel:165 - CPN selected for project level
2025-12-26 10:38:02,939 [INFO] CADModel:114 - Register for checkConnection events
2025-12-26 10:38:02,976 [INFO] IPUIPlugin:80 - create IPUIPlugin
2025-12-26 10:38:02,977 [INFO] PluginManager:220 - loadIPPluginJar : add adc
2025-12-26 10:38:03,040 [INFO] IPUIPlugin:80 - create IPUIPlugin
2025-12-26 10:38:03,040 [INFO] PluginManager:220 - loadIPPluginJar : add aes
2025-12-26 10:38:03,107 [INFO] IPUIPlugin:80 - create IPUIPlugin
2025-12-26 10:38:03,107 [INFO] PluginManager:220 - loadIPPluginJar : add can
2025-12-26 10:38:03,146 [INFO] IPUIPlugin:80 - create IPUIPlugin
2025-12-26 10:38:03,146 [INFO] PluginManager:220 - loadIPPluginJar : add comp
2025-12-26 10:38:03,197 [INFO] IPUIPlugin:80 - create IPUIPlugin
2025-12-26 10:38:03,198 [INFO] PluginManager:220 - loadIPPluginJar : add cryp
2025-12-26 10:38:03,217 [INFO] IPUIPlugin:80 - create IPUIPlugin
2025-12-26 10:38:03,217 [INFO] PluginManager:220 - loadIPPluginJar : add ddr_ctrl_phy
2025-12-26 10:38:03,270 [INFO] IPUIPlugin:80 - create IPUIPlugin
2025-12-26 10:38:03,271 [INFO] PluginManager:220 - loadIPPluginJar : add dfsdm
2025-12-26 10:38:03,290 [INFO] IPUIPlugin:80 - create IPUIPlugin
2025-12-26 10:38:03,291 [INFO] PluginManager:220 - loadIPPluginJar : add dma
2025-12-26 10:38:03,355 [INFO] IPUIPlugin:80 - create IPUIPlugin
2025-12-26 10:38:03,355 [INFO] PluginManager:220 - loadIPPluginJar : add dma3
2025-12-26 10:38:03,421 [INFO] IPUIPlugin:80 - create IPUIPlugin
2025-12-26 10:38:03,421 [INFO] PluginManager:220 - loadIPPluginJar : add extmemmanager
2025-12-26 10:38:03,469 [INFO] IPUIPlugin:80 - create IPUIPlugin
2025-12-26 10:38:03,469 [INFO] PluginManager:220 - loadIPPluginJar : add fatfs
2025-12-26 10:38:03,534 [INFO] IPUIPlugin:80 - create IPUIPlugin
2025-12-26 10:38:03,534 [INFO] PluginManager:220 - loadIPPluginJar : add fmc
2025-12-26 10:38:03,558 [INFO] IPUIPlugin:80 - create IPUIPlugin
2025-12-26 10:38:03,559 [INFO] PluginManager:220 - loadIPPluginJar : add freertos
2025-12-26 10:38:03,639 [INFO] IPUIPlugin:80 - create IPUIPlugin
2025-12-26 10:38:03,639 [INFO] PluginManager:220 - loadIPPluginJar : add genericplugin
2025-12-26 10:38:03,862 [INFO] IPUIPlugin:80 - create IPUIPlugin
2025-12-26 10:38:03,862 [INFO] PluginManager:220 - loadIPPluginJar : add gfxmmu
2025-12-26 10:38:04,067 [INFO] IPUIPlugin:80 - create IPUIPlugin
2025-12-26 10:38:04,067 [INFO] PluginManager:220 - loadIPPluginJar : add gic
2025-12-26 10:38:04,091 [INFO] IPUIPlugin:80 - create IPUIPlugin
2025-12-26 10:38:04,091 [INFO] PluginManager:220 - loadIPPluginJar : add gpio
2025-12-26 10:38:04,229 [INFO] IPUIPlugin:80 - create IPUIPlugin
2025-12-26 10:38:04,230 [INFO] PluginManager:220 - loadIPPluginJar : add gtzc
2025-12-26 10:38:04,284 [INFO] IPUIPlugin:80 - create IPUIPlugin
2025-12-26 10:38:04,284 [INFO] PluginManager:220 - loadIPPluginJar : add hash
2025-12-26 10:38:04,366 [INFO] IPUIPlugin:80 - create IPUIPlugin
2025-12-26 10:38:04,366 [INFO] PluginManager:220 - loadIPPluginJar : add i2c
2025-12-26 10:38:04,427 [INFO] IPUIPlugin:80 - create IPUIPlugin
2025-12-26 10:38:04,427 [INFO] PluginManager:220 - loadIPPluginJar : add i2s
2025-12-26 10:38:04,493 [INFO] IPUIPlugin:80 - create IPUIPlugin
2025-12-26 10:38:04,493 [INFO] PluginManager:220 - loadIPPluginJar : add i3c
2025-12-26 10:38:04,647 [INFO] IPUIPlugin:80 - create IPUIPlugin
2025-12-26 10:38:04,647 [INFO] PluginManager:220 - loadIPPluginJar : add ipddr
2025-12-26 10:38:04,813 [INFO] IPUIPlugin:80 - create IPUIPlugin
2025-12-26 10:38:04,814 [INFO] PluginManager:220 - loadIPPluginJar : add linkedlist
2025-12-26 10:38:04,883 [INFO] IPUIPlugin:80 - create IPUIPlugin
2025-12-26 10:38:04,883 [INFO] PluginManager:220 - loadIPPluginJar : add lorawan
2025-12-26 10:38:04,948 [INFO] IPUIPlugin:80 - create IPUIPlugin
2025-12-26 10:38:04,948 [INFO] PluginManager:220 - loadIPPluginJar : add ltdc
2025-12-26 10:38:04,971 [INFO] IPUIPlugin:80 - create IPUIPlugin
2025-12-26 10:38:04,971 [INFO] PluginManager:220 - loadIPPluginJar : add mdma
2025-12-26 10:38:04,990 [INFO] IPUIPlugin:80 - create IPUIPlugin
2025-12-26 10:38:04,991 [INFO] PluginManager:220 - loadIPPluginJar : add nvic
2025-12-26 10:38:05,056 [INFO] IPUIPlugin:80 - create IPUIPlugin
2025-12-26 10:38:05,056 [INFO] PluginManager:220 - loadIPPluginJar : add opamp
2025-12-26 10:38:05,165 [INFO] IPUIPlugin:80 - create IPUIPlugin
2025-12-26 10:38:05,165 [INFO] PluginManager:220 - loadIPPluginJar : add openamp
2025-12-26 10:38:05,246 [INFO] IPUIPlugin:80 - create IPUIPlugin
2025-12-26 10:38:05,246 [INFO] PluginManager:220 - loadIPPluginJar : add pdm2pcm
2025-12-26 10:38:05,263 [INFO] ThirdPartyUpdaterWithRetryManager:70 - Updater plugin not ready yet. [2/15]
2025-12-26 10:38:05,269 [INFO] IPUIPlugin:80 - create IPUIPlugin
2025-12-26 10:38:05,274 [INFO] PluginManager:220 - loadIPPluginJar : add plateformsettings
2025-12-26 10:38:05,321 [INFO] IPUIPlugin:80 - create IPUIPlugin
2025-12-26 10:38:05,322 [INFO] PluginManager:220 - loadIPPluginJar : add quadspi
2025-12-26 10:38:05,368 [INFO] IPUIPlugin:80 - create IPUIPlugin
2025-12-26 10:38:05,368 [INFO] PluginManager:220 - loadIPPluginJar : add radio
2025-12-26 10:38:05,389 [INFO] IPUIPlugin:80 - create IPUIPlugin
2025-12-26 10:38:05,389 [INFO] PluginManager:220 - loadIPPluginJar : add resmgrutility
2025-12-26 10:38:05,470 [INFO] IPUIPlugin:80 - create IPUIPlugin
2025-12-26 10:38:05,471 [INFO] PluginManager:220 - loadIPPluginJar : add sai
2025-12-26 10:38:05,539 [INFO] IPUIPlugin:80 - create IPUIPlugin
2025-12-26 10:38:05,540 [INFO] PluginManager:220 - loadIPPluginJar : add spi
2025-12-26 10:38:05,668 [INFO] IPUIPlugin:80 - create IPUIPlugin
2025-12-26 10:38:05,668 [INFO] PluginManager:220 - loadIPPluginJar : add stm32_wpan
2025-12-26 10:38:05,716 [INFO] IPUIPlugin:80 - create IPUIPlugin
2025-12-26 10:38:05,716 [INFO] PluginManager:220 - loadIPPluginJar : add tim
2025-12-26 10:38:05,835 [INFO] IPUIPlugin:80 - create IPUIPlugin
2025-12-26 10:38:05,835 [INFO] PluginManager:220 - loadIPPluginJar : add touchsensing
2025-12-26 10:38:05,875 [INFO] IPUIPlugin:80 - create IPUIPlugin
2025-12-26 10:38:05,875 [INFO] PluginManager:220 - loadIPPluginJar : add tracer_emb
2025-12-26 10:38:05,921 [INFO] IPUIPlugin:80 - create IPUIPlugin
2025-12-26 10:38:05,921 [INFO] PluginManager:220 - loadIPPluginJar : add ts
2025-12-26 10:38:05,967 [INFO] IPUIPlugin:80 - create IPUIPlugin
2025-12-26 10:38:05,967 [INFO] PluginManager:220 - loadIPPluginJar : add tsc
2025-12-26 10:38:06,006 [INFO] IPUIPlugin:80 - create IPUIPlugin
2025-12-26 10:38:06,006 [INFO] PluginManager:220 - loadIPPluginJar : add ucpd
2025-12-26 10:38:06,079 [INFO] IPUIPlugin:80 - create IPUIPlugin
2025-12-26 10:38:06,079 [INFO] PluginManager:220 - loadIPPluginJar : add usart
2025-12-26 10:38:06,169 [INFO] IPUIPlugin:80 - create IPUIPlugin
2025-12-26 10:38:06,169 [INFO] PluginManager:220 - loadIPPluginJar : add usbx
2025-12-26 10:38:06,314 [FATAL] Updater:351 - Updater called before beeing initialized
2025-12-26 10:38:06,344 [INFO] RulesReader:64 - Compatibility file has been processed (317 Rules)
2025-12-26 10:38:06,355 [INFO] RulesReader:64 - Compatibility file has been processed (317 Rules)
2025-12-26 10:38:06,370 [INFO] CADModel:165 - CPN selected for project level
2025-12-26 10:38:06,370 [INFO] CADModel:114 - Register for checkConnection events
2025-12-26 10:38:06,370 [FATAL] Updater:351 - Updater called before beeing initialized
2025-12-26 10:38:06,370 [ERROR] CADModel:125 - Updater not yet initialized, retry later 
2025-12-26 10:38:06,538 [FATAL] Updater:351 - Updater called before beeing initialized
2025-12-26 10:38:06,540 [INFO] CADModel:165 - CPN selected for project level
2025-12-26 10:38:06,540 [INFO] CADModel:114 - Register for checkConnection events
2025-12-26 10:38:06,540 [FATAL] Updater:351 - Updater called before beeing initialized
2025-12-26 10:38:06,540 [ERROR] CADModel:125 - Updater not yet initialized, retry later 
2025-12-26 10:38:06,544 [FATAL] Updater:351 - Updater called before beeing initialized
2025-12-26 10:38:06,660 [FATAL] Updater:351 - Updater called before beeing initialized
2025-12-26 10:38:06,666 [INFO] DbMcusAds:53 - JSON generation date=Tue Dec 16 04:41:46 IST 2025 (1765840306612)
2025-12-26 10:38:06,666 [FATAL] Updater:351 - Updater called before beeing initialized
2025-12-26 10:38:06,705 [WARN] DetailPanel:346 - Failed to get advertising image, set to default
2025-12-26 10:38:06,794 [FATAL] Updater:351 - Updater called before beeing initialized
2025-12-26 10:38:06,796 [FATAL] Updater:351 - Updater called before beeing initialized
2025-12-26 10:38:06,796 [FATAL] Updater:351 - Updater called before beeing initialized
2025-12-26 10:38:06,796 [WARN] DetailPanel:346 - Failed to get advertising image, set to default
2025-12-26 10:38:06,797 [FATAL] Updater:351 - Updater called before beeing initialized
2025-12-26 10:38:06,883 [ERROR] Updater:1198 - MainUpdater not yet initialized. External WinMGr cannot be set.
2025-12-26 10:38:06,895 [INFO] Updater:1134 - Updater Version found : 6.15.0
2025-12-26 10:38:06,911 [INFO] ApplicationProperties:184 - Using Application install path: C:\ST\STM32CubeIDE_1.19.0\STM32CubeIDE\plugins\com.st.stm32cube.common.mx_6.15.0.202507011659
2025-12-26 10:38:07,354 [INFO] MainUpdater:2872 - connection check result : 10
2025-12-26 10:38:07,357 [INFO] MainUpdater:289 - Updater Check For Update Now.
2025-12-26 10:38:07,358 [INFO] MicroXplorer:498 - Change Database Version : DB.6.0.150
2025-12-26 10:38:07,392 [INFO] McuFinderGlobals:63 - Set McuFinder mode to 2 (CubeIDE integrated)
2025-12-26 10:38:07,392 [INFO] UserAuth:171 - activating auth plugin
2025-12-26 10:38:07,396 [INFO] UserAuth:487 - Internet connection configuration mode: 1
2025-12-26 10:38:07,448 [INFO] JxBrowserEngine:152 - Initiate JxBrowser Engine with user profile folder
2025-12-26 10:38:07,646 [INFO] CheckServerUpdateThread:120 - End of CheckServer Thread
2025-12-26 10:38:08,654 [WARN] PackLoader:240 - Cannot read IP mode file for STMicroelectronics.FP-SNS-MOTENVWB1.1.4.0
2025-12-26 10:38:08,694 [WARN] PackLoader:240 - Cannot read IP mode file for STMicroelectronics.FP-ATR-ASTRA1.2.0.2
2025-12-26 10:38:08,731 [WARN] PackLoader:240 - Cannot read IP mode file for STMicroelectronics.X-CUBE-SMBUS.2.1.0
2025-12-26 10:38:08,839 [WARN] PackLoader:240 - Cannot read IP mode file for STMicroelectronics.X-CUBE-AZRTOS-F7.1.1.0
2025-12-26 10:38:08,876 [WARN] PackLoader:240 - Cannot read IP mode file for STMicroelectronics.FP-SNS-MOTENV1.5.1.0
2025-12-26 10:38:08,930 [WARN] PackLoader:240 - Cannot read IP mode file for WES.I-CUBE-Cesium.1.4.0
2025-12-26 10:38:09,011 [WARN] PackLoader:240 - Cannot read IP mode file for STMicroelectronics.X-CUBE-AZRTOS-H7.3.4.0
2025-12-26 10:38:09,016 [INFO] WebApp:169 - Instantiating new browser for Auth
2025-12-26 10:38:09,057 [WARN] PackLoader:240 - Cannot read IP mode file for STMicroelectronics.X-CUBE-DISPLAY.3.0.0
2025-12-26 10:38:09,110 [WARN] PackLoader:240 - Cannot read IP mode file for STMicroelectronics.X-CUBE-NFC10.1.0.0
2025-12-26 10:38:09,154 [WARN] PackLoader:240 - Cannot read IP mode file for STMicroelectronics.X-CUBE-ST60.1.1.0
2025-12-26 10:38:09,192 [WARN] PackLoader:240 - Cannot read IP mode file for emotas.I-CUBE-CANOPEN.1.3.0
2025-12-26 10:38:09,226 [WARN] PackLoader:240 - Cannot read IP mode file for STMicroelectronics.X-CUBE-GNSS1.7.1.0
2025-12-26 10:38:09,265 [WARN] PackLoader:240 - Cannot read IP mode file for STMicroelectronics.FP-SNS-STBOX1.2.1.0
2025-12-26 10:38:09,292 [WARN] PackLoader:240 - Cannot read IP mode file for STMicroelectronics.FP-SNS-SMARTAG2.1.2.0
2025-12-26 10:38:09,313 [WARN] PackLoader:240 - Cannot read IP mode file for STMicroelectronics.FP-SNS-FLIGHT1.5.1.0
2025-12-26 10:38:09,342 [INFO] LogOutputStream:77 - [STDOUT_REDIRECT] 1 : Invalid condition id : UX_CORESTACK_Condition cause : null
2025-12-26 10:38:09,343 [INFO] LogOutputStream:77 - [STDOUT_REDIRECT] 1 : Invalid condition id : UX_CORESTACK_Condition cause : null
2025-12-26 10:38:09,346 [INFO] LogOutputStream:77 - [STDOUT_REDIRECT] 1 : Invalid condition id : UX_CORESTACK_Condition cause : null
2025-12-26 10:38:09,347 [INFO] LogOutputStream:77 - [STDOUT_REDIRECT] 1 : Invalid condition id : UX_CORESTACK_Condition cause : null
2025-12-26 10:38:09,349 [INFO] LogOutputStream:77 - [STDOUT_REDIRECT] 1 : Invalid condition id : UX_CORESTACK_Condition cause : null
2025-12-26 10:38:09,354 [WARN] PackLoader:240 - Cannot read IP mode file for STMicroelectronics.X-CUBE-AZRTOS-WL.2.0.0
2025-12-26 10:38:09,407 [WARN] PackLoader:240 - Cannot read IP mode file for STMicroelectronics.X-CUBE-AZRTOS-H7RS.1.2.0
2025-12-26 10:38:09,437 [WARN] PackLoader:240 - Cannot read IP mode file for STMicroelectronics.X-CUBE-BLE2.3.3.0
2025-12-26 10:38:09,492 [WARN] PackLoader:240 - Cannot read IP mode file for Infineon.AIROC-Wi-Fi-Bluetooth-STM32.1.8.0
2025-12-26 10:38:09,530 [WARN] PackLoader:240 - Cannot read IP mode file for STMicroelectronics.X-CUBE-NFC9.1.0.0
2025-12-26 10:38:09,559 [WARN] PackLoader:240 - Cannot read IP mode file for STMicroelectronics.X-CUBE-BLE1.7.1.0
2025-12-26 10:38:09,583 [WARN] PackLoader:240 - Cannot read IP mode file for STMicroelectronics.X-CUBE-FREERTOS.1.4.0
2025-12-26 10:38:09,613 [WARN] PackLoader:240 - Cannot read IP mode file for STMicroelectronics.X-CUBE-EEPRMA1.5.2.0
2025-12-26 10:38:09,641 [WARN] PackLoader:240 - Cannot read IP mode file for Cesanta.I-CUBE-Mongoose.7.20.0
2025-12-26 10:38:09,676 [WARN] PackLoader:240 - Cannot read IP mode file for STMicroelectronics.X-CUBE-ST67W61.1.1.0
2025-12-26 10:38:09,786 [WARN] PackLoader:240 - Cannot read IP mode file for STMicroelectronics.X-CUBE-MEMS1.12.0.0
2025-12-26 10:38:09,992 [WARN] PackLoader:240 - Cannot read IP mode file for STMicroelectronics.X-CUBE-AZRTOS-G0.1.1.0
2025-12-26 10:38:10,021 [WARN] PackLoader:240 - Cannot read IP mode file for STMicroelectronics.X-CUBE-NFC4.3.0.0
2025-12-26 10:38:10,045 [WARN] PackLoader:240 - Cannot read IP mode file for EmbeddedOffice.I-CUBE-FS-RTOS.1.0.1
2025-12-26 10:38:10,068 [WARN] PackLoader:240 - Cannot read IP mode file for STMicroelectronics.X-CUBE-WB05N.2.0.0
2025-12-26 10:38:10,096 [WARN] PackLoader:240 - Cannot read IP mode file for STMicroelectronics.X-CUBE-TCPP.4.2.0
2025-12-26 10:38:10,129 [WARN] PackLoader:240 - Cannot read IP mode file for RealThread.X-CUBE-RT-Thread_Nano.4.1.1
2025-12-26 10:38:10,170 [WARN] PackLoader:240 - Cannot read IP mode file for STMicroelectronics.FP-ATR-SIGFOX1.3.2.0
2025-12-26 10:38:10,209 [WARN] PackLoader:240 - Cannot read IP mode file for ITTIA_DB.I-CUBE-ITTIADB.8.9.0
2025-12-26 10:38:10,245 [WARN] PackLoader:240 - Cannot read IP mode file for STMicroelectronics.X-CUBE-AI.10.2.0
2025-12-26 10:38:10,317 [WARN] PackLoader:240 - Cannot read IP mode file for SEGGER.I-CUBE-embOS.1.3.1
2025-12-26 10:38:10,401 [INFO] WebApp:463 - Apply proxy settings
2025-12-26 10:38:10,402 [INFO] WebApp:548 - Chromium requires no authentication
2025-12-26 10:38:10,413 [WARN] PackLoader:240 - Cannot read IP mode file for STMicroelectronics.X-CUBE-ALGOBUILD.1.4.0
2025-12-26 10:38:10,423 [INFO] WebApp:491 - Direct internet connection detected
2025-12-26 10:38:10,448 [WARN] PackLoader:240 - Cannot read IP mode file for STMicroelectronics.X-CUBE-PM33A1.1.0.0
2025-12-26 10:38:10,474 [INFO] WebApp:900 - Register for checkConnection events
2025-12-26 10:38:10,475 [INFO] WebApp:463 - Apply proxy settings
2025-12-26 10:38:10,475 [INFO] WebApp:548 - Chromium requires no authentication
2025-12-26 10:38:10,476 [INFO] WebApp:491 - Direct internet connection detected
2025-12-26 10:38:10,510 [WARN] PackLoader:240 - Cannot read IP mode file for STMicroelectronics.X-CUBE-AZRTOS-F4.1.1.0
2025-12-26 10:38:10,545 [WARN] PackLoader:240 - Cannot read IP mode file for STMicroelectronics.X-CUBE-ISPU.2.1.0
2025-12-26 10:38:10,614 [WARN] PackLoader:240 - Cannot read IP mode file for STMicroelectronics.X-CUBE-IPS.3.2.0
2025-12-26 10:38:10,658 [WARN] PackLoader:240 - Cannot read IP mode file for STMicroelectronics.X-CUBE-NFC12.1.0.0
2025-12-26 10:38:10,702 [WARN] PackLoader:240 - Cannot read IP mode file for STMicroelectronics.X-CUBE-AZRTOS-L5.2.0.0
2025-12-26 10:38:10,730 [WARN] PackLoader:240 - Cannot read IP mode file for STMicroelectronics.X-CUBE-NFC6.3.1.0
2025-12-26 10:38:10,755 [WARN] PackLoader:240 - Cannot read IP mode file for STMicroelectronics.X-CUBE-TOUCHGFX.4.26.0
2025-12-26 10:38:10,778 [WARN] PackLoader:240 - Cannot read IP mode file for STMicroelectronics.FP-SNS-STAIOTCFT.1.0.0
2025-12-26 10:38:10,800 [WARN] PackLoader:240 - Cannot read IP mode file for STMicroelectronics.X-CUBE-DPower.1.3.0
2025-12-26 10:38:10,827 [INFO] WebApp:225 - Starting web application
2025-12-26 10:38:10,827 [INFO] WebApp:593 - Web application path used C:\ST\STM32CubeIDE_1.19.0\STM32CubeIDE\plugins\com.st.stm32cube.common.mx_6.15.0.202507011659\db\plugins\mcufinder\reactClient1\index.html
2025-12-26 10:38:10,852 [WARN] ConditionMgr:438 - getConditionDescription Invalid condition id : LAN8742 Phy interface Condition cause : null
2025-12-26 10:38:10,852 [WARN] PackLoader:240 - Cannot read IP mode file for STMicroelectronics.X-CUBE-AZRTOS-L4.2.0.0
2025-12-26 10:38:10,853 [WARN] ConditionMgr:1044 - genDependencies : Invalid condition id : LAN8742 Phy interface Condition cause : null
2025-12-26 10:38:10,854 [WARN] ConditionMgr:1044 - genDependencies : Invalid condition id : LAN8742 Phy interface Condition cause : null
2025-12-26 10:38:10,855 [WARN] ConditionMgr:1044 - genDependencies : Invalid condition id : LAN8742 Phy interface Condition cause : null
2025-12-26 10:38:10,884 [WARN] PackLoader:240 - Cannot read IP mode file for STMicroelectronics.X-CUBE-SFXS2LP1.4.0.0
2025-12-26 10:38:10,924 [WARN] PackLoader:240 - Cannot read IP mode file for STMicroelectronics.X-CUBE-BLEMGR.4.1.0
2025-12-26 10:38:10,980 [WARN] ConditionMgr:438 - getConditionDescription Invalid condition id : UX DEVICE CLASS RTOS Condition cause : null
2025-12-26 10:38:10,980 [WARN] ConditionMgr:438 - getConditionDescription Invalid condition id : UX DEVICE CLASS RTOS Condition cause : null
2025-12-26 10:38:10,982 [WARN] PackLoader:240 - Cannot read IP mode file for STMicroelectronics.X-CUBE-AZRTOS-WB.2.0.0
2025-12-26 10:38:10,982 [WARN] ConditionMgr:1044 - genDependencies : Invalid condition id : UX DEVICE CLASS RTOS Condition cause : null
2025-12-26 10:38:10,982 [WARN] ConditionMgr:1044 - genDependencies : Invalid condition id : UX DEVICE CLASS RTOS Condition cause : null
2025-12-26 10:38:10,983 [WARN] ConditionMgr:1044 - genDependencies : Invalid condition id : UX DEVICE CLASS RTOS Condition cause : null
2025-12-26 10:38:10,983 [WARN] ConditionMgr:1044 - genDependencies : Invalid condition id : UX DEVICE CLASS RTOS Condition cause : null
2025-12-26 10:38:10,983 [WARN] ConditionMgr:1044 - genDependencies : Invalid condition id : UX DEVICE CLASS RTOS Condition cause : null
2025-12-26 10:38:11,010 [WARN] ConditionMgr:438 - getConditionDescription Invalid condition id : Cortex-A Device cause : null
2025-12-26 10:38:11,054 [WARN] ConditionMgr:1044 - genDependencies : Invalid condition id : Cortex-A Device cause : null
2025-12-26 10:38:11,054 [WARN] ConditionMgr:1044 - genDependencies : Invalid condition id : Cortex-A Device cause : null
2025-12-26 10:38:11,054 [WARN] ConditionMgr:1044 - genDependencies : Invalid condition id : Cortex-A Device cause : null
2025-12-26 10:38:11,098 [WARN] PackLoader:240 - Cannot read IP mode file for STMicroelectronics.X-CUBE-SUBG2.5.0.0
2025-12-26 10:38:11,154 [WARN] PackLoader:240 - Cannot read IP mode file for STMicroelectronics.X-CUBE-AZRTOS-G4.2.0.0
2025-12-26 10:38:11,193 [WARN] PackLoader:240 - Cannot read IP mode file for STMicroelectronics.X-CUBE-NFC7.2.0.0
2025-12-26 10:38:11,237 [WARN] PackLoader:240 - Cannot read IP mode file for STMicroelectronics.X-CUBE-ALS.1.0.2
2025-12-26 10:38:11,286 [WARN] PackLoader:240 - Cannot read IP mode file for STMicroelectronics.X-CUBE-STSE01.1.0.0
2025-12-26 10:38:11,292 [INFO] WebApp:191 - Connection restablished
2025-12-26 10:38:11,329 [WARN] PackLoader:240 - Cannot read IP mode file for STMicroelectronics.X-CUBE-TOF1.3.4.3
2025-12-26 10:38:11,338 [INFO] ThirdParty:978 - Integrity check success = true
2025-12-26 10:38:11,338 [INFO] IntegrityCheckThread:100 - exiting critical section [integrity check]
2025-12-26 10:38:11,338 [INFO] IntegrityCheckThread:103 - End integrity checks thread
2025-12-26 10:43:53,437 [ERROR] LogOutputStream:75 - [STDERR_REDIRECT] 
2025-12-26 10:44:05,068 [INFO] Activator:176 - 


2025-12-26 10:44:05,070 [INFO] Activator:177 - !SESSION log4j initialized
2025-12-26 10:44:09,403 [INFO] LogOutputStream:77 - [STDOUT_REDIRECT] 
2025-12-26 10:44:11,473 [INFO] ApplicationProperties:184 - Using Application install path: C:\ST\STM32CubeIDE_1.19.0\STM32CubeIDE\plugins\com.st.stm32cube.common.mx_6.15.0.202507011659
2025-12-26 10:44:11,489 [INFO] DbMcusXml:78 - Set database path to: C:\ST\STM32CubeIDE_1.19.0\STM32CubeIDE\plugins\com.st.stm32cube.common.mx_6.15.0.202507011659\\db\/mcu/
2025-12-26 10:44:11,489 [INFO] ApiDb:274 - Set plugin database path to: C:\ST\STM32CubeIDE_1.19.0\STM32CubeIDE\plugins\com.st.stm32cube.common.mx_6.15.0.202507011659\\db\/plugins/boardmanager/
2025-12-26 10:44:11,489 [WARN] ApiDb:259 - Overriding images path with different value:  => C:\ST\STM32CubeIDE_1.19.0\STM32CubeIDE\plugins\com.st.stm32cube.common.mx_6.15.0.202507011659\\db\/plugins/mcufinder/images/
2025-12-26 10:44:11,494 [INFO] ApiDb:250 - Set database path to: C:\Users\Admin\.stmcufinder\plugins\mcufinder//mcu/
2025-12-26 10:44:11,495 [INFO] DbMcusAds:125 - Set database path to: C:\Users\Admin\.stmcufinder\plugins\mcufinder//mcu/
2025-12-26 10:44:11,497 [INFO] CrossReferenceDbSqlite:203 - Set database path to: C:\Users\Admin\.stmcufinder\plugins\mcufinder//mcu/cs/
2025-12-26 10:44:11,622 [INFO] RulesReader:64 - Compatibility file has been processed (317 Rules)
2025-12-26 10:44:11,697 [INFO] DbMcusXml:78 - Set database path to: C:\ST\STM32CubeIDE_1.19.0\STM32CubeIDE\plugins\com.st.stm32cube.common.mx_6.15.0.202507011659\\db\/mcu/
2025-12-26 10:44:11,697 [INFO] ApiDb:274 - Set plugin database path to: C:\ST\STM32CubeIDE_1.19.0\STM32CubeIDE\plugins\com.st.stm32cube.common.mx_6.15.0.202507011659\\db\/plugins/boardmanager/
2025-12-26 10:44:11,698 [INFO] ApiDb:261 - Set plugin images path to: C:\ST\STM32CubeIDE_1.19.0\STM32CubeIDE\plugins\com.st.stm32cube.common.mx_6.15.0.202507011659\\db\/plugins/mcufinder/images/
2025-12-26 10:44:11,698 [WARN] DbFile:41 - Overriding database path with different value: C:\Users\Admin\.stmcufinder\plugins\mcufinder/ => C:\Users\Admin\.stmcufinder\plugins\mcufinder
2025-12-26 10:44:11,698 [INFO] ApiDb:250 - Set database path to: C:\Users\Admin\.stmcufinder\plugins\mcufinder//mcu/
2025-12-26 10:44:11,698 [WARN] DbFile:41 - Overriding database path with different value: C:\Users\Admin\.stmcufinder\plugins\mcufinder/ => C:\Users\Admin\.stmcufinder\plugins\mcufinder
2025-12-26 10:44:11,698 [INFO] DbMcusAds:125 - Set database path to: C:\Users\Admin\.stmcufinder\plugins\mcufinder//mcu/
2025-12-26 10:44:11,698 [WARN] DbFile:41 - Overriding database path with different value: C:\Users\Admin\.stmcufinder\plugins\mcufinder/ => C:\Users\Admin\.stmcufinder\plugins\mcufinder
2025-12-26 10:44:11,698 [WARN] DbFile:41 - Overriding database path with different value: C:\Users\Admin\.stmcufinder\plugins\mcufinder/ => C:\Users\Admin\.stmcufinder\plugins\mcufinder
2025-12-26 10:44:11,698 [INFO] CrossReferenceDbSqlite:203 - Set database path to: C:\Users\Admin\.stmcufinder\plugins\mcufinder//mcu/cs/
2025-12-26 10:44:11,797 [INFO] MainPanel:274 - HeapMemory: 268435456
2025-12-26 10:44:11,894 [INFO] DbMcusXml:78 - Set database path to: C:\ST\STM32CubeIDE_1.19.0\STM32CubeIDE\plugins\com.st.stm32cube.common.mx_6.15.0.202507011659\\db\/mcu/
2025-12-26 10:44:11,894 [INFO] ApiDb:274 - Set plugin database path to: C:\ST\STM32CubeIDE_1.19.0\STM32CubeIDE\plugins\com.st.stm32cube.common.mx_6.15.0.202507011659\\db\/plugins/boardmanager/
2025-12-26 10:44:11,894 [INFO] ApiDb:261 - Set plugin images path to: C:\ST\STM32CubeIDE_1.19.0\STM32CubeIDE\plugins\com.st.stm32cube.common.mx_6.15.0.202507011659\\db\/plugins/mcufinder/images/
2025-12-26 10:44:11,894 [WARN] DbFile:41 - Overriding database path with different value: C:\Users\Admin\.stmcufinder\plugins\mcufinder/ => C:\Users\Admin\.stmcufinder\plugins\mcufinder
2025-12-26 10:44:11,894 [INFO] ApiDb:250 - Set database path to: C:\Users\Admin\.stmcufinder\plugins\mcufinder//mcu/
2025-12-26 10:44:11,894 [WARN] DbFile:41 - Overriding database path with different value: C:\Users\Admin\.stmcufinder\plugins\mcufinder/ => C:\Users\Admin\.stmcufinder\plugins\mcufinder
2025-12-26 10:44:11,894 [INFO] DbMcusAds:125 - Set database path to: C:\Users\Admin\.stmcufinder\plugins\mcufinder//mcu/
2025-12-26 10:44:11,895 [WARN] DbFile:41 - Overriding database path with different value: C:\Users\Admin\.stmcufinder\plugins\mcufinder/ => C:\Users\Admin\.stmcufinder\plugins\mcufinder
2025-12-26 10:44:11,895 [WARN] DbFile:41 - Overriding database path with different value: C:\Users\Admin\.stmcufinder\plugins\mcufinder/ => C:\Users\Admin\.stmcufinder\plugins\mcufinder
2025-12-26 10:44:11,896 [INFO] CrossReferenceDbSqlite:203 - Set database path to: C:\Users\Admin\.stmcufinder\plugins\mcufinder//mcu/cs/
2025-12-26 10:44:11,912 [INFO] ApplicationProperties:184 - Using Application install path: C:\ST\STM32CubeIDE_1.19.0\STM32CubeIDE\plugins\com.st.stm32cube.common.mx_6.15.0.202507011659
2025-12-26 10:44:11,914 [INFO] PluginManage:196 - Search for loadable plugins [exclusion list=, ]
2025-12-26 10:44:11,914 [INFO] PluginManage:310 - Check plugin analytics
2025-12-26 10:44:12,130 [INFO] AnalyticsPlugin:253 - Accepted Software Licenses: 
2025-12-26 10:44:12,130 [INFO] AnalyticsPlugin:255 - Accepted CMSIS Pack Licenses: 
2025-12-26 10:44:12,130 [INFO] AnalyticsPlugin:257 - Accepted Firmware Licenses: FW.F4.1.28.0
2025-12-26 10:44:12,134 [INFO] PluginManage:359 - Loaded plugin analytics (category:tool,tabindex:-1)
2025-12-26 10:44:12,134 [INFO] PluginManage:310 - Check plugin cadmodel
2025-12-26 10:44:12,139 [INFO] CADModel:105 - Init CAD model plugin
2025-12-26 10:44:12,139 [INFO] PluginManage:359 - Loaded plugin cadmodel (category:power,tabindex:5)
2025-12-26 10:44:12,139 [INFO] PluginManage:310 - Check plugin clock
2025-12-26 10:44:12,149 [INFO] PluginManage:359 - Loaded plugin clock (category:base,tabindex:2)
2025-12-26 10:44:12,149 [INFO] PluginManage:310 - Check plugin ddr
2025-12-26 10:44:12,153 [INFO] PluginManage:359 - Loaded plugin ddr (category:tool,tabindex:6)
2025-12-26 10:44:12,153 [INFO] PluginManage:310 - Check plugin filemanager
2025-12-26 10:44:12,331 [INFO] PluginManage:359 - Loaded plugin filemanager (category:base,tabindex:10)
2025-12-26 10:44:12,332 [INFO] PluginManage:310 - Check plugin ipmanager
2025-12-26 10:44:12,340 [INFO] PluginManage:359 - Loaded plugin ipmanager (category:base,tabindex:5)
2025-12-26 10:44:12,340 [INFO] PluginManage:310 - Check plugin lpbam
2025-12-26 10:44:12,352 [INFO] PluginManage:359 - Loaded plugin lpbam (category:base,tabindex:0)
2025-12-26 10:44:12,352 [INFO] PluginManage:310 - Check plugin memorymap
2025-12-26 10:44:12,364 [INFO] PluginManage:359 - Loaded plugin memorymap (category:base,tabindex:4)
2025-12-26 10:44:12,364 [INFO] PluginManage:310 - Check plugin pinoutandconfiguration
2025-12-26 10:44:12,370 [INFO] PluginManage:359 - Loaded plugin pinoutandconfiguration (category:base,tabindex:1)
2025-12-26 10:44:12,371 [INFO] PluginManage:310 - Check plugin pinoutconfig
2025-12-26 10:44:12,465 [WARN] SupportedApi:132 - Cannot load RTOS API schema: s4s-elt-must-match.1: The content of 'definitions' must match (annotation?, (simpleType | complexType)?, (unique | key | keyref)*)). A problem was found starting at: attribute.
2025-12-26 10:44:12,601 [INFO] PluginManage:359 - Loaded plugin pinoutconfig (category:base,tabindex:0)
2025-12-26 10:44:12,601 [INFO] PluginManage:310 - Check plugin power
2025-12-26 10:44:12,609 [INFO] PluginManage:359 - Loaded plugin power (category:power,tabindex:4)
2025-12-26 10:44:12,609 [INFO] PluginManage:310 - Check plugin projectmanager
2025-12-26 10:44:12,630 [INFO] PluginManage:359 - Loaded plugin projectmanager (category:projectmanager,tabindex:4)
2025-12-26 10:44:12,630 [INFO] PluginManage:310 - Check plugin rif
2025-12-26 10:44:12,639 [INFO] PluginManage:359 - Loaded plugin rif (category:base,tabindex:3)
2025-12-26 10:44:12,640 [INFO] PluginManage:310 - Check plugin thirdparty
2025-12-26 10:44:12,806 [INFO] PluginManage:359 - Loaded plugin thirdparty (category:base,tabindex:-1)
2025-12-26 10:44:12,807 [INFO] PluginManage:310 - Check plugin tools
2025-12-26 10:44:12,807 [WARN] IntegrityCheckThread:84 - waiting for thirdparty lock release [integrity check]
2025-12-26 10:44:12,807 [INFO] IntegrityCheckThread:86 - entering critical section [integrity check]
2025-12-26 10:44:12,808 [INFO] ThirdPartyUpdaterWithRetryManager:70 - Updater plugin not ready yet. [1/15]
2025-12-26 10:44:12,811 [INFO] PluginManage:359 - Loaded plugin tools (category:base,tabindex:7)
2025-12-26 10:44:12,811 [INFO] PluginManage:310 - Check plugin tutovideos
2025-12-26 10:44:13,012 [INFO] PluginManage:359 - Loaded plugin tutovideos (category:base,tabindex:-1)
2025-12-26 10:44:13,012 [INFO] PluginManage:310 - Check plugin updater
2025-12-26 10:44:13,035 [INFO] PluginManage:359 - Loaded plugin updater (category:base,tabindex:12)
2025-12-26 10:44:13,035 [INFO] PluginManage:310 - Check plugin userauth
2025-12-26 10:44:13,042 [INFO] UserAuth:118 - Init User Auth plugin
2025-12-26 10:44:13,044 [INFO] PluginManage:359 - Loaded plugin userauth (category:base,tabindex:14)
2025-12-26 10:44:13,045 [INFO] PluginManage:283 - PluginManage : Loaded plugins [18]
2025-12-26 10:44:13,252 [INFO] PinOutPanel:1589 - setPackage(No Configuration,No Configuration)
2025-12-26 10:44:13,353 [INFO] CADModel:165 - CPN selected for project level
2025-12-26 10:44:13,353 [INFO] CADModel:114 - Register for checkConnection events
2025-12-26 10:44:13,374 [INFO] IPUIPlugin:80 - create IPUIPlugin
2025-12-26 10:44:13,374 [INFO] PluginManager:220 - loadIPPluginJar : add adc
2025-12-26 10:44:13,379 [INFO] IPUIPlugin:80 - create IPUIPlugin
2025-12-26 10:44:13,379 [INFO] PluginManager:220 - loadIPPluginJar : add aes
2025-12-26 10:44:13,382 [INFO] IPUIPlugin:80 - create IPUIPlugin
2025-12-26 10:44:13,383 [INFO] PluginManager:220 - loadIPPluginJar : add can
2025-12-26 10:44:13,384 [INFO] IPUIPlugin:80 - create IPUIPlugin
2025-12-26 10:44:13,384 [INFO] PluginManager:220 - loadIPPluginJar : add comp
2025-12-26 10:44:13,387 [INFO] IPUIPlugin:80 - create IPUIPlugin
2025-12-26 10:44:13,387 [INFO] PluginManager:220 - loadIPPluginJar : add cryp
2025-12-26 10:44:13,390 [INFO] IPUIPlugin:80 - create IPUIPlugin
2025-12-26 10:44:13,390 [INFO] PluginManager:220 - loadIPPluginJar : add ddr_ctrl_phy
2025-12-26 10:44:13,394 [INFO] IPUIPlugin:80 - create IPUIPlugin
2025-12-26 10:44:13,394 [INFO] PluginManager:220 - loadIPPluginJar : add dfsdm
2025-12-26 10:44:13,400 [INFO] IPUIPlugin:80 - create IPUIPlugin
2025-12-26 10:44:13,401 [INFO] PluginManager:220 - loadIPPluginJar : add dma
2025-12-26 10:44:13,404 [INFO] IPUIPlugin:80 - create IPUIPlugin
2025-12-26 10:44:13,404 [INFO] PluginManager:220 - loadIPPluginJar : add dma3
2025-12-26 10:44:13,408 [INFO] IPUIPlugin:80 - create IPUIPlugin
2025-12-26 10:44:13,408 [INFO] PluginManager:220 - loadIPPluginJar : add extmemmanager
2025-12-26 10:44:13,410 [INFO] IPUIPlugin:80 - create IPUIPlugin
2025-12-26 10:44:13,411 [INFO] PluginManager:220 - loadIPPluginJar : add fatfs
2025-12-26 10:44:13,416 [INFO] IPUIPlugin:80 - create IPUIPlugin
2025-12-26 10:44:13,416 [INFO] PluginManager:220 - loadIPPluginJar : add fmc
2025-12-26 10:44:13,423 [INFO] IPUIPlugin:80 - create IPUIPlugin
2025-12-26 10:44:13,423 [INFO] PluginManager:220 - loadIPPluginJar : add freertos
2025-12-26 10:44:13,425 [INFO] IPUIPlugin:80 - create IPUIPlugin
2025-12-26 10:44:13,425 [INFO] PluginManager:220 - loadIPPluginJar : add genericplugin
2025-12-26 10:44:13,429 [INFO] IPUIPlugin:80 - create IPUIPlugin
2025-12-26 10:44:13,429 [INFO] PluginManager:220 - loadIPPluginJar : add gfxmmu
2025-12-26 10:44:13,435 [INFO] IPUIPlugin:80 - create IPUIPlugin
2025-12-26 10:44:13,435 [INFO] PluginManager:220 - loadIPPluginJar : add gic
2025-12-26 10:44:13,438 [INFO] IPUIPlugin:80 - create IPUIPlugin
2025-12-26 10:44:13,439 [INFO] PluginManager:220 - loadIPPluginJar : add gpio
2025-12-26 10:44:13,442 [INFO] IPUIPlugin:80 - create IPUIPlugin
2025-12-26 10:44:13,442 [INFO] PluginManager:220 - loadIPPluginJar : add gtzc
2025-12-26 10:44:13,446 [INFO] IPUIPlugin:80 - create IPUIPlugin
2025-12-26 10:44:13,446 [INFO] PluginManager:220 - loadIPPluginJar : add hash
2025-12-26 10:44:13,449 [INFO] IPUIPlugin:80 - create IPUIPlugin
2025-12-26 10:44:13,449 [INFO] PluginManager:220 - loadIPPluginJar : add i2c
2025-12-26 10:44:13,452 [INFO] IPUIPlugin:80 - create IPUIPlugin
2025-12-26 10:44:13,452 [INFO] PluginManager:220 - loadIPPluginJar : add i2s
2025-12-26 10:44:13,457 [INFO] IPUIPlugin:80 - create IPUIPlugin
2025-12-26 10:44:13,457 [INFO] PluginManager:220 - loadIPPluginJar : add i3c
2025-12-26 10:44:13,461 [INFO] IPUIPlugin:80 - create IPUIPlugin
2025-12-26 10:44:13,462 [INFO] PluginManager:220 - loadIPPluginJar : add ipddr
2025-12-26 10:44:13,469 [INFO] IPUIPlugin:80 - create IPUIPlugin
2025-12-26 10:44:13,470 [INFO] PluginManager:220 - loadIPPluginJar : add linkedlist
2025-12-26 10:44:13,474 [INFO] IPUIPlugin:80 - create IPUIPlugin
2025-12-26 10:44:13,474 [INFO] PluginManager:220 - loadIPPluginJar : add lorawan
2025-12-26 10:44:13,477 [INFO] IPUIPlugin:80 - create IPUIPlugin
2025-12-26 10:44:13,477 [INFO] PluginManager:220 - loadIPPluginJar : add ltdc
2025-12-26 10:44:13,484 [INFO] IPUIPlugin:80 - create IPUIPlugin
2025-12-26 10:44:13,484 [INFO] PluginManager:220 - loadIPPluginJar : add mdma
2025-12-26 10:44:13,488 [INFO] IPUIPlugin:80 - create IPUIPlugin
2025-12-26 10:44:13,488 [INFO] PluginManager:220 - loadIPPluginJar : add nvic
2025-12-26 10:44:13,493 [INFO] IPUIPlugin:80 - create IPUIPlugin
2025-12-26 10:44:13,493 [INFO] PluginManager:220 - loadIPPluginJar : add opamp
2025-12-26 10:44:13,499 [INFO] IPUIPlugin:80 - create IPUIPlugin
2025-12-26 10:44:13,499 [INFO] PluginManager:220 - loadIPPluginJar : add openamp
2025-12-26 10:44:13,503 [INFO] IPUIPlugin:80 - create IPUIPlugin
2025-12-26 10:44:13,503 [INFO] PluginManager:220 - loadIPPluginJar : add pdm2pcm
2025-12-26 10:44:13,512 [INFO] IPUIPlugin:80 - create IPUIPlugin
2025-12-26 10:44:13,515 [INFO] PluginManager:220 - loadIPPluginJar : add plateformsettings
2025-12-26 10:44:13,516 [INFO] IPUIPlugin:80 - create IPUIPlugin
2025-12-26 10:44:13,517 [INFO] PluginManager:220 - loadIPPluginJar : add quadspi
2025-12-26 10:44:13,518 [INFO] IPUIPlugin:80 - create IPUIPlugin
2025-12-26 10:44:13,520 [INFO] PluginManager:220 - loadIPPluginJar : add radio
2025-12-26 10:44:13,522 [INFO] IPUIPlugin:80 - create IPUIPlugin
2025-12-26 10:44:13,523 [INFO] PluginManager:220 - loadIPPluginJar : add resmgrutility
2025-12-26 10:44:13,527 [INFO] IPUIPlugin:80 - create IPUIPlugin
2025-12-26 10:44:13,527 [INFO] PluginManager:220 - loadIPPluginJar : add sai
2025-12-26 10:44:13,529 [INFO] IPUIPlugin:80 - create IPUIPlugin
2025-12-26 10:44:13,529 [INFO] PluginManager:220 - loadIPPluginJar : add spi
2025-12-26 10:44:13,535 [INFO] IPUIPlugin:80 - create IPUIPlugin
2025-12-26 10:44:13,535 [INFO] PluginManager:220 - loadIPPluginJar : add stm32_wpan
2025-12-26 10:44:13,537 [INFO] IPUIPlugin:80 - create IPUIPlugin
2025-12-26 10:44:13,537 [INFO] PluginManager:220 - loadIPPluginJar : add tim
2025-12-26 10:44:13,540 [INFO] IPUIPlugin:80 - create IPUIPlugin
2025-12-26 10:44:13,540 [INFO] PluginManager:220 - loadIPPluginJar : add touchsensing
2025-12-26 10:44:13,543 [INFO] IPUIPlugin:80 - create IPUIPlugin
2025-12-26 10:44:13,544 [INFO] PluginManager:220 - loadIPPluginJar : add tracer_emb
2025-12-26 10:44:13,546 [INFO] IPUIPlugin:80 - create IPUIPlugin
2025-12-26 10:44:13,546 [INFO] PluginManager:220 - loadIPPluginJar : add ts
2025-12-26 10:44:13,548 [INFO] IPUIPlugin:80 - create IPUIPlugin
2025-12-26 10:44:13,548 [INFO] PluginManager:220 - loadIPPluginJar : add tsc
2025-12-26 10:44:13,550 [INFO] IPUIPlugin:80 - create IPUIPlugin
2025-12-26 10:44:13,551 [INFO] PluginManager:220 - loadIPPluginJar : add ucpd
2025-12-26 10:44:13,553 [INFO] IPUIPlugin:80 - create IPUIPlugin
2025-12-26 10:44:13,554 [INFO] PluginManager:220 - loadIPPluginJar : add usart
2025-12-26 10:44:13,557 [INFO] IPUIPlugin:80 - create IPUIPlugin
2025-12-26 10:44:13,557 [INFO] PluginManager:220 - loadIPPluginJar : add usbx
2025-12-26 10:44:13,696 [FATAL] Updater:351 - Updater called before beeing initialized
2025-12-26 10:44:13,761 [INFO] RulesReader:64 - Compatibility file has been processed (317 Rules)
2025-12-26 10:44:13,774 [INFO] RulesReader:64 - Compatibility file has been processed (317 Rules)
2025-12-26 10:44:13,788 [INFO] CADModel:165 - CPN selected for project level
2025-12-26 10:44:13,788 [INFO] CADModel:114 - Register for checkConnection events
2025-12-26 10:44:13,788 [FATAL] Updater:351 - Updater called before beeing initialized
2025-12-26 10:44:13,789 [ERROR] CADModel:125 - Updater not yet initialized, retry later 
2025-12-26 10:44:13,969 [FATAL] Updater:351 - Updater called before beeing initialized
2025-12-26 10:44:13,971 [INFO] CADModel:165 - CPN selected for project level
2025-12-26 10:44:13,971 [INFO] CADModel:114 - Register for checkConnection events
2025-12-26 10:44:13,971 [FATAL] Updater:351 - Updater called before beeing initialized
2025-12-26 10:44:13,971 [ERROR] CADModel:125 - Updater not yet initialized, retry later 
2025-12-26 10:44:13,974 [FATAL] Updater:351 - Updater called before beeing initialized
2025-12-26 10:44:14,102 [FATAL] Updater:351 - Updater called before beeing initialized
2025-12-26 10:44:14,106 [INFO] DbMcusAds:53 - JSON generation date=Tue Dec 16 04:41:46 IST 2025 (1765840306612)
2025-12-26 10:44:14,106 [FATAL] Updater:351 - Updater called before beeing initialized
2025-12-26 10:44:14,139 [WARN] DetailPanel:346 - Failed to get advertising image, set to default
2025-12-26 10:44:14,226 [FATAL] Updater:351 - Updater called before beeing initialized
2025-12-26 10:44:14,228 [FATAL] Updater:351 - Updater called before beeing initialized
2025-12-26 10:44:14,228 [FATAL] Updater:351 - Updater called before beeing initialized
2025-12-26 10:44:14,228 [WARN] DetailPanel:346 - Failed to get advertising image, set to default
2025-12-26 10:44:14,229 [FATAL] Updater:351 - Updater called before beeing initialized
2025-12-26 10:44:14,280 [ERROR] Updater:1198 - MainUpdater not yet initialized. External WinMGr cannot be set.
2025-12-26 10:44:14,282 [INFO] Updater:1134 - Updater Version found : 6.15.0
2025-12-26 10:44:14,297 [INFO] ApplicationProperties:184 - Using Application install path: C:\ST\STM32CubeIDE_1.19.0\STM32CubeIDE\plugins\com.st.stm32cube.common.mx_6.15.0.202507011659
2025-12-26 10:44:14,585 [INFO] MainUpdater:2872 - connection check result : 10
2025-12-26 10:44:14,586 [INFO] MainUpdater:289 - Updater Check For Update Now.
2025-12-26 10:44:14,586 [INFO] MicroXplorer:498 - Change Database Version : DB.6.0.150
2025-12-26 10:44:14,593 [INFO] McuFinderGlobals:63 - Set McuFinder mode to 2 (CubeIDE integrated)
2025-12-26 10:44:14,594 [INFO] UserAuth:171 - activating auth plugin
2025-12-26 10:44:14,598 [INFO] UserAuth:487 - Internet connection configuration mode: 1
2025-12-26 10:44:14,618 [INFO] JxBrowserEngine:152 - Initiate JxBrowser Engine with user profile folder
2025-12-26 10:44:14,791 [INFO] CheckServerUpdateThread:120 - End of CheckServer Thread
2025-12-26 10:44:15,324 [INFO] WebApp:169 - Instantiating new browser for Auth
2025-12-26 10:44:16,092 [WARN] PackLoader:240 - Cannot read IP mode file for STMicroelectronics.FP-SNS-MOTENVWB1.1.4.0
2025-12-26 10:44:16,108 [WARN] PackLoader:240 - Cannot read IP mode file for STMicroelectronics.FP-ATR-ASTRA1.2.0.2
2025-12-26 10:44:16,124 [WARN] PackLoader:240 - Cannot read IP mode file for STMicroelectronics.X-CUBE-SMBUS.2.1.0
2025-12-26 10:44:16,189 [WARN] PackLoader:240 - Cannot read IP mode file for STMicroelectronics.X-CUBE-AZRTOS-F7.1.1.0
2025-12-26 10:44:16,208 [WARN] PackLoader:240 - Cannot read IP mode file for STMicroelectronics.FP-SNS-MOTENV1.5.1.0
2025-12-26 10:44:16,236 [WARN] PackLoader:240 - Cannot read IP mode file for WES.I-CUBE-Cesium.1.4.0
2025-12-26 10:44:16,283 [WARN] PackLoader:240 - Cannot read IP mode file for STMicroelectronics.X-CUBE-AZRTOS-H7.3.4.0
2025-12-26 10:44:16,299 [INFO] WebApp:463 - Apply proxy settings
2025-12-26 10:44:16,299 [INFO] WebApp:548 - Chromium requires no authentication
2025-12-26 10:44:16,301 [WARN] PackLoader:240 - Cannot read IP mode file for STMicroelectronics.X-CUBE-DISPLAY.3.0.0
2025-12-26 10:44:16,319 [INFO] WebApp:491 - Direct internet connection detected
2025-12-26 10:44:16,323 [WARN] PackLoader:240 - Cannot read IP mode file for STMicroelectronics.X-CUBE-NFC10.1.0.0
2025-12-26 10:44:16,335 [WARN] PackLoader:240 - Cannot read IP mode file for STMicroelectronics.X-CUBE-ST60.1.1.0
2025-12-26 10:44:16,346 [WARN] PackLoader:240 - Cannot read IP mode file for emotas.I-CUBE-CANOPEN.1.3.0
2025-12-26 10:44:16,355 [WARN] PackLoader:240 - Cannot read IP mode file for STMicroelectronics.X-CUBE-GNSS1.7.1.0
2025-12-26 10:44:16,365 [INFO] WebApp:900 - Register for checkConnection events
2025-12-26 10:44:16,366 [INFO] WebApp:463 - Apply proxy settings
2025-12-26 10:44:16,366 [INFO] WebApp:548 - Chromium requires no authentication
2025-12-26 10:44:16,367 [INFO] WebApp:491 - Direct internet connection detected
2025-12-26 10:44:16,369 [WARN] PackLoader:240 - Cannot read IP mode file for STMicroelectronics.FP-SNS-STBOX1.2.1.0
2025-12-26 10:44:16,380 [WARN] PackLoader:240 - Cannot read IP mode file for STMicroelectronics.FP-SNS-SMARTAG2.1.2.0
2025-12-26 10:44:16,387 [WARN] PackLoader:240 - Cannot read IP mode file for STMicroelectronics.FP-SNS-FLIGHT1.5.1.0
2025-12-26 10:44:16,399 [INFO] LogOutputStream:77 - [STDOUT_REDIRECT] 1 : Invalid condition id : UX_CORESTACK_Condition cause : null
2025-12-26 10:44:16,400 [INFO] LogOutputStream:77 - [STDOUT_REDIRECT] 1 : Invalid condition id : UX_CORESTACK_Condition cause : null
2025-12-26 10:44:16,401 [INFO] LogOutputStream:77 - [STDOUT_REDIRECT] 1 : Invalid condition id : UX_CORESTACK_Condition cause : null
2025-12-26 10:44:16,403 [INFO] LogOutputStream:77 - [STDOUT_REDIRECT] 1 : Invalid condition id : UX_CORESTACK_Condition cause : null
2025-12-26 10:44:16,405 [INFO] LogOutputStream:77 - [STDOUT_REDIRECT] 1 : Invalid condition id : UX_CORESTACK_Condition cause : null
2025-12-26 10:44:16,411 [WARN] PackLoader:240 - Cannot read IP mode file for STMicroelectronics.X-CUBE-AZRTOS-WL.2.0.0
2025-12-26 10:44:16,444 [WARN] PackLoader:240 - Cannot read IP mode file for STMicroelectronics.X-CUBE-AZRTOS-H7RS.1.2.0
2025-12-26 10:44:16,455 [WARN] PackLoader:240 - Cannot read IP mode file for STMicroelectronics.X-CUBE-BLE2.3.3.0
2025-12-26 10:44:16,496 [WARN] PackLoader:240 - Cannot read IP mode file for Infineon.AIROC-Wi-Fi-Bluetooth-STM32.1.8.0
2025-12-26 10:44:16,513 [WARN] PackLoader:240 - Cannot read IP mode file for STMicroelectronics.X-CUBE-NFC9.1.0.0
2025-12-26 10:44:16,521 [WARN] PackLoader:240 - Cannot read IP mode file for STMicroelectronics.X-CUBE-BLE1.7.1.0
2025-12-26 10:44:16,530 [WARN] PackLoader:240 - Cannot read IP mode file for STMicroelectronics.X-CUBE-FREERTOS.1.4.0
2025-12-26 10:44:16,536 [WARN] PackLoader:240 - Cannot read IP mode file for STMicroelectronics.X-CUBE-EEPRMA1.5.2.0
2025-12-26 10:44:16,545 [WARN] PackLoader:240 - Cannot read IP mode file for Cesanta.I-CUBE-Mongoose.7.20.0
2025-12-26 10:44:16,551 [WARN] PackLoader:240 - Cannot read IP mode file for STMicroelectronics.X-CUBE-ST67W61.1.1.0
2025-12-26 10:44:16,600 [WARN] PackLoader:240 - Cannot read IP mode file for STMicroelectronics.X-CUBE-MEMS1.12.0.0
2025-12-26 10:44:16,685 [INFO] WebApp:225 - Starting web application
2025-12-26 10:44:16,685 [INFO] WebApp:593 - Web application path used C:\ST\STM32CubeIDE_1.19.0\STM32CubeIDE\plugins\com.st.stm32cube.common.mx_6.15.0.202507011659\db\plugins\mcufinder\reactClient1\index.html
2025-12-26 10:44:16,722 [WARN] PackLoader:240 - Cannot read IP mode file for STMicroelectronics.X-CUBE-AZRTOS-G0.1.1.0
2025-12-26 10:44:16,732 [WARN] PackLoader:240 - Cannot read IP mode file for STMicroelectronics.X-CUBE-NFC4.3.0.0
2025-12-26 10:44:16,753 [WARN] PackLoader:240 - Cannot read IP mode file for EmbeddedOffice.I-CUBE-FS-RTOS.1.0.1
2025-12-26 10:44:16,763 [WARN] PackLoader:240 - Cannot read IP mode file for STMicroelectronics.X-CUBE-WB05N.2.0.0
2025-12-26 10:44:16,772 [WARN] PackLoader:240 - Cannot read IP mode file for STMicroelectronics.X-CUBE-TCPP.4.2.0
2025-12-26 10:44:16,780 [WARN] PackLoader:240 - Cannot read IP mode file for RealThread.X-CUBE-RT-Thread_Nano.4.1.1
2025-12-26 10:44:16,786 [WARN] PackLoader:240 - Cannot read IP mode file for STMicroelectronics.FP-ATR-SIGFOX1.3.2.0
2025-12-26 10:44:16,795 [WARN] PackLoader:240 - Cannot read IP mode file for ITTIA_DB.I-CUBE-ITTIADB.8.9.0
2025-12-26 10:44:16,801 [WARN] PackLoader:240 - Cannot read IP mode file for STMicroelectronics.X-CUBE-AI.10.2.0
2025-12-26 10:44:16,842 [WARN] PackLoader:240 - Cannot read IP mode file for SEGGER.I-CUBE-embOS.1.3.1
2025-12-26 10:44:16,933 [WARN] PackLoader:240 - Cannot read IP mode file for STMicroelectronics.X-CUBE-ALGOBUILD.1.4.0
2025-12-26 10:44:16,940 [WARN] PackLoader:240 - Cannot read IP mode file for STMicroelectronics.X-CUBE-PM33A1.1.0.0
2025-12-26 10:44:16,963 [WARN] PackLoader:240 - Cannot read IP mode file for STMicroelectronics.X-CUBE-AZRTOS-F4.1.1.0
2025-12-26 10:44:16,975 [WARN] PackLoader:240 - Cannot read IP mode file for STMicroelectronics.X-CUBE-ISPU.2.1.0
2025-12-26 10:44:16,998 [WARN] PackLoader:240 - Cannot read IP mode file for STMicroelectronics.X-CUBE-IPS.3.2.0
2025-12-26 10:44:17,016 [WARN] PackLoader:240 - Cannot read IP mode file for STMicroelectronics.X-CUBE-NFC12.1.0.0
2025-12-26 10:44:17,039 [WARN] PackLoader:240 - Cannot read IP mode file for STMicroelectronics.X-CUBE-AZRTOS-L5.2.0.0
2025-12-26 10:44:17,055 [WARN] PackLoader:240 - Cannot read IP mode file for STMicroelectronics.X-CUBE-NFC6.3.1.0
2025-12-26 10:44:17,064 [WARN] PackLoader:240 - Cannot read IP mode file for STMicroelectronics.X-CUBE-TOUCHGFX.4.26.0
2025-12-26 10:44:17,071 [WARN] PackLoader:240 - Cannot read IP mode file for STMicroelectronics.FP-SNS-STAIOTCFT.1.0.0
2025-12-26 10:44:17,078 [WARN] PackLoader:240 - Cannot read IP mode file for STMicroelectronics.X-CUBE-DPower.1.3.0
2025-12-26 10:44:17,095 [WARN] ConditionMgr:438 - getConditionDescription Invalid condition id : LAN8742 Phy interface Condition cause : null
2025-12-26 10:44:17,096 [WARN] PackLoader:240 - Cannot read IP mode file for STMicroelectronics.X-CUBE-AZRTOS-L4.2.0.0
2025-12-26 10:44:17,097 [WARN] ConditionMgr:1044 - genDependencies : Invalid condition id : LAN8742 Phy interface Condition cause : null
2025-12-26 10:44:17,097 [WARN] ConditionMgr:1044 - genDependencies : Invalid condition id : LAN8742 Phy interface Condition cause : null
2025-12-26 10:44:17,098 [WARN] ConditionMgr:1044 - genDependencies : Invalid condition id : LAN8742 Phy interface Condition cause : null
2025-12-26 10:44:17,107 [WARN] PackLoader:240 - Cannot read IP mode file for STMicroelectronics.X-CUBE-SFXS2LP1.4.0.0
2025-12-26 10:44:17,127 [WARN] PackLoader:240 - Cannot read IP mode file for STMicroelectronics.X-CUBE-BLEMGR.4.1.0
2025-12-26 10:44:17,142 [WARN] ConditionMgr:438 - getConditionDescription Invalid condition id : UX DEVICE CLASS RTOS Condition cause : null
2025-12-26 10:44:17,144 [WARN] ConditionMgr:438 - getConditionDescription Invalid condition id : UX DEVICE CLASS RTOS Condition cause : null
2025-12-26 10:44:17,146 [WARN] PackLoader:240 - Cannot read IP mode file for STMicroelectronics.X-CUBE-AZRTOS-WB.2.0.0
2025-12-26 10:44:17,147 [WARN] ConditionMgr:1044 - genDependencies : Invalid condition id : UX DEVICE CLASS RTOS Condition cause : null
2025-12-26 10:44:17,147 [WARN] ConditionMgr:1044 - genDependencies : Invalid condition id : UX DEVICE CLASS RTOS Condition cause : null
2025-12-26 10:44:17,147 [WARN] ConditionMgr:1044 - genDependencies : Invalid condition id : UX DEVICE CLASS RTOS Condition cause : null
2025-12-26 10:44:17,148 [WARN] ConditionMgr:1044 - genDependencies : Invalid condition id : UX DEVICE CLASS RTOS Condition cause : null
2025-12-26 10:44:17,148 [WARN] ConditionMgr:1044 - genDependencies : Invalid condition id : UX DEVICE CLASS RTOS Condition cause : null
2025-12-26 10:44:17,153 [WARN] ConditionMgr:438 - getConditionDescription Invalid condition id : Cortex-A Device cause : null
2025-12-26 10:44:17,171 [WARN] ConditionMgr:1044 - genDependencies : Invalid condition id : Cortex-A Device cause : null
2025-12-26 10:44:17,171 [WARN] ConditionMgr:1044 - genDependencies : Invalid condition id : Cortex-A Device cause : null
2025-12-26 10:44:17,171 [WARN] ConditionMgr:1044 - genDependencies : Invalid condition id : Cortex-A Device cause : null
2025-12-26 10:44:17,183 [WARN] PackLoader:240 - Cannot read IP mode file for STMicroelectronics.X-CUBE-SUBG2.5.0.0
2025-12-26 10:44:17,205 [WARN] PackLoader:240 - Cannot read IP mode file for STMicroelectronics.X-CUBE-AZRTOS-G4.2.0.0
2025-12-26 10:44:17,214 [WARN] PackLoader:240 - Cannot read IP mode file for STMicroelectronics.X-CUBE-NFC7.2.0.0
2025-12-26 10:44:17,223 [WARN] PackLoader:240 - Cannot read IP mode file for STMicroelectronics.X-CUBE-ALS.1.0.2
2025-12-26 10:44:17,234 [WARN] PackLoader:240 - Cannot read IP mode file for STMicroelectronics.X-CUBE-STSE01.1.0.0
2025-12-26 10:44:17,252 [WARN] PackLoader:240 - Cannot read IP mode file for STMicroelectronics.X-CUBE-TOF1.3.4.3
2025-12-26 10:44:17,264 [INFO] ThirdParty:978 - Integrity check success = true
2025-12-26 10:44:17,264 [INFO] IntegrityCheckThread:100 - exiting critical section [integrity check]
2025-12-26 10:44:17,264 [INFO] IntegrityCheckThread:103 - End integrity checks thread
2025-12-26 10:44:18,041 [INFO] WebApp:191 - Connection restablished
2025-12-26 10:44:19,044 [INFO] McuFinderGlobals:63 - Set McuFinder mode to 2 (CubeIDE integrated)
2025-12-26 10:44:19,085 [INFO] MainUpdater:2872 - connection check result : 10
2025-12-26 10:44:19,861 [INFO] ApiDb:581 - Connected to CubeFinder SQLite database (C:\Users\Admin\.stmcufinder\plugins\mcufinder\mcu\cube-finder-db.db)
2025-12-26 10:44:19,971 [INFO] ApiDb:668 - CubeFinder database Data Model version=2.1
2025-12-26 10:44:19,971 [INFO] ApiDb:669 - CubeFinder database Configuration version=3.0.39
2025-12-26 10:44:19,972 [INFO] ApiDb:670 - CubeFinder database generation date=2025-11-05 (1762334721)
2025-12-26 10:44:19,972 [INFO] ApiDb:671 - CubeFinder database FW Pack versions=[FP-ATR-ASTRA1_V2.0.0, FP-SNS-FLIGHT1_V5.1.0, FP-SNS-MOTENV1_V5.1.0, FP-SNS-MOTENVWB1_V1.4.0, FP-SNS-SMARTAG2_V1.2.0, FP-SNS-STBOX1_V2.1.0, STM32Cube_FW_C0_V1.4.0, STM32Cube_FW_F4_V1.28.3, STM32Cube_FW_F7_V1.17.4, STM32Cube_FW_G0_V1.6.2, STM32Cube_FW_G4_V1.6.1, STM32Cube_FW_H5_V1.5.1, STM32Cube_FW_H7RS_V1.3.0, STM32Cube_FW_H7_V1.12.1, STM32Cube_FW_L0_V1.12.2, STM32Cube_FW_L4_V1.18.1, STM32Cube_FW_L5_V1.6.0, STM32Cube_FW_N6_V1.3.0, STM32Cube_FW_U0_V1.3.0, STM32Cube_FW_U3_V1.2.1, STM32Cube_FW_U5_V1.8.0, STM32Cube_FW_WB0_V1.4.0, STM32Cube_FW_WBA_V1.8.0, STM32Cube_FW_WB_V1.24.0, STM32Cube_FW_WL3_V1.3.0, STM32Cube_FW_WL_V1.4.0, X-CUBE-ALGOBUILD_V1.4.0, X-CUBE-ALS_V1.0.2, X-CUBE-AZRTOS-F4_V1.1.0, X-CUBE-AZRTOS-F7_V1.1.0, X-CUBE-AZRTOS-G0_V1.1.0, X-CUBE-AZRTOS-G4_V2.0.0, X-CUBE-AZRTOS-H7RS_V1.1.0, X-CUBE-AZRTOS-H7_V3.4.0, X-CUBE-AZRTOS-L4_V2.0.0, X-CUBE-AZRTOS-L5_V2.0.0, X-CUBE-AZRTOS-WB_V2.0.0, X-CUBE-AZRTOS-WL_V2.0.0, X-CUBE-BLE1_V7.1.0, X-CUBE-BLE2_V3.3.0, X-CUBE-BLEMGR_V4.1.0, X-CUBE-EEPRMA1_V5.2.0, X-CUBE-FREERTOS_V1.3.1, X-CUBE-GNSS1_V6.0.0, X-CUBE-MEMS1_V11.3.0, X-CUBE-NFC4_V3.0.0, X-CUBE-NFC7_V2.0.0, X-CUBE-SFXS2LP1_V4.0.0, X-CUBE-ST67W61_V1.1.0, X-CUBE-SUBG2_V5.0.0, X-CUBE-TOF1_V3.4.3]
2025-12-26 10:44:23,045 [INFO] ApiDb:240 - Found 880 in-development CPN: [B-G473E-ZEST1S, B-WB1M-WPAN1, B-WBA5M-WPAN, B-WL5M-SUBG1, NUCLEO-C031C6, NUCLEO-C051C8, NUCLEO-C071RB, NUCLEO-C092RC, NUCLEO-H503RB, NUCLEO-H533RE, NUCLEO-H563ZI, NUCLEO-H7S3L8, NUCLEO-N657X0-Q, NUCLEO-U031R8, NUCLEO-U083RC, NUCLEO-U385RG-Q, NUCLEO-U545RE-Q, NUCLEO-U5A5ZJ-Q, NUCLEO-WB05KZ, NUCLEO-WB07CC, NUCLEO-WB09KE, NUCLEO-WBA52CG, NUCLEO-WBA55CG, NUCLEO-WL33CC1, NUCLEO-WL33CC2, STEVAL-PROTEUS1, STEVAL-SMARTAG2, STEVAL-STWINBX1, STM320518-EVAL, STM32C0116-DK, STM32C011D6Y3TR, STM32C011D6Y6TR, STM32C011F4P3, STM32C011F4P6, STM32C011F4U3, STM32C011F4U6TR, STM32C011F6P3, STM32C011F6P6, STM32C011F6U3, STM32C011F6U6TR, STM32C011J4M3, STM32C011J4M6, STM32C011J6M3, STM32C011J6M6, STM32C0316-DK, STM32C031C4T3, STM32C031C4T6, STM32C031C4U3, STM32C031C4U6, STM32C031C6T3, STM32C031C6T6, STM32C031C6U3, STM32C031C6U6, STM32C031F4P3, STM32C031F4P6, STM32C031F6P3, STM32C031F6P6, STM32C031G4U3, STM32C031G4U6, STM32C031G6U3, STM32C031G6U6, STM32C031K4T3, STM32C031K4T6, STM32C031K4U3, STM32C031K4U6, STM32C031K6T3, STM32C031K6T6, STM32C031K6U3, STM32C031K6U6, STM32C051C6T6, STM32C051C6U6, STM32C051C8T6, STM32C051C8U6, STM32C051D8Y6TR, STM32C051F6P6, STM32C051F8P6, STM32C051G6U6, STM32C051G8U6, STM32C051K6T6, STM32C051K6U6, STM32C051K8T6, STM32C071C8T6, STM32C071C8T6N, STM32C071C8U6, STM32C071C8U6N, STM32C071CBT6, STM32C071CBT6N, STM32C071CBU6, STM32C071CBU6N, STM32C071F8P6, STM32C071F8P6N, STM32C071FBP6, STM32C071FBP6N, STM32C071FBY6TR, STM32C071G8U6, STM32C071G8U6N, STM32C071GBU6, STM32C071GBU6N, STM32C071K8T6, STM32C071K8T6N, STM32C071K8U6, STM32C071K8U6N, STM32C071KBT6, STM32C071KBT6N, STM32C071KBU6, STM32C071KBU6N, STM32C071R8T6, STM32C071R8T6N, STM32C071RBI6N, STM32C071RBT6, STM32C071RBT6N, STM32C091CBT6, STM32C091CBU6, STM32C091CCT6, STM32C091CCU6, STM32C091ECY6TR, STM32C091FBP6, STM32C091FCP6, STM32C091GBU6, STM32C091GCU6, STM32C091KBT6, STM32C091KBU6, STM32C091KCT6, STM32C091KCU6, STM32C091RBT6, STM32C091RCI6, STM32C091RCT6, STM32C092CBT6, STM32C092CBU6, STM32C092CCT6, STM32C092CCU6, STM32C092ECY6TR, STM32C092FBP6, STM32C092FCP6, STM32C092GBU6, STM32C092GCU6, STM32C092KBT6, STM32C092KBU6, STM32C092KCT6, STM32C092KCU6, STM32C092RBT6, STM32C092RCI6, STM32C092RCT6, STM32G071K8TXN, STM32G071K8UXN, STM32G081GBU6N, STM32G081KBT6N, STM32G081KBUXN, STM32G0B1CCT6N, STM32G0B1KCT6, STM32G0B1NEY6TR, STM32G0B1RCT6N, STM32G0C1CCT6, STM32G0C1CCT6N, STM32G0C1CCU6N, STM32G0C1CET6N, STM32G0C1CEU6N, STM32G0C1KCT6, STM32G0C1NEY6TR, STM32G0C1RCI6N, STM32G0C1RCT6N, STM32G0C1REI6N, STM32G0C1RET6N, STM32G0C1VCI6, STM32G0C1VEI6, STM32G411C6T3, STM32G411C6T6, STM32G411C6U3, STM32G411C6U6, STM32G411C8T3, STM32G411C8T6, STM32G411C8U3, STM32G411C8U6, STM32G411CBT3, STM32G411CBT6, STM32G411CBU3, STM32G411CBU6, STM32G411K6T3, STM32G411K6T6, STM32G411K6U3, STM32G411K6U6, STM32G411K8T3, STM32G411K8T6, STM32G411K8U3, STM32G411K8U6, STM32G411KBT3, STM32G411KBT6, STM32G411KBU3, STM32G411KBU6, STM32G411M6T3, STM32G411M6T6, STM32G411M8T3, STM32G411M8T6, STM32G411MBT3, STM32G411MBT6, STM32G411R6T3, STM32G411R6T6, STM32G411R8T3, STM32G411R8T6, STM32G411RBT3, STM32G411RBT6, STM32G414CBT3, STM32G414CBT6, STM32G414CBU3, STM32G414CBU6, STM32G414CCT3, STM32G414CCT6, STM32G414CCU3, STM32G414CCU6, STM32G414MBT3, STM32G414MBT6, STM32G414MCT3, STM32G414MCT6, STM32G414RBT3, STM32G414RBT6, STM32G414RCT3, STM32G414RCT6, STM32G414VBT3, STM32G414VBT6, STM32G414VCT3, STM32G414VCT6, STM32G431CBT3Z, STM32G431RBT3Z, STM32G471CCT6, STM32G471CCU6, STM32G471CET3, STM32G471CET6, STM32G471CEU3, STM32G471CEU6, STM32G471MCT6, STM32G471MET3, STM32G471MET6, STM32G471MEY6TR, STM32G471QCT6, STM32G471QET3, STM32G471RCT6, STM32G471RET3, STM32G471RET6, STM32G471VCH6, STM32G471VCI6, STM32G471VCT6, STM32G471VEH3, STM32G471VEH6, STM32G471VEI3, STM32G471VEI6, STM32G471VET3, STM32G471VET6, STM32G473QET3Z, STM32G473RET3Z, STM32G474CCT6, STM32G491RET3Z, STM32H503CBT6, STM32H503CBU6, STM32H503EBY6TR, STM32H503KBU6, STM32H503RBT6, STM32H523CCT6, STM32H523CCU6, STM32H523CET6, STM32H523CEU6, STM32H523HEY6TR, STM32H523RCT6, STM32H523RET6, STM32H523VCI6, STM32H523VCT6, STM32H523VEI6, STM32H523VET6, STM32H523ZCJ6, STM32H523ZCT6, STM32H523ZEJ6, STM32H523ZET6, STM32H533CET6, STM32H533CEU6, STM32H533HEY6TR, STM32H533RET6, STM32H533VEI6, STM32H533VET6, STM32H533ZEJ6, STM32H533ZET6, STM32H562AGI6, STM32H562AII6, STM32H562IGK6, STM32H562IGT6, STM32H562IIK6, STM32H562IIT6, STM32H562RGT6, STM32H562RGV6, STM32H562RIT6, STM32H562RIV6, STM32H562VGT6, STM32H562VIT6, STM32H562ZGT6, STM32H562ZIT6, STM32H563AGI6, STM32H563AII3Q, STM32H563AII6, STM32H563IGK6, STM32H563IGT6, STM32H563IIK3Q, STM32H563IIK6, STM32H563IIT3Q, STM32H563IIT6, STM32H563MIY3QTR, STM32H563RGT6, STM32H563RGV6, STM32H563RIT6, STM32H563RIV6, STM32H563VGT6, STM32H563VIT3Q, STM32H563VIT6, STM32H563ZGT6, STM32H563ZIT3Q, STM32H563ZIT6, STM32H573AII3Q, STM32H573AII6, STM32H573I-DK, STM32H573IIK3Q, STM32H573IIK6, STM32H573IIT3Q, STM32H573IIT6, STM32H573MIY3QTR, STM32H573RIT6, STM32H573RIV6, STM32H573VIT3Q, STM32H573VIT6, STM32H573ZIT3Q, STM32H573ZIT6, STM32H7R3A8I6, STM32H7R3I8K6, STM32H7R3I8T6, STM32H7R3L8H6, STM32H7R3L8H6H, STM32H7R3R8V6, STM32H7R3V8H6, STM32H7R3V8T6, STM32H7R3V8Y6TR, STM32H7R3Z8J6, STM32H7R3Z8T6, STM32H7R7A8I6, STM32H7R7I8K6, STM32H7R7I8T6, STM32H7R7L8H6, STM32H7R7L8H6H, STM32H7R7Z8J6, STM32H7S3A8I6, STM32H7S3I8K6, STM32H7S3I8T6, STM32H7S3L8H6, STM32H7S3L8H6H, STM32H7S3R8V6, STM32H7S3V8H6, STM32H7S3V8T6, STM32H7S3V8Y6TR, STM32H7S3Z8J6, STM32H7S3Z8T6, STM32H7S78-DK, STM32H7S7A8I6, STM32H7S7I8K6, STM32H7S7I8T6, STM32H7S7L8H6, STM32H7S7L8H6H, STM32H7S7Z8J6, STM32L4R5QGI6STR, STM32MP131AAE3, STM32MP131AAF3, STM32MP131AAG3, STM32MP131CAE3, STM32MP131CAF3, STM32MP131CAG3, STM32MP131DAE7, STM32MP131DAF7, STM32MP131DAG7, STM32MP131FAE7, STM32MP131FAF7, STM32MP131FAG7, STM32MP133AAE3, STM32MP133AAF3, STM32MP133AAG3, STM32MP133CAE3, STM32MP133CAF3, STM32MP133CAG3, STM32MP133DAE7, STM32MP133DAF7, STM32MP133DAG7, STM32MP133FAE7, STM32MP133FAF7, STM32MP133FAG7, STM32MP135AAE3, STM32MP135AAF3, STM32MP135AAG3, STM32MP135CAE3, STM32MP135CAF3, STM32MP135CAG3, STM32MP135DAE7, STM32MP135DAF7, STM32MP135DAG7, STM32MP135F-DK, STM32MP135FAE7, STM32MP135FAF7, STM32MP135FAF7T, STM32MP135FAF7U, STM32MP135FAG7, STM32MP211AAL3, STM32MP211AAM3, STM32MP211AAN3, STM32MP211AAO3, STM32MP211CAL3, STM32MP211CAM3, STM32MP211CAN3, STM32MP211CAO3, STM32MP211DAL3, STM32MP211DAM3, STM32MP211DAN3, STM32MP211DAO3, STM32MP211FAL3, STM32MP211FAM3, STM32MP211FAN3, STM32MP211FAO3, STM32MP213AAL3, STM32MP213AAM3, STM32MP213AAN3, STM32MP213AAO3, STM32MP213CAL3, STM32MP213CAM3, STM32MP213CAN3, STM32MP213CAO3, STM32MP213DAL3, STM32MP213DAM3, STM32MP213DAN3, STM32MP213DAO3, STM32MP213FAL3, STM32MP213FAM3, STM32MP213FAN3, STM32MP213FAO3, STM32MP215AAL3, STM32MP215AAM3, STM32MP215AAN3, STM32MP215AAO3, STM32MP215CAL3, STM32MP215CAM3, STM32MP215CAN3, STM32MP215CAO3, STM32MP215DAL3, STM32MP215DAM3, STM32MP215DAN3, STM32MP215DAO3, STM32MP215F-DK, STM32MP215FAL3, STM32MP215FAM3, STM32MP215FAN3, STM32MP215FAO3, STM32MP231AAJ3, STM32MP231AAK3, STM32MP231AAL3, STM32MP231CAJ3, STM32MP231CAK3, STM32MP231CAL3, STM32MP231DAJ3, STM32MP231DAK3, STM32MP231DAL3, STM32MP231FAJ3, STM32MP231FAK3, STM32MP231FAL3, STM32MP233AAJ3, STM32MP233AAK3, STM32MP233AAL3, STM32MP233CAJ3, STM32MP233CAK3, STM32MP233CAL3, STM32MP233DAJ3, STM32MP233DAK3, STM32MP233DAL3, STM32MP233FAJ3, STM32MP233FAK3, STM32MP233FAL3, STM32MP235AAJ3, STM32MP235AAK3, STM32MP235AAL3, STM32MP235CAJ3, STM32MP235CAK3, STM32MP235CAL3, STM32MP235DAJ3, STM32MP235DAK3, STM32MP235DAL3, STM32MP235FAJ3, STM32MP235FAK3, STM32MP235FAL3, STM32MP251AAI3, STM32MP251AAK3, STM32MP251AAL3, STM32MP251CAI3, STM32MP251CAK3, STM32MP251CAL3, STM32MP251DAI3, STM32MP251DAK3, STM32MP251DAL3, STM32MP251FAI3, STM32MP251FAK3, STM32MP251FAL3, STM32MP253AAI3, STM32MP253AAK3, STM32MP253AAL3, STM32MP253CAI3, STM32MP253CAK3, STM32MP253CAL3, STM32MP253DAI3, STM32MP253DAK3, STM32MP253DAL3, STM32MP253FAI3, STM32MP253FAK3, STM32MP253FAL3, STM32MP255AAI3, STM32MP255AAK3, STM32MP255AAL3, STM32MP255CAI3, STM32MP255CAK3, STM32MP255CAL3, STM32MP255DAI3, STM32MP255DAK3, STM32MP255DAL3, STM32MP255FAI3, STM32MP255FAK3, STM32MP255FAL3, STM32MP257AAI3, STM32MP257AAK3, STM32MP257AAL3, STM32MP257CAI3, STM32MP257CAK3, STM32MP257CAL3, STM32MP257DAI3, STM32MP257DAK3, STM32MP257DAL3, STM32MP257F-DK, STM32MP257F-EV1, STM32MP257FAI3, STM32MP257FAK3, STM32MP257FAL3, STM32N645A0H3Q, STM32N645B0H3Q, STM32N645I0H3Q, STM32N645L0H3Q, STM32N645X0H3Q, STM32N645Z0H3Q, STM32N647A0H3Q, STM32N647B0H3Q, STM32N647I0H3Q, STM32N647L0H3Q, STM32N647X0H3Q, STM32N647Z0H3Q, STM32N655A0H3Q, STM32N655B0H3Q, STM32N655I0H3Q, STM32N655L0H3Q, STM32N655X0H3Q, STM32N655Z0H3Q, STM32N6570-DK, STM32N657A0H3Q, STM32N657B0H3Q, STM32N657I0H3Q, STM32N657L0H3Q, STM32N657X0H3Q, STM32N657Z0H3Q, STM32U031C6T6, STM32U031C6U6, STM32U031C8T6, STM32U031C8U6, STM32U031F4P6, STM32U031F6P6, STM32U031F8P6, STM32U031G6Y6TR, STM32U031G8Y6TR, STM32U031K4U6, STM32U031K6U6, STM32U031K8U6, STM32U031R6I6, STM32U031R6T6, STM32U031R8I6, STM32U031R8T6, STM32U073C8T6, STM32U073C8U6, STM32U073CBT6, STM32U073CBU6, STM32U073CCT6, STM32U073CCU6, STM32U073H8Y6TR, STM32U073HBY6TR, STM32U073HCY6TR, STM32U073K8U6, STM32U073KBU6, STM32U073KCU6, STM32U073M8I6, STM32U073M8T6, STM32U073MBI6, STM32U073MBT6, STM32U073MCI6, STM32U073MCT6, STM32U073R8I6, STM32U073R8T6, STM32U073RBI6, STM32U073RBT6, STM32U073RCI6, STM32U073RCT6, STM32U083C-DK, STM32U083CCT6, STM32U083CCU6, STM32U083HCY6TR, STM32U083KCU6, STM32U083MCI6, STM32U083MCT6, STM32U083RCI6, STM32U083RCT6, STM32U375CET6, STM32U375CET6Q, STM32U375CEU6, STM32U375CEU6Q, STM32U375CEY6QTR, STM32U375CGT6, STM32U375CGT6Q, STM32U375CGU6, STM32U375CGU6Q, STM32U375CGY6QTR, STM32U375KEU6, STM32U375KGU6, STM32U375REI6, STM32U375REI6Q, STM32U375RET6, STM32U375RET6Q, STM32U375REY6GTR, STM32U375REY6QTR, STM32U375RGI6, STM32U375RGI6Q, STM32U375RGT6, STM32U375RGT6Q, STM32U375RGY6GTR, STM32U375RGY6QTR, STM32U375VEI6, STM32U375VEI6Q, STM32U375VET6, STM32U375VET6Q, STM32U375VGI6, STM32U375VGI6Q, STM32U375VGT6, STM32U375VGT6Q, STM32U385CGT6, STM32U385CGT6Q, STM32U385CGU6, STM32U385CGU6Q, STM32U385CGY6QTR, STM32U385KGU6, STM32U385RGI6, STM32U385RGI6Q, STM32U385RGT6, STM32U385RGT6Q, STM32U385RGY6GTR, STM32U385RGY6QTR, STM32U385VGI6, STM32U385VGI6Q, STM32U385VGT6, STM32U385VGT6Q, STM32U535CBT6, STM32U535CBT6Q, STM32U535CBU6, STM32U535CBU6Q, STM32U535CCT6, STM32U535CCT6Q, STM32U535CCU6, STM32U535CCU6Q, STM32U535CET6, STM32U535CET6Q, STM32U535CEU6, STM32U535CEU6Q, STM32U535JEY6QTR, STM32U535NCY6QTR, STM32U535NEY6QTR, STM32U535RBI6, STM32U535RBI6Q, STM32U535RBT6, STM32U535RBT6Q, STM32U535RCI6, STM32U535RCI6Q, STM32U535RCT6, STM32U535RCT6Q, STM32U535REI6, STM32U535REI6Q, STM32U535RET6, STM32U535RET6Q, STM32U535VCI6, STM32U535VCI6Q, STM32U535VCT6, STM32U535VCT6Q, STM32U535VEI6, STM32U535VEI6Q, STM32U535VET6, STM32U535VET6Q, STM32U545CET6, STM32U545CET6Q, STM32U545CEU6, STM32U545CEU6Q, STM32U545JEY6QTR, STM32U545NEY6QTR, STM32U545REI6, STM32U545REI6Q, STM32U545RET6, STM32U545RET6Q, STM32U545VEI6, STM32U545VEI6Q, STM32U545VET6, STM32U545VET6Q, STM32U595AIH6, STM32U595AIH6Q, STM32U595AJH6, STM32U595AJH6Q, STM32U595QII6, STM32U595QII6Q, STM32U595QJI6, STM32U595QJI6Q, STM32U595RIT6, STM32U595RIT6Q, STM32U595RJT6, STM32U595RJT6Q, STM32U595VIT6, STM32U595VIT6Q, STM32U595VJT6, STM32U595VJT6Q, STM32U595ZIT6, STM32U595ZIT6Q, STM32U595ZIY6QTR, STM32U595ZJT6, STM32U595ZJT6Q, STM32U595ZJY6QTR, STM32U599BJY6QTR, STM32U599NIH6Q, STM32U599NJH6Q, STM32U599VIT6Q, STM32U599VJT6, STM32U599VJT6Q, STM32U599ZIT6Q, STM32U599ZIY6QTR, STM32U599ZJT6Q, STM32U599ZJY6QTR, STM32U5A5AJH6, STM32U5A5AJH6Q, STM32U5A5QII3Q , STM32U5A5QJI6, STM32U5A5QJI6Q, STM32U5A5RJT6, STM32U5A5RJT6Q, STM32U5A5VJT6, STM32U5A5VJT6Q, STM32U5A5ZJT6, STM32U5A5ZJT6Q, STM32U5A5ZJY6QTR, STM32U5A9BJY6QTR, STM32U5A9J-DK, STM32U5A9NJH6Q, STM32U5A9VJT6Q, STM32U5A9ZJT6Q, STM32U5A9ZJY6QTR, STM32U5F7VIT6, STM32U5F7VIT6Q, STM32U5F7VJT6, STM32U5F7VJT6Q, STM32U5F9BJY6QTR, STM32U5F9NJH6Q, STM32U5F9VIT6Q, STM32U5F9VJT6Q, STM32U5F9ZIJ6QTR, STM32U5F9ZIT6Q, STM32U5F9ZJJ6QTR, STM32U5F9ZJT6Q, STM32U5G7VJT6, STM32U5G7VJT6Q, STM32U5G9BJY6QTR, STM32U5G9J-DK1, STM32U5G9J-DK2, STM32U5G9NJH6Q, STM32U5G9VJT6Q, STM32U5G9ZJJ6QTR, STM32U5G9ZJT6Q, STM32WB05KZV6TR, STM32WB05KZV7TR, STM32WB05TZF6TR, STM32WB05TZF7TR, STM32WB06CCF6TR, STM32WB06CCF7TR, STM32WB06CCV6TR, STM32WB06CCV7TR, STM32WB06KCV6TR, STM32WB06KCV7TR, STM32WB07CCF6TR, STM32WB07CCF7TR, STM32WB07CCV6TR, STM32WB07CCV7TR, STM32WB07KCV6TR, STM32WB07KCV7TR, STM32WB09KEV6TR, STM32WB09KEV7TR, STM32WB09TEF6TR, STM32WB09TEF7TR, STM32WB1MMCH6, STM32WBA50KGU6, STM32WBA50KGU6TR, STM32WBA52CEU6, STM32WBA52CEU6TR, STM32WBA52CEU7, STM32WBA52CEU7TR, STM32WBA52CGU6, STM32WBA52CGU6TR, STM32WBA52CGU6U, STM32WBA52CGU7, STM32WBA52CGU7TR, STM32WBA52KEU6, STM32WBA52KEU6TR, STM32WBA52KGU6, STM32WBA52KGU6TR, STM32WBA54CEU6, STM32WBA54CEU6TR, STM32WBA54CEU7, STM32WBA54CEU7TR, STM32WBA54CGU6, STM32WBA54CGU6TR, STM32WBA54CGU7, STM32WBA54CGU7TR, STM32WBA54KEU6, STM32WBA54KEU6TR, STM32WBA54KEU7, STM32WBA54KEU7TR, STM32WBA54KGU6, STM32WBA54KGU6TR, STM32WBA54KGU7, STM32WBA54KGU7TR, STM32WBA55CEU6, STM32WBA55CEU6TR, STM32WBA55CEU7, STM32WBA55CEU7TR, STM32WBA55CGU6, STM32WBA55CGU6TR, STM32WBA55CGU6U, STM32WBA55CGU7, STM32WBA55CGU7TR, STM32WBA55G-DK1, STM32WBA55HEF6, STM32WBA55HEF7, STM32WBA55HGF6, STM32WBA55HGF7, STM32WBA55UEI6, STM32WBA55UEI6TR, STM32WBA55UEI7, STM32WBA55UEI7TR, STM32WBA55UGI6, STM32WBA55UGI6TR, STM32WBA55UGI7, STM32WBA55UGI7TR, STM32WBA5MMGH6TR, STM32WBA62MGF6, STM32WBA62MIF6, STM32WBA65MGF7, STM32WBA65MIF6, STM32WBA65MIF7, STM32WL30K8V6, STM32WL30KBV6, STM32WL31C8V6, STM32WL31CBV6, STM32WL31K8V6, STM32WL31KBV6, STM32WL33C8V6, STM32WL33C8V6X, STM32WL33CBV6, STM32WL33CBV6X, STM32WL33CCV6, STM32WL33CCV6A, STM32WL33CCV6X, STM32WL33K8V7, STM32WL33K8V7X, STM32WL33KBV7 , STM32WL33KBV7X, STM32WL33KCV7, STM32WL33KCV7X, STM32WL5MOCH6, STM32WL5MOCH6TR]
2025-12-26 10:44:23,052 [INFO] DbMcus:218 - Found 4876 MCUs, 4876 are supported
2025-12-26 10:44:23,053 [INFO] ApiDb:423 - Load user favorites file C:\Users\Admin/.stm32cubeide/favorites.mcus.txt: 0 item(s)
2025-12-26 10:44:23,053 [INFO] ApiDb:427 - User favorites MCUs=[]
2025-12-26 10:44:23,053 [INFO] DbMcus:224 - Set 0 / 0 favorites MCUs
2025-12-26 10:44:23,674 [INFO] ApiDb:668 - CubeFinder database Data Model version=2.1
2025-12-26 10:44:23,674 [INFO] ApiDb:669 - CubeFinder database Configuration version=3.0.39
2025-12-26 10:44:23,674 [INFO] ApiDb:670 - CubeFinder database generation date=2025-11-05 (1762334721)
2025-12-26 10:44:23,674 [INFO] ApiDb:671 - CubeFinder database FW Pack versions=[FP-ATR-ASTRA1_V2.0.0, FP-SNS-FLIGHT1_V5.1.0, FP-SNS-MOTENV1_V5.1.0, FP-SNS-MOTENVWB1_V1.4.0, FP-SNS-SMARTAG2_V1.2.0, FP-SNS-STBOX1_V2.1.0, STM32Cube_FW_C0_V1.4.0, STM32Cube_FW_F4_V1.28.3, STM32Cube_FW_F7_V1.17.4, STM32Cube_FW_G0_V1.6.2, STM32Cube_FW_G4_V1.6.1, STM32Cube_FW_H5_V1.5.1, STM32Cube_FW_H7RS_V1.3.0, STM32Cube_FW_H7_V1.12.1, STM32Cube_FW_L0_V1.12.2, STM32Cube_FW_L4_V1.18.1, STM32Cube_FW_L5_V1.6.0, STM32Cube_FW_N6_V1.3.0, STM32Cube_FW_U0_V1.3.0, STM32Cube_FW_U3_V1.2.1, STM32Cube_FW_U5_V1.8.0, STM32Cube_FW_WB0_V1.4.0, STM32Cube_FW_WBA_V1.8.0, STM32Cube_FW_WB_V1.24.0, STM32Cube_FW_WL3_V1.3.0, STM32Cube_FW_WL_V1.4.0, X-CUBE-ALGOBUILD_V1.4.0, X-CUBE-ALS_V1.0.2, X-CUBE-AZRTOS-F4_V1.1.0, X-CUBE-AZRTOS-F7_V1.1.0, X-CUBE-AZRTOS-G0_V1.1.0, X-CUBE-AZRTOS-G4_V2.0.0, X-CUBE-AZRTOS-H7RS_V1.1.0, X-CUBE-AZRTOS-H7_V3.4.0, X-CUBE-AZRTOS-L4_V2.0.0, X-CUBE-AZRTOS-L5_V2.0.0, X-CUBE-AZRTOS-WB_V2.0.0, X-CUBE-AZRTOS-WL_V2.0.0, X-CUBE-BLE1_V7.1.0, X-CUBE-BLE2_V3.3.0, X-CUBE-BLEMGR_V4.1.0, X-CUBE-EEPRMA1_V5.2.0, X-CUBE-FREERTOS_V1.3.1, X-CUBE-GNSS1_V6.0.0, X-CUBE-MEMS1_V11.3.0, X-CUBE-NFC4_V3.0.0, X-CUBE-NFC7_V2.0.0, X-CUBE-SFXS2LP1_V4.0.0, X-CUBE-ST67W61_V1.1.0, X-CUBE-SUBG2_V5.0.0, X-CUBE-TOF1_V3.4.3]
2025-12-26 10:44:23,760 [INFO] DbBoardsSqlite:226 - include board P-NUCLEO-WB55-NUCLEO as a kit item of type 'Nucleo-64'
2025-12-26 10:44:23,761 [INFO] DbBoardsSqlite:226 - include board P-NUCLEO-WB55-USBDONGLE as a kit item of type 'Nucleo USB Dongle'
2025-12-26 10:44:23,761 [INFO] DbBoardsSqlite:226 - include board STEVAL-IDP005V1 as a kit item of type 'Evaluation Board'
2025-12-26 10:44:23,761 [INFO] DbBoardsSqlite:226 - include board STEVAL-IDP005V2 as a kit item of type 'Evaluation Board'
2025-12-26 10:44:23,868 [INFO] ApiDb:240 - Found 880 in-development CPN: [B-G473E-ZEST1S, B-WB1M-WPAN1, B-WBA5M-WPAN, B-WL5M-SUBG1, NUCLEO-C031C6, NUCLEO-C051C8, NUCLEO-C071RB, NUCLEO-C092RC, NUCLEO-H503RB, NUCLEO-H533RE, NUCLEO-H563ZI, NUCLEO-H7S3L8, NUCLEO-N657X0-Q, NUCLEO-U031R8, NUCLEO-U083RC, NUCLEO-U385RG-Q, NUCLEO-U545RE-Q, NUCLEO-U5A5ZJ-Q, NUCLEO-WB05KZ, NUCLEO-WB07CC, NUCLEO-WB09KE, NUCLEO-WBA52CG, NUCLEO-WBA55CG, NUCLEO-WL33CC1, NUCLEO-WL33CC2, STEVAL-PROTEUS1, STEVAL-SMARTAG2, STEVAL-STWINBX1, STM320518-EVAL, STM32C0116-DK, STM32C011D6Y3TR, STM32C011D6Y6TR, STM32C011F4P3, STM32C011F4P6, STM32C011F4U3, STM32C011F4U6TR, STM32C011F6P3, STM32C011F6P6, STM32C011F6U3, STM32C011F6U6TR, STM32C011J4M3, STM32C011J4M6, STM32C011J6M3, STM32C011J6M6, STM32C0316-DK, STM32C031C4T3, STM32C031C4T6, STM32C031C4U3, STM32C031C4U6, STM32C031C6T3, STM32C031C6T6, STM32C031C6U3, STM32C031C6U6, STM32C031F4P3, STM32C031F4P6, STM32C031F6P3, STM32C031F6P6, STM32C031G4U3, STM32C031G4U6, STM32C031G6U3, STM32C031G6U6, STM32C031K4T3, STM32C031K4T6, STM32C031K4U3, STM32C031K4U6, STM32C031K6T3, STM32C031K6T6, STM32C031K6U3, STM32C031K6U6, STM32C051C6T6, STM32C051C6U6, STM32C051C8T6, STM32C051C8U6, STM32C051D8Y6TR, STM32C051F6P6, STM32C051F8P6, STM32C051G6U6, STM32C051G8U6, STM32C051K6T6, STM32C051K6U6, STM32C051K8T6, STM32C071C8T6, STM32C071C8T6N, STM32C071C8U6, STM32C071C8U6N, STM32C071CBT6, STM32C071CBT6N, STM32C071CBU6, STM32C071CBU6N, STM32C071F8P6, STM32C071F8P6N, STM32C071FBP6, STM32C071FBP6N, STM32C071FBY6TR, STM32C071G8U6, STM32C071G8U6N, STM32C071GBU6, STM32C071GBU6N, STM32C071K8T6, STM32C071K8T6N, STM32C071K8U6, STM32C071K8U6N, STM32C071KBT6, STM32C071KBT6N, STM32C071KBU6, STM32C071KBU6N, STM32C071R8T6, STM32C071R8T6N, STM32C071RBI6N, STM32C071RBT6, STM32C071RBT6N, STM32C091CBT6, STM32C091CBU6, STM32C091CCT6, STM32C091CCU6, STM32C091ECY6TR, STM32C091FBP6, STM32C091FCP6, STM32C091GBU6, STM32C091GCU6, STM32C091KBT6, STM32C091KBU6, STM32C091KCT6, STM32C091KCU6, STM32C091RBT6, STM32C091RCI6, STM32C091RCT6, STM32C092CBT6, STM32C092CBU6, STM32C092CCT6, STM32C092CCU6, STM32C092ECY6TR, STM32C092FBP6, STM32C092FCP6, STM32C092GBU6, STM32C092GCU6, STM32C092KBT6, STM32C092KBU6, STM32C092KCT6, STM32C092KCU6, STM32C092RBT6, STM32C092RCI6, STM32C092RCT6, STM32G071K8TXN, STM32G071K8UXN, STM32G081GBU6N, STM32G081KBT6N, STM32G081KBUXN, STM32G0B1CCT6N, STM32G0B1KCT6, STM32G0B1NEY6TR, STM32G0B1RCT6N, STM32G0C1CCT6, STM32G0C1CCT6N, STM32G0C1CCU6N, STM32G0C1CET6N, STM32G0C1CEU6N, STM32G0C1KCT6, STM32G0C1NEY6TR, STM32G0C1RCI6N, STM32G0C1RCT6N, STM32G0C1REI6N, STM32G0C1RET6N, STM32G0C1VCI6, STM32G0C1VEI6, STM32G411C6T3, STM32G411C6T6, STM32G411C6U3, STM32G411C6U6, STM32G411C8T3, STM32G411C8T6, STM32G411C8U3, STM32G411C8U6, STM32G411CBT3, STM32G411CBT6, STM32G411CBU3, STM32G411CBU6, STM32G411K6T3, STM32G411K6T6, STM32G411K6U3, STM32G411K6U6, STM32G411K8T3, STM32G411K8T6, STM32G411K8U3, STM32G411K8U6, STM32G411KBT3, STM32G411KBT6, STM32G411KBU3, STM32G411KBU6, STM32G411M6T3, STM32G411M6T6, STM32G411M8T3, STM32G411M8T6, STM32G411MBT3, STM32G411MBT6, STM32G411R6T3, STM32G411R6T6, STM32G411R8T3, STM32G411R8T6, STM32G411RBT3, STM32G411RBT6, STM32G414CBT3, STM32G414CBT6, STM32G414CBU3, STM32G414CBU6, STM32G414CCT3, STM32G414CCT6, STM32G414CCU3, STM32G414CCU6, STM32G414MBT3, STM32G414MBT6, STM32G414MCT3, STM32G414MCT6, STM32G414RBT3, STM32G414RBT6, STM32G414RCT3, STM32G414RCT6, STM32G414VBT3, STM32G414VBT6, STM32G414VCT3, STM32G414VCT6, STM32G431CBT3Z, STM32G431RBT3Z, STM32G471CCT6, STM32G471CCU6, STM32G471CET3, STM32G471CET6, STM32G471CEU3, STM32G471CEU6, STM32G471MCT6, STM32G471MET3, STM32G471MET6, STM32G471MEY6TR, STM32G471QCT6, STM32G471QET3, STM32G471RCT6, STM32G471RET3, STM32G471RET6, STM32G471VCH6, STM32G471VCI6, STM32G471VCT6, STM32G471VEH3, STM32G471VEH6, STM32G471VEI3, STM32G471VEI6, STM32G471VET3, STM32G471VET6, STM32G473QET3Z, STM32G473RET3Z, STM32G474CCT6, STM32G491RET3Z, STM32H503CBT6, STM32H503CBU6, STM32H503EBY6TR, STM32H503KBU6, STM32H503RBT6, STM32H523CCT6, STM32H523CCU6, STM32H523CET6, STM32H523CEU6, STM32H523HEY6TR, STM32H523RCT6, STM32H523RET6, STM32H523VCI6, STM32H523VCT6, STM32H523VEI6, STM32H523VET6, STM32H523ZCJ6, STM32H523ZCT6, STM32H523ZEJ6, STM32H523ZET6, STM32H533CET6, STM32H533CEU6, STM32H533HEY6TR, STM32H533RET6, STM32H533VEI6, STM32H533VET6, STM32H533ZEJ6, STM32H533ZET6, STM32H562AGI6, STM32H562AII6, STM32H562IGK6, STM32H562IGT6, STM32H562IIK6, STM32H562IIT6, STM32H562RGT6, STM32H562RGV6, STM32H562RIT6, STM32H562RIV6, STM32H562VGT6, STM32H562VIT6, STM32H562ZGT6, STM32H562ZIT6, STM32H563AGI6, STM32H563AII3Q, STM32H563AII6, STM32H563IGK6, STM32H563IGT6, STM32H563IIK3Q, STM32H563IIK6, STM32H563IIT3Q, STM32H563IIT6, STM32H563MIY3QTR, STM32H563RGT6, STM32H563RGV6, STM32H563RIT6, STM32H563RIV6, STM32H563VGT6, STM32H563VIT3Q, STM32H563VIT6, STM32H563ZGT6, STM32H563ZIT3Q, STM32H563ZIT6, STM32H573AII3Q, STM32H573AII6, STM32H573I-DK, STM32H573IIK3Q, STM32H573IIK6, STM32H573IIT3Q, STM32H573IIT6, STM32H573MIY3QTR, STM32H573RIT6, STM32H573RIV6, STM32H573VIT3Q, STM32H573VIT6, STM32H573ZIT3Q, STM32H573ZIT6, STM32H7R3A8I6, STM32H7R3I8K6, STM32H7R3I8T6, STM32H7R3L8H6, STM32H7R3L8H6H, STM32H7R3R8V6, STM32H7R3V8H6, STM32H7R3V8T6, STM32H7R3V8Y6TR, STM32H7R3Z8J6, STM32H7R3Z8T6, STM32H7R7A8I6, STM32H7R7I8K6, STM32H7R7I8T6, STM32H7R7L8H6, STM32H7R7L8H6H, STM32H7R7Z8J6, STM32H7S3A8I6, STM32H7S3I8K6, STM32H7S3I8T6, STM32H7S3L8H6, STM32H7S3L8H6H, STM32H7S3R8V6, STM32H7S3V8H6, STM32H7S3V8T6, STM32H7S3V8Y6TR, STM32H7S3Z8J6, STM32H7S3Z8T6, STM32H7S78-DK, STM32H7S7A8I6, STM32H7S7I8K6, STM32H7S7I8T6, STM32H7S7L8H6, STM32H7S7L8H6H, STM32H7S7Z8J6, STM32L4R5QGI6STR, STM32MP131AAE3, STM32MP131AAF3, STM32MP131AAG3, STM32MP131CAE3, STM32MP131CAF3, STM32MP131CAG3, STM32MP131DAE7, STM32MP131DAF7, STM32MP131DAG7, STM32MP131FAE7, STM32MP131FAF7, STM32MP131FAG7, STM32MP133AAE3, STM32MP133AAF3, STM32MP133AAG3, STM32MP133CAE3, STM32MP133CAF3, STM32MP133CAG3, STM32MP133DAE7, STM32MP133DAF7, STM32MP133DAG7, STM32MP133FAE7, STM32MP133FAF7, STM32MP133FAG7, STM32MP135AAE3, STM32MP135AAF3, STM32MP135AAG3, STM32MP135CAE3, STM32MP135CAF3, STM32MP135CAG3, STM32MP135DAE7, STM32MP135DAF7, STM32MP135DAG7, STM32MP135F-DK, STM32MP135FAE7, STM32MP135FAF7, STM32MP135FAF7T, STM32MP135FAF7U, STM32MP135FAG7, STM32MP211AAL3, STM32MP211AAM3, STM32MP211AAN3, STM32MP211AAO3, STM32MP211CAL3, STM32MP211CAM3, STM32MP211CAN3, STM32MP211CAO3, STM32MP211DAL3, STM32MP211DAM3, STM32MP211DAN3, STM32MP211DAO3, STM32MP211FAL3, STM32MP211FAM3, STM32MP211FAN3, STM32MP211FAO3, STM32MP213AAL3, STM32MP213AAM3, STM32MP213AAN3, STM32MP213AAO3, STM32MP213CAL3, STM32MP213CAM3, STM32MP213CAN3, STM32MP213CAO3, STM32MP213DAL3, STM32MP213DAM3, STM32MP213DAN3, STM32MP213DAO3, STM32MP213FAL3, STM32MP213FAM3, STM32MP213FAN3, STM32MP213FAO3, STM32MP215AAL3, STM32MP215AAM3, STM32MP215AAN3, STM32MP215AAO3, STM32MP215CAL3, STM32MP215CAM3, STM32MP215CAN3, STM32MP215CAO3, STM32MP215DAL3, STM32MP215DAM3, STM32MP215DAN3, STM32MP215DAO3, STM32MP215F-DK, STM32MP215FAL3, STM32MP215FAM3, STM32MP215FAN3, STM32MP215FAO3, STM32MP231AAJ3, STM32MP231AAK3, STM32MP231AAL3, STM32MP231CAJ3, STM32MP231CAK3, STM32MP231CAL3, STM32MP231DAJ3, STM32MP231DAK3, STM32MP231DAL3, STM32MP231FAJ3, STM32MP231FAK3, STM32MP231FAL3, STM32MP233AAJ3, STM32MP233AAK3, STM32MP233AAL3, STM32MP233CAJ3, STM32MP233CAK3, STM32MP233CAL3, STM32MP233DAJ3, STM32MP233DAK3, STM32MP233DAL3, STM32MP233FAJ3, STM32MP233FAK3, STM32MP233FAL3, STM32MP235AAJ3, STM32MP235AAK3, STM32MP235AAL3, STM32MP235CAJ3, STM32MP235CAK3, STM32MP235CAL3, STM32MP235DAJ3, STM32MP235DAK3, STM32MP235DAL3, STM32MP235FAJ3, STM32MP235FAK3, STM32MP235FAL3, STM32MP251AAI3, STM32MP251AAK3, STM32MP251AAL3, STM32MP251CAI3, STM32MP251CAK3, STM32MP251CAL3, STM32MP251DAI3, STM32MP251DAK3, STM32MP251DAL3, STM32MP251FAI3, STM32MP251FAK3, STM32MP251FAL3, STM32MP253AAI3, STM32MP253AAK3, STM32MP253AAL3, STM32MP253CAI3, STM32MP253CAK3, STM32MP253CAL3, STM32MP253DAI3, STM32MP253DAK3, STM32MP253DAL3, STM32MP253FAI3, STM32MP253FAK3, STM32MP253FAL3, STM32MP255AAI3, STM32MP255AAK3, STM32MP255AAL3, STM32MP255CAI3, STM32MP255CAK3, STM32MP255CAL3, STM32MP255DAI3, STM32MP255DAK3, STM32MP255DAL3, STM32MP255FAI3, STM32MP255FAK3, STM32MP255FAL3, STM32MP257AAI3, STM32MP257AAK3, STM32MP257AAL3, STM32MP257CAI3, STM32MP257CAK3, STM32MP257CAL3, STM32MP257DAI3, STM32MP257DAK3, STM32MP257DAL3, STM32MP257F-DK, STM32MP257F-EV1, STM32MP257FAI3, STM32MP257FAK3, STM32MP257FAL3, STM32N645A0H3Q, STM32N645B0H3Q, STM32N645I0H3Q, STM32N645L0H3Q, STM32N645X0H3Q, STM32N645Z0H3Q, STM32N647A0H3Q, STM32N647B0H3Q, STM32N647I0H3Q, STM32N647L0H3Q, STM32N647X0H3Q, STM32N647Z0H3Q, STM32N655A0H3Q, STM32N655B0H3Q, STM32N655I0H3Q, STM32N655L0H3Q, STM32N655X0H3Q, STM32N655Z0H3Q, STM32N6570-DK, STM32N657A0H3Q, STM32N657B0H3Q, STM32N657I0H3Q, STM32N657L0H3Q, STM32N657X0H3Q, STM32N657Z0H3Q, STM32U031C6T6, STM32U031C6U6, STM32U031C8T6, STM32U031C8U6, STM32U031F4P6, STM32U031F6P6, STM32U031F8P6, STM32U031G6Y6TR, STM32U031G8Y6TR, STM32U031K4U6, STM32U031K6U6, STM32U031K8U6, STM32U031R6I6, STM32U031R6T6, STM32U031R8I6, STM32U031R8T6, STM32U073C8T6, STM32U073C8U6, STM32U073CBT6, STM32U073CBU6, STM32U073CCT6, STM32U073CCU6, STM32U073H8Y6TR, STM32U073HBY6TR, STM32U073HCY6TR, STM32U073K8U6, STM32U073KBU6, STM32U073KCU6, STM32U073M8I6, STM32U073M8T6, STM32U073MBI6, STM32U073MBT6, STM32U073MCI6, STM32U073MCT6, STM32U073R8I6, STM32U073R8T6, STM32U073RBI6, STM32U073RBT6, STM32U073RCI6, STM32U073RCT6, STM32U083C-DK, STM32U083CCT6, STM32U083CCU6, STM32U083HCY6TR, STM32U083KCU6, STM32U083MCI6, STM32U083MCT6, STM32U083RCI6, STM32U083RCT6, STM32U375CET6, STM32U375CET6Q, STM32U375CEU6, STM32U375CEU6Q, STM32U375CEY6QTR, STM32U375CGT6, STM32U375CGT6Q, STM32U375CGU6, STM32U375CGU6Q, STM32U375CGY6QTR, STM32U375KEU6, STM32U375KGU6, STM32U375REI6, STM32U375REI6Q, STM32U375RET6, STM32U375RET6Q, STM32U375REY6GTR, STM32U375REY6QTR, STM32U375RGI6, STM32U375RGI6Q, STM32U375RGT6, STM32U375RGT6Q, STM32U375RGY6GTR, STM32U375RGY6QTR, STM32U375VEI6, STM32U375VEI6Q, STM32U375VET6, STM32U375VET6Q, STM32U375VGI6, STM32U375VGI6Q, STM32U375VGT6, STM32U375VGT6Q, STM32U385CGT6, STM32U385CGT6Q, STM32U385CGU6, STM32U385CGU6Q, STM32U385CGY6QTR, STM32U385KGU6, STM32U385RGI6, STM32U385RGI6Q, STM32U385RGT6, STM32U385RGT6Q, STM32U385RGY6GTR, STM32U385RGY6QTR, STM32U385VGI6, STM32U385VGI6Q, STM32U385VGT6, STM32U385VGT6Q, STM32U535CBT6, STM32U535CBT6Q, STM32U535CBU6, STM32U535CBU6Q, STM32U535CCT6, STM32U535CCT6Q, STM32U535CCU6, STM32U535CCU6Q, STM32U535CET6, STM32U535CET6Q, STM32U535CEU6, STM32U535CEU6Q, STM32U535JEY6QTR, STM32U535NCY6QTR, STM32U535NEY6QTR, STM32U535RBI6, STM32U535RBI6Q, STM32U535RBT6, STM32U535RBT6Q, STM32U535RCI6, STM32U535RCI6Q, STM32U535RCT6, STM32U535RCT6Q, STM32U535REI6, STM32U535REI6Q, STM32U535RET6, STM32U535RET6Q, STM32U535VCI6, STM32U535VCI6Q, STM32U535VCT6, STM32U535VCT6Q, STM32U535VEI6, STM32U535VEI6Q, STM32U535VET6, STM32U535VET6Q, STM32U545CET6, STM32U545CET6Q, STM32U545CEU6, STM32U545CEU6Q, STM32U545JEY6QTR, STM32U545NEY6QTR, STM32U545REI6, STM32U545REI6Q, STM32U545RET6, STM32U545RET6Q, STM32U545VEI6, STM32U545VEI6Q, STM32U545VET6, STM32U545VET6Q, STM32U595AIH6, STM32U595AIH6Q, STM32U595AJH6, STM32U595AJH6Q, STM32U595QII6, STM32U595QII6Q, STM32U595QJI6, STM32U595QJI6Q, STM32U595RIT6, STM32U595RIT6Q, STM32U595RJT6, STM32U595RJT6Q, STM32U595VIT6, STM32U595VIT6Q, STM32U595VJT6, STM32U595VJT6Q, STM32U595ZIT6, STM32U595ZIT6Q, STM32U595ZIY6QTR, STM32U595ZJT6, STM32U595ZJT6Q, STM32U595ZJY6QTR, STM32U599BJY6QTR, STM32U599NIH6Q, STM32U599NJH6Q, STM32U599VIT6Q, STM32U599VJT6, STM32U599VJT6Q, STM32U599ZIT6Q, STM32U599ZIY6QTR, STM32U599ZJT6Q, STM32U599ZJY6QTR, STM32U5A5AJH6, STM32U5A5AJH6Q, STM32U5A5QII3Q , STM32U5A5QJI6, STM32U5A5QJI6Q, STM32U5A5RJT6, STM32U5A5RJT6Q, STM32U5A5VJT6, STM32U5A5VJT6Q, STM32U5A5ZJT6, STM32U5A5ZJT6Q, STM32U5A5ZJY6QTR, STM32U5A9BJY6QTR, STM32U5A9J-DK, STM32U5A9NJH6Q, STM32U5A9VJT6Q, STM32U5A9ZJT6Q, STM32U5A9ZJY6QTR, STM32U5F7VIT6, STM32U5F7VIT6Q, STM32U5F7VJT6, STM32U5F7VJT6Q, STM32U5F9BJY6QTR, STM32U5F9NJH6Q, STM32U5F9VIT6Q, STM32U5F9VJT6Q, STM32U5F9ZIJ6QTR, STM32U5F9ZIT6Q, STM32U5F9ZJJ6QTR, STM32U5F9ZJT6Q, STM32U5G7VJT6, STM32U5G7VJT6Q, STM32U5G9BJY6QTR, STM32U5G9J-DK1, STM32U5G9J-DK2, STM32U5G9NJH6Q, STM32U5G9VJT6Q, STM32U5G9ZJJ6QTR, STM32U5G9ZJT6Q, STM32WB05KZV6TR, STM32WB05KZV7TR, STM32WB05TZF6TR, STM32WB05TZF7TR, STM32WB06CCF6TR, STM32WB06CCF7TR, STM32WB06CCV6TR, STM32WB06CCV7TR, STM32WB06KCV6TR, STM32WB06KCV7TR, STM32WB07CCF6TR, STM32WB07CCF7TR, STM32WB07CCV6TR, STM32WB07CCV7TR, STM32WB07KCV6TR, STM32WB07KCV7TR, STM32WB09KEV6TR, STM32WB09KEV7TR, STM32WB09TEF6TR, STM32WB09TEF7TR, STM32WB1MMCH6, STM32WBA50KGU6, STM32WBA50KGU6TR, STM32WBA52CEU6, STM32WBA52CEU6TR, STM32WBA52CEU7, STM32WBA52CEU7TR, STM32WBA52CGU6, STM32WBA52CGU6TR, STM32WBA52CGU6U, STM32WBA52CGU7, STM32WBA52CGU7TR, STM32WBA52KEU6, STM32WBA52KEU6TR, STM32WBA52KGU6, STM32WBA52KGU6TR, STM32WBA54CEU6, STM32WBA54CEU6TR, STM32WBA54CEU7, STM32WBA54CEU7TR, STM32WBA54CGU6, STM32WBA54CGU6TR, STM32WBA54CGU7, STM32WBA54CGU7TR, STM32WBA54KEU6, STM32WBA54KEU6TR, STM32WBA54KEU7, STM32WBA54KEU7TR, STM32WBA54KGU6, STM32WBA54KGU6TR, STM32WBA54KGU7, STM32WBA54KGU7TR, STM32WBA55CEU6, STM32WBA55CEU6TR, STM32WBA55CEU7, STM32WBA55CEU7TR, STM32WBA55CGU6, STM32WBA55CGU6TR, STM32WBA55CGU6U, STM32WBA55CGU7, STM32WBA55CGU7TR, STM32WBA55G-DK1, STM32WBA55HEF6, STM32WBA55HEF7, STM32WBA55HGF6, STM32WBA55HGF7, STM32WBA55UEI6, STM32WBA55UEI6TR, STM32WBA55UEI7, STM32WBA55UEI7TR, STM32WBA55UGI6, STM32WBA55UGI6TR, STM32WBA55UGI7, STM32WBA55UGI7TR, STM32WBA5MMGH6TR, STM32WBA62MGF6, STM32WBA62MIF6, STM32WBA65MGF7, STM32WBA65MIF6, STM32WBA65MIF7, STM32WL30K8V6, STM32WL30KBV6, STM32WL31C8V6, STM32WL31CBV6, STM32WL31K8V6, STM32WL31KBV6, STM32WL33C8V6, STM32WL33C8V6X, STM32WL33CBV6, STM32WL33CBV6X, STM32WL33CCV6, STM32WL33CCV6A, STM32WL33CCV6X, STM32WL33K8V7, STM32WL33K8V7X, STM32WL33KBV7 , STM32WL33KBV7X, STM32WL33KCV7, STM32WL33KCV7X, STM32WL5MOCH6, STM32WL5MOCH6TR]
2025-12-26 10:44:24,195 [INFO] BoardInfo:889 - No configuration file found for board P-NUCLEO-WB55
2025-12-26 10:44:24,197 [INFO] DbBoards:161 - Kit is not supported: P-NUCLEO-WB55
2025-12-26 10:44:24,205 [INFO] BoardInfo:889 - No configuration file found for board STEVAL-BFA001V1B
2025-12-26 10:44:24,207 [INFO] DbBoards:161 - Kit is not supported: STEVAL-BFA001V1B
2025-12-26 10:44:24,208 [INFO] BoardInfo:889 - No configuration file found for board STEVAL-BFA001V2B
2025-12-26 10:44:24,209 [INFO] DbBoards:161 - Kit is not supported: STEVAL-BFA001V2B
2025-12-26 10:44:24,459 [INFO] DbBoards:168 - Found 212 boards, 209 are supported
2025-12-26 10:44:24,459 [INFO] DbBoards:169 - Found 212 boards, 43 of them is supported for  Bsp
2025-12-26 10:44:24,469 [INFO] ApiDb:423 - Load user favorites file C:\Users\Admin/.stm32cubeide/favorites.boards.txt: 1 item(s)
2025-12-26 10:44:24,469 [INFO] ApiDb:427 - User favorites Boards=[STM32F407G-DISC1]
2025-12-26 10:44:24,469 [INFO] DbBoards:198 - Set 1 / 1 favorites Boards
2025-12-26 10:44:24,469 [INFO] McuFinderGlobals:76 - Set McuFinderConnectedMode to true
2025-12-26 10:44:24,478 [INFO] MultiScanPanel:200 - Auto-refresh data requested => check proxy status ongoing
2025-12-26 10:44:24,481 [INFO] FinderPluginLoader:96 - Searching for filters in installed packs
2025-12-26 10:44:26,113 [INFO] LoadUrlFilesThread:185 - End of LoadServerUrlFiles without Thread
2025-12-26 10:44:26,132 [INFO] DetailPanel:341 - Set advertising image to C:/Users/Admin/STM32Cube/Repository/\en.prom-st67w-expansion-board.png
2025-12-26 10:44:30,588 [INFO] MultiScanPanel:200 - Auto-refresh data requested => check proxy status ongoing
2025-12-26 10:44:30,756 [INFO] LoadUrlFilesThread:185 - End of LoadServerUrlFiles without Thread
2025-12-26 10:44:30,756 [INFO] DetailPanel:341 - Set advertising image to C:/Users/Admin/STM32Cube/Repository/\en.prom-st67w-expansion-board.png
2025-12-26 10:44:30,769 [INFO] DbBoards:642 - Loading board mini-images...
2025-12-26 10:44:34,918 [ERROR] DbBoards:659 - Image file not found for board STM32MP215F-DK: C:\Users\Admin\.stmcufinder\plugins\mcufinder//mcu//boards_images/STM32MP215F-DK.jpg
2025-12-26 10:44:35,152 [INFO] DbBoards:665 - Loaded 211 board mini-images
2025-12-26 10:45:07,882 [INFO] MainUpdater:2872 - connection check result : 10
2025-12-26 10:45:07,883 [INFO] MainUpdater:2872 - connection check result : 10
2025-12-26 10:45:07,932 [INFO] MicroXplorer:468 - Change Database Path : 
2025-12-26 10:45:07,932 [INFO] MicroXplorer:498 - Change Database Version : DB.6.0.150
2025-12-26 10:45:07,942 [WARN] ThirdParty:871 - waiting for thirdparty lock release [close project]
2025-12-26 10:45:07,942 [INFO] ThirdParty:873 - entering critical section [close project]
2025-12-26 10:45:07,944 [INFO] ThirdParty:883 - exiting critical section [close project]
2025-12-26 10:45:07,946 [INFO] PinOutPanel:1589 - setPackage(No Configuration,No Configuration)
2025-12-26 10:45:07,947 [INFO] UtilMem:75 - Begin LoadConfig() Used Memory: 813565560 Bytes (1073741824)
2025-12-26 10:45:07,954 [INFO] OpenFileManager:355 - Change cursor
2025-12-26 10:45:08,011 [INFO] ProjectFactory:514 - No CPN specified for board STM32F407G-DISC1 => set CPN to STM32F407VGT6
2025-12-26 10:45:08,012 [INFO] Mcu:2029 - Initializing MCU STM32F407V(E-G)Tx STM32F407VGTx STM32F407VGT6
2025-12-26 10:45:10,491 [INFO] Context:786 - Trying to add GPIOservice into a context  which must be forbidden
2025-12-26 10:45:11,028 [INFO] Rule:233 - rule 117617 - U5Cobra4M][GTZC] default value MPCBB3 and MPCBB5 - Not Secured memory - MPCBB1 is applicable
2025-12-26 10:45:11,028 [INFO] Rule:233 - rule 117617 - U5Cobra4M][GTZC] default value MPCBB3 and MPCBB5 - Not Secured memory - MPCBB1 is applicable
2025-12-26 10:45:11,028 [INFO] Rule:233 - rule 117617 - U5Cobra4M][GTZC] default value MPCBB3 and MPCBB5 - Not Secured memory - MPCBB2 is applicable
2025-12-26 10:45:11,028 [INFO] Rule:233 - rule 117617 - U5Cobra4M][GTZC] default value MPCBB3 and MPCBB5 - Not Secured memory - MPCBB2 is applicable
2025-12-26 10:45:11,028 [INFO] Rule:233 - rule 117617 - U5Cobra4M][GTZC] default value MPCBB3 and MPCBB5 - Not Secured memory - MPCBB3 is applicable
2025-12-26 10:45:11,028 [INFO] Rule:233 - rule 117617 - U5Cobra4M][GTZC] default value MPCBB3 and MPCBB5 - Not Secured memory - MPCBB3 is applicable
2025-12-26 10:45:11,028 [INFO] Rule:233 - rule 117617 - U5Cobra4M][GTZC] default value MPCBB3 and MPCBB5 - Not Secured memory - MPCBB4 is applicable
2025-12-26 10:45:11,028 [INFO] Rule:233 - rule 117617 - U5Cobra4M][GTZC] default value MPCBB3 and MPCBB5 - Not Secured memory - MPCBB4 is applicable
2025-12-26 10:45:11,028 [INFO] Rule:233 - rule 117617 - U5Cobra4M][GTZC] default value MPCBB3 and MPCBB5 - Secured memory - MPCBB1 is applicable
2025-12-26 10:45:11,028 [INFO] Rule:233 - rule 117617 - U5Cobra4M][GTZC] default value MPCBB3 and MPCBB5 - Secured memory - MPCBB2 is applicable
2025-12-26 10:45:11,028 [INFO] Rule:233 - rule 117617 - U5Cobra4M][GTZC] default value MPCBB3 and MPCBB5 - Secured memory - MPCBB3 is applicable
2025-12-26 10:45:11,028 [INFO] Rule:233 - rule 117617 - U5Cobra4M][GTZC] default value MPCBB3 and MPCBB5 - Secured memory - MPCBB4 is applicable
2025-12-26 10:45:11,028 [INFO] Rule:233 - rule 117617 - U5Cobra4M][GTZC] default value MPCBB3 and MPCBB5 - Privileged memory - MPCBB1 is applicable
2025-12-26 10:45:11,028 [INFO] Rule:233 - rule 117617 - U5Cobra4M][GTZC] default value MPCBB3 and MPCBB5 - Privileged memory - MPCBB2 is applicable
2025-12-26 10:45:11,029 [INFO] Rule:233 - rule 117617 - U5Cobra4M][GTZC] default value MPCBB3 and MPCBB5 - Privileged memory - MPCBB3 is applicable
2025-12-26 10:45:11,029 [INFO] Rule:233 - rule 117617 - U5Cobra4M][GTZC] default value MPCBB3 and MPCBB5 - Privileged memory - MPCBB4 is applicable
2025-12-26 10:45:11,029 [INFO] Rule:233 - rule 117617 - U5Cobra4M][GTZC] default value MPCBB3 and MPCBB5 - Not Privileged memory - MPCBB1 is applicable
2025-12-26 10:45:11,029 [INFO] Rule:233 - rule 117617 - U5Cobra4M][GTZC] default value MPCBB3 and MPCBB5 - Not Privileged memory - MPCBB2 is applicable
2025-12-26 10:45:11,029 [INFO] Rule:233 - rule 117617 - U5Cobra4M][GTZC] default value MPCBB3 and MPCBB5 - Not Privileged memory - MPCBB3 is applicable
2025-12-26 10:45:11,029 [INFO] Rule:233 - rule 117617 - U5Cobra4M][GTZC] default value MPCBB3 and MPCBB5 - Not Privileged memory - MPCBB4 is applicable
2025-12-26 10:45:11,029 [INFO] Rule:233 - rule 117617 - U5Cobra4M][GTZC] default value MPCBB3 and MPCBB5 - Privileged memory - MPCBB1 is applicable
2025-12-26 10:45:11,029 [INFO] Rule:233 - rule 117617 - U5Cobra4M][GTZC] default value MPCBB3 and MPCBB5 - Privileged memory - MPCBB2 is applicable
2025-12-26 10:45:11,029 [INFO] Rule:233 - rule 117617 - U5Cobra4M][GTZC] default value MPCBB3 and MPCBB5 - Privileged memory - MPCBB3 is applicable
2025-12-26 10:45:11,029 [INFO] Rule:233 - rule 117617 - U5Cobra4M][GTZC] default value MPCBB3 and MPCBB5 - Privileged memory - MPCBB4 is applicable
2025-12-26 10:45:11,029 [INFO] Rule:233 - rule 117617 - U5Cobra4M][GTZC] default value MPCBB3 and MPCBB5 - Privileged memory - MPCBB1 is applicable
2025-12-26 10:45:11,029 [INFO] Rule:233 - rule 117617 - U5Cobra4M][GTZC] default value MPCBB3 and MPCBB5 - Privileged memory - MPCBB2 is applicable
2025-12-26 10:45:11,029 [INFO] Rule:233 - rule 117617 - U5Cobra4M][GTZC] default value MPCBB3 and MPCBB5 - Privileged memory - MPCBB3 is applicable
2025-12-26 10:45:11,029 [INFO] Rule:233 - rule 117617 - U5Cobra4M][GTZC] default value MPCBB3 and MPCBB5 - Privileged memory - MPCBB4 is applicable
2025-12-26 10:45:11,029 [INFO] Rule:233 - rule 117617 - U5Cobra4M][GTZC] default value MPCBB3 and MPCBB5 - Not Privileged memory - MPCBB1 is applicable
2025-12-26 10:45:11,029 [INFO] Rule:233 - rule 117617 - U5Cobra4M][GTZC] default value MPCBB3 and MPCBB5 - Not Privileged memory - MPCBB2 is applicable
2025-12-26 10:45:11,030 [INFO] Rule:233 - rule 117617 - U5Cobra4M][GTZC] default value MPCBB3 and MPCBB5 - Not Privileged memory - MPCBB3 is applicable
2025-12-26 10:45:11,030 [INFO] Rule:233 - rule 117617 - U5Cobra4M][GTZC] default value MPCBB3 and MPCBB5 - Not Privileged memory - MPCBB4 is applicable
2025-12-26 10:45:11,030 [INFO] Rule:233 - rule 117617 - U5Cobra4M][GTZC] default value MPCBB3 and MPCBB5 - Privileged memory - MPCBB1 is applicable
2025-12-26 10:45:11,030 [INFO] Rule:233 - rule 117617 - U5Cobra4M][GTZC] default value MPCBB3 and MPCBB5 - Privileged memory - MPCBB2 is applicable
2025-12-26 10:45:11,030 [INFO] Rule:233 - rule 117617 - U5Cobra4M][GTZC] default value MPCBB3 and MPCBB5 - Privileged memory - MPCBB3 is applicable
2025-12-26 10:45:11,030 [INFO] Rule:233 - rule 117617 - U5Cobra4M][GTZC] default value MPCBB3 and MPCBB5 - Privileged memory - MPCBB4 is applicable
2025-12-26 10:45:11,030 [INFO] Rule:233 - rule Rename SubGHz_Phy SUBGHZ_APPLICATION SUBGHZ_PINGPONG to SUBGHZ_ADV_APPLICATION is applicable
2025-12-26 10:45:11,030 [INFO] Rule:233 - rule Rename Enabled to IBEACON is applicable
2025-12-26 10:45:11,030 [INFO] Rule:233 - rule GTZC_S instance for project manager is applicable
2025-12-26 10:45:11,030 [INFO] Rule:233 - rule GTZC_S instance for context M33S is applicable
2025-12-26 10:45:11,030 [INFO] Rule:233 - rule GTZC_S instance value for IP GTZC is applicable
2025-12-26 10:45:11,030 [INFO] Rule:233 - rule GTZC_S instance for mcu.IP is applicable
2025-12-26 10:45:11,031 [INFO] Rule:233 - rule GTZC_S instance for VP is applicable
2025-12-26 10:45:11,031 [INFO] Rule:233 - rule GTZC_S instance for signal is applicable
2025-12-26 10:45:11,031 [INFO] Rule:233 - rule GTZC_S instance for mcu.Pin is applicable
2025-12-26 10:45:11,031 [INFO] Rule:233 - rule GTZC_S instance for VP is applicable
2025-12-26 10:45:11,031 [INFO] Rule:233 - rule GTZC_S instance for signal is applicable
2025-12-26 10:45:11,031 [INFO] Rule:233 - rule GTZC_S instance for mcu is applicable
2025-12-26 10:45:11,031 [INFO] Rule:233 - rule GTZC_S instance for mcu.Pin is applicable
2025-12-26 10:45:11,031 [INFO] Rule:233 - rule GTZC_S instance value for IP GTZC is applicable
2025-12-26 10:45:11,031 [INFO] Rule:233 - rule GTZC_S instance for project manager is applicable
2025-12-26 10:45:11,031 [INFO] Rule:233 - rule GTZC_S instance for context M33S is applicable
2025-12-26 10:45:11,031 [INFO] Rule:233 - rule GTZC_S instance for VP is applicable
2025-12-26 10:45:11,031 [INFO] Rule:233 - rule GTZC_S instance for signal is applicable
2025-12-26 10:45:11,032 [INFO] Rule:233 - rule SPDIFRX instance for mcu is applicable
2025-12-26 10:45:11,032 [INFO] Rule:233 - rule Rename Tracer Mode is applicable
2025-12-26 10:45:11,033 [INFO] Rule:233 - rule SPDIFRX instance value for IP SPDIFRX is applicable
2025-12-26 10:45:11,033 [INFO] Rule:233 - rule SPDIFRX instance for signal is applicable
2025-12-26 10:45:11,034 [INFO] Rule:233 - rule SPDIFRX instance for project manager is applicable
2025-12-26 10:45:11,034 [INFO] Rule:233 - rule SPDIFRX instance for project manager is applicable
2025-12-26 10:45:11,034 [INFO] Rule:233 - rule ADC Scan  fix with FW F7 is applicable
2025-12-26 10:45:11,034 [INFO] Rule:233 - rule ADC Scan  fix with FW F7 is applicable
2025-12-26 10:45:11,034 [INFO] Rule:233 - rule WakeUp0 Mode is applicable
2025-12-26 10:45:11,034 [INFO] Rule:233 - rule WakeUp0 SIGNAL is applicable
2025-12-26 10:45:11,034 [INFO] Rule:233 - rule WakeUp1 Mode is applicable
2025-12-26 10:45:11,034 [INFO] Rule:233 - rule WakeUp1 SIGNAL is applicable
2025-12-26 10:45:11,034 [INFO] Rule:233 - rule WakeUp2 Mode is applicable
2025-12-26 10:45:11,034 [INFO] Rule:233 - rule WakeUp2 SIGNAL is applicable
2025-12-26 10:45:11,035 [INFO] Rule:233 - rule WakeUp4 Mode is applicable
2025-12-26 10:45:11,035 [INFO] Rule:233 - rule WakeUp4 SIGNAL is applicable
2025-12-26 10:45:11,035 [INFO] Rule:233 - rule WakeUp5 Mode is applicable
2025-12-26 10:45:11,035 [INFO] Rule:233 - rule WakeUp5 SIGNAL is applicable
2025-12-26 10:45:11,035 [INFO] Rule:233 - rule Add RTC Activate Clock Source is applicable
2025-12-26 10:45:11,035 [INFO] Rule:233 - rule Add RTC Activate Calendar 1 is applicable
2025-12-26 10:45:11,035 [INFO] Rule:233 - rule Add RTC Activate Calendar 2 is applicable
2025-12-26 10:45:11,035 [INFO] Rule:233 - rule Add RTC Activate Calendar 3 is applicable
2025-12-26 10:45:11,035 [INFO] Rule:233 - rule UART/USART TX Mode is applicable
2025-12-26 10:45:11,035 [INFO] Rule:233 - rule UART/USART RX Mode is applicable
2025-12-26 10:45:11,035 [INFO] Rule:233 - rule UART/USART RX TX Mode is applicable
2025-12-26 10:45:11,035 [INFO] Rule:233 - rule UART/USART PARITY NONE is applicable
2025-12-26 10:45:11,035 [INFO] Rule:233 - rule UART/USART PARITY EVEN is applicable
2025-12-26 10:45:11,035 [INFO] Rule:233 - rule UART/USART PARITY ODD is applicable
2025-12-26 10:45:11,036 [INFO] Rule:233 - rule USART StopBits 1 is applicable
2025-12-26 10:45:11,036 [INFO] Rule:233 - rule USART StopBits 2 is applicable
2025-12-26 10:45:11,036 [INFO] Rule:233 - rule USART StopBits 1.5 is applicable
2025-12-26 10:45:11,036 [INFO] Rule:233 - rule USART StopBits 0.5 is applicable
2025-12-26 10:45:11,036 [INFO] Rule:233 - rule UART/USART WORD LENGTH 7 is applicable
2025-12-26 10:45:11,036 [INFO] Rule:233 - rule UART/USART WORD LENGTH 8 is applicable
2025-12-26 10:45:11,036 [INFO] Rule:233 - rule UART/USART WORD LENGTH 9 is applicable
2025-12-26 10:45:11,036 [INFO] Rule:233 - rule Rename FMC NAND NCE signal is applicable
2025-12-26 10:45:11,036 [INFO] Rule:233 - rule Rename FMC NAND INT signal is applicable
2025-12-26 10:45:11,036 [INFO] Rule:233 - rule Change Default Value for LSE Drive Capability for WB family is applicable
2025-12-26 10:45:11,036 [INFO] Rule:233 - rule Change Default Value for ADC Clock Prescaler G0 family is applicable
2025-12-26 10:45:11,036 [INFO] Rule:233 - rule Change Default Value for ADC ExternalTrigConv L4 family is applicable
2025-12-26 10:45:11,036 [INFO] Rule:233 - rule Change Default Value for ADC ExternalTrigInjecConv L4 family is applicable
2025-12-26 10:45:11,036 [INFO] Rule:233 - rule Change Default Value for ADC ExternalTrigConv F3 family is applicable
2025-12-26 10:45:11,036 [INFO] Rule:233 - rule Change Default Value for ADC ExternalTrigInjecConv F3 family is applicable
2025-12-26 10:45:11,037 [INFO] Rule:233 - rule Change Default Value for ADC ExternalTrigConv Goldfish serie is applicable
2025-12-26 10:45:11,037 [INFO] Rule:233 - rule Change Default Value for ADC ExternalTrigInjecConv Goldfish serie is applicable
2025-12-26 10:45:11,037 [INFO] Rule:233 - rule Change Default Value for ADC ExternalTrigConv L0 family is applicable
2025-12-26 10:45:11,037 [INFO] Rule:233 - rule Change Default Value for ADC ExternalTrigConv F0 family is applicable
2025-12-26 10:45:11,037 [INFO] Rule:233 - rule Change Default Value for ADC ExternalTrigConvn L1 family is applicable
2025-12-26 10:45:11,037 [INFO] Rule:233 - rule Change Default Value for ADC ExternalTrigInjecConv L1 family is applicable
2025-12-26 10:45:11,037 [INFO] Rule:233 - rule Change Default Value for ADC ExternalTrigConv F1 family is applicable
2025-12-26 10:45:11,037 [INFO] Rule:233 - rule Change Default Value for ADC ExternalTrigInjecConv F1 family is applicable
2025-12-26 10:45:11,037 [INFO] Rule:233 - rule Change Default Value for ADC ExternalTrigConv F7 family is applicable
2025-12-26 10:45:11,037 [INFO] Rule:233 - rule Change Default Value for ADC ExternalTrigInjecConv F7 family is applicable
2025-12-26 10:45:11,037 [INFO] Rule:233 - rule Change Default Value for ADC ExternalTrigConv F4 and F2 family is applicable
2025-12-26 10:45:11,037 [INFO] Rule:233 - rule Change Default Value for ADC ExternalTrigInjecConv F4 and F2 family is applicable
2025-12-26 10:45:11,037 [INFO] Rule:233 - rule ADC SamplingTime fix with FW L0  is applicable
2025-12-26 10:45:11,037 [INFO] Rule:233 - rule ADC SamplingTime fix with FW L0  is applicable
2025-12-26 10:45:11,038 [INFO] Rule:233 - rule ADC SamplingTime fix with FW L0 is applicable
2025-12-26 10:45:11,038 [INFO] Rule:233 - rule ADC SamplingTime fix with FW L0 is applicable
2025-12-26 10:45:11,038 [INFO] Rule:233 - rule ADC SamplingTime fix with FW L0  is applicable
2025-12-26 10:45:11,038 [INFO] Rule:233 - rule ADC SamplingTime fix with FW L0 is applicable
2025-12-26 10:45:11,038 [INFO] Rule:233 - rule Rename USB_OE Signal is applicable
2025-12-26 10:45:11,038 [INFO] Rule:233 - rule Rename Activate_OE Mode is applicable
2025-12-26 10:45:11,038 [INFO] Rule:233 - rule Rename DIE462/DIE415 pin PC14/OSC32_IN -> PC14-OSC32_IN (PC14) is applicable
2025-12-26 10:45:11,038 [INFO] Rule:233 - rule Rename DIE462/DIE415 pin PC15/OSC32_OUT -> PC15-OSC32_OUT (PC15) is applicable
2025-12-26 10:45:11,038 [INFO] Rule:233 - rule Rename DIE462/DIE415 pin PH0/OSC_IN -> PH0-OSC_IN (PH0) is applicable
2025-12-26 10:45:11,038 [INFO] Rule:233 - rule Rename DIE462/DIE415 pin PH1/OSC_OUT -> PH1-OSC_OUT (PH1) is applicable
2025-12-26 10:45:11,038 [INFO] Rule:233 - rule Rename DIE462 pin PA13 -> PA13 (JTMS/SWDIO) is applicable
2025-12-26 10:45:11,038 [INFO] Rule:233 - rule Rename DIE415 pin PA13 -> PA13 (JTMS/SWDIO) is applicable
2025-12-26 10:45:11,038 [INFO] Rule:233 - rule Rename DIE462 pin PA14 -> PA14 (JTCK/SWCLK) is applicable
2025-12-26 10:45:11,038 [INFO] Rule:233 - rule Rename DIE415 pin PA14 -> PA14 (JTCK/SWCLK) is applicable
2025-12-26 10:45:11,038 [INFO] Rule:233 - rule Rename DIE462/DIE415 pin PA15 -> PA15 (JTDI) is applicable
2025-12-26 10:45:11,038 [INFO] Rule:233 - rule Rename DIE462 pin PB3 -> PB3 (JTD0/TRACESWO) is applicable
2025-12-26 10:45:11,038 [INFO] Rule:233 - rule Rename DIE415 pin PB3 -> PB3 (JTD0-TRACESWO) is applicable
2025-12-26 10:45:11,038 [INFO] Rule:233 - rule Rename DIE462/DIE415 pin PB4 -> PB4 (NJTRST) is applicable
2025-12-26 10:45:11,038 [INFO] Rule:233 - rule Rename DIE462 pin PH3/BOOT0 -> PH3-BOOT0 (BOOT0) is applicable
2025-12-26 10:45:11,038 [INFO] Rule:233 - rule Rename CRYP DataEncryptionTypesList to Algorithm is applicable
2025-12-26 10:45:11,038 [INFO] Rule:233 - rule Rename AES DataEncryptionTypesList to Algorithm is applicable
2025-12-26 10:45:11,039 [INFO] Rule:233 - rule Rename TDESECB to CRYP_TDES_ECB is applicable
2025-12-26 10:45:11,039 [INFO] Rule:233 - rule Rename TDESCBC to CRYP_TDES_CBC is applicable
2025-12-26 10:45:11,039 [INFO] Rule:233 - rule Rename DESECB to CRYP_DES_ECB is applicable
2025-12-26 10:45:11,039 [INFO] Rule:233 - rule Rename DESCBC to CRYP_DES_CBC is applicable
2025-12-26 10:45:11,039 [INFO] Rule:233 - rule Rename AESECB to CRYP_AES_ECB is applicable
2025-12-26 10:45:11,040 [INFO] Rule:233 - rule Rename AESCBC to CRYP_AES_CBC is applicable
2025-12-26 10:45:11,040 [INFO] Rule:233 - rule Rename AESCTR to CRYP_AES_CTR is applicable
2025-12-26 10:45:11,040 [INFO] Rule:233 - rule Rename AESGCM to CRYP_AES_GCM is applicable
2025-12-26 10:45:11,040 [INFO] Rule:233 - rule Rename AESCCM to CRYP_AES_CCM is applicable
2025-12-26 10:45:11,040 [INFO] Rule:233 - rule Rename CAN TimeSeg1 to BS1 is applicable
2025-12-26 10:45:11,040 [INFO] Rule:233 - rule Rename CAN TimeSeg2 to BS2 is applicable
2025-12-26 10:45:11,040 [INFO] Rule:233 - rule Rename CAN SyncJumpWidth to SJW is applicable
2025-12-26 10:45:11,040 [INFO] Rule:233 - rule TimeTriggeredMode to TTCM is applicable
2025-12-26 10:45:11,040 [INFO] Rule:233 - rule Rename CAN AutoBusOff to ABOM is applicable
2025-12-26 10:45:11,040 [INFO] Rule:233 - rule Rename CAN AutoWakeUp to AWUM is applicable
2025-12-26 10:45:11,040 [INFO] Rule:233 - rule Rename CAN AutoRetransmission to NART is applicable
2025-12-26 10:45:11,040 [INFO] Rule:233 - rule Rename CAN ReceiveFifoLocked to RFLM is applicable
2025-12-26 10:45:11,040 [INFO] Rule:233 - rule Rename CAN TransmitFifoPriority to TXFP is applicable
2025-12-26 10:45:11,040 [INFO] Rule:233 - rule Rename HRTIMER HRTIM_OUTPUTFAULTLEVEL_HIGH in HRTIMER HRTIM_OUTPUTFAULTLEVEL_HIGHZ is applicable
2025-12-26 10:45:11,040 [INFO] Rule:233 - rule Rename TIMER TIM_CLEARINPUTSOURCE_OCREFCLR in  TIMER TIM_CLEARINPUTSOURCE_NONE for F7 family is applicable
2025-12-26 10:45:11,040 [INFO] Rule:233 - rule FDCAN_R1 - Rename FDCAN mode Master into Classic is applicable
2025-12-26 10:45:11,040 [INFO] Rule:233 - rule FDCAN_R2 - Rename FDCAN mode Slave into Classic is applicable
2025-12-26 10:45:11,040 [INFO] Rule:233 - rule FDCAN1_R3 - if PA10.Mode=FullDuplex, add Pin PA12 is applicable
2025-12-26 10:45:11,040 [INFO] Rule:233 - rule FDCAN1_R3 - if PA9.Mode=FullDuplex, add Pin PA11 is applicable
2025-12-26 10:45:11,040 [INFO] Rule:233 - rule FDCAN1_R3 - Alternatepin_1 - if PE1.Mode=FullDuplex, add Pin PB9 is applicable
2025-12-26 10:45:11,040 [INFO] Rule:233 - rule FDCAN1_R3 - Alternatepin_1 - if PE0.Mode=FullDuplex, add Pin PB8 is applicable
2025-12-26 10:45:11,040 [INFO] Rule:233 - rule FDCAN1_R3 - Alternatepin_2 - if PD5.Mode=FullDuplex, add Pin PD1 is applicable
2025-12-26 10:45:11,040 [INFO] Rule:233 - rule FDCAN1_R3 - Alternatepin_2 - if PD4.Mode=FullDuplex, add Pin PD0 is applicable
2025-12-26 10:45:11,040 [INFO] Rule:233 - rule FDCAN1_R4 - Rename Mode FullDuplex into Enable FDCAN_TXFD for pin PA10 is applicable
2025-12-26 10:45:11,040 [INFO] Rule:233 - rule FDCAN1_R4 - Rename Mode FullDuplex into Enable FDCAN_TXFD for pin PA9 is applicable
2025-12-26 10:45:11,040 [INFO] Rule:233 - rule FDCAN1_R4 - Alternatepin_1 - Rename Mode FullDuplex into Enable FDCAN_TXFD for pin PE1 is applicable
2025-12-26 10:45:11,040 [INFO] Rule:233 - rule FDCAN1_R4 - Alternatepin_1 - Rename Mode FullDuplex into Enable FDCAN_TXFD for pin PE0 is applicable
2025-12-26 10:45:11,041 [INFO] Rule:233 - rule FDCAN1_R4 - Alternatepin_2 - Rename Mode FullDuplex into Enable FDCAN_TXFD for pin PD5 is applicable
2025-12-26 10:45:11,041 [INFO] Rule:233 - rule FDCAN1_R4 - Alternatepin_2 - Rename Mode FullDuplex into Enable FDCAN_TXFD for pin PD4 is applicable
2025-12-26 10:45:11,041 [INFO] Rule:233 - rule FDCAN2_R3 - if PD10.Mode=FullDuplex, add Pin PB13 is applicable
2025-12-26 10:45:11,041 [INFO] Rule:233 - rule FDCAN2_R3 - if PD9.Mode=FullDuplex, add Pin PB12 is applicable
2025-12-26 10:45:11,041 [INFO] Rule:233 - rule FDCAN2_R3 - Alternatepin_1 - if PB7.Mode=FullDuplex, add Pin PB6 is applicable
2025-12-26 10:45:11,041 [INFO] Rule:233 - rule FDCAN2_R3 - Alternatepin_1 - if PD9.Mode=FullDuplex, add Pin PB12 is applicable
2025-12-26 10:45:11,041 [INFO] Rule:233 - rule FDCAN2_R4 - Rename Mode FullDuplex into Enable FDCAN_TXFD for pin PD10 is applicable
2025-12-26 10:45:11,042 [INFO] Rule:233 - rule FDCAN2_R4 - Rename Mode FullDuplex into Enable FDCAN_TXFD for pin PD9 is applicable
2025-12-26 10:45:11,042 [INFO] Rule:233 - rule FDCAN2_R4 - Alternatepin_1 - Rename Mode FullDuplex into Enable FDCAN_TXFD for pin PB7 is applicable
2025-12-26 10:45:11,042 [INFO] Rule:233 - rule FDCAN2_R4 - Alternatepin_1 - Rename Mode FullDuplex into Enable FDCAN_TXFD for pin PD6 is applicable
2025-12-26 10:45:11,042 [INFO] Rule:233 - rule USART TxPinLevelInvertParam Mode is applicable
2025-12-26 10:45:11,042 [INFO] Rule:233 - rule USART RxPinLevelInvertParam Mode is applicable
2025-12-26 10:45:11,042 [INFO] Rule:233 - rule USART DataInvertParam Mode is applicable
2025-12-26 10:45:11,042 [INFO] Rule:233 - rule USART SwapParam Mode is applicable
2025-12-26 10:45:11,042 [INFO] Rule:233 - rule USART OverrunDisableParam Mode is applicable
2025-12-26 10:45:11,042 [INFO] Rule:233 - rule USART DMADisableonRxErrorParam Mode is applicable
2025-12-26 10:45:11,042 [INFO] Rule:233 - rule USART MSBFirstParam Mode is applicable
2025-12-26 10:45:11,042 [INFO] Rule:233 - rule Update MwName for USB_DEVICE is applicable
2025-12-26 10:45:11,042 [INFO] Rule:233 - rule Change PWR_Regulator_Voltage_Scale Default Value for RCC  H7 family is applicable
2025-12-26 10:45:11,042 [INFO] Rule:233 - rule UART/USART IPParameter rename Prescaler parameter to ClockPrescaler is applicable
2025-12-26 10:45:11,042 [INFO] Rule:233 - rule UART/USART Prescaler rename Prescaler parameter to ClockPrescaler is applicable
2025-12-26 10:45:11,042 [INFO] Rule:233 - rule TIM1CLockSelection is applicable
2025-12-26 10:45:11,042 [INFO] Rule:233 - rule TIM15CLockSelection is applicable
2025-12-26 10:45:11,042 [INFO] Rule:233 - rule align RCC SDMMC3CLockSelection default value on MP1 is applicable
2025-12-26 10:45:11,042 [INFO] Rule:233 - rule align RCC SDMMC12CLockSelection default value on MP1 is applicable
2025-12-26 10:45:11,042 [INFO] Rule:233 - rule align RCC QSPICLockSelection default value on MP1 is applicable
2025-12-26 10:45:11,042 [INFO] Rule:233 - rule align RCC QSPICLockSelection default value on MP1 is applicable
2025-12-26 10:45:11,043 [INFO] Rule:233 - rule align RCC SPI6CLockSelection default value on MP1 is applicable
2025-12-26 10:45:11,043 [INFO] Rule:233 - rule align RCC LPTIM23CLockSelection default value on MP1 is applicable
2025-12-26 10:45:11,043 [INFO] Rule:233 - rule align RCC LPTIM1CLockSelection default value on MP1 is applicable
2025-12-26 10:45:11,043 [INFO] Rule:233 - rule align RCC USART1CLockSelection default value on MP1 is applicable
2025-12-26 10:45:11,043 [INFO] Rule:233 - rule align RCC USART24CLockSelection default value on MP1 is applicable
2025-12-26 10:45:11,043 [INFO] Rule:233 - rule align RCC USART6CLockSelection default value on MP1 is applicable
2025-12-26 10:45:11,043 [INFO] Rule:233 - rule align RCC UART78CLockSelection default value on MP1 is applicable
2025-12-26 10:45:11,043 [INFO] Rule:233 - rule align RCC USART35CLockSelection default value on MP1 is applicable
2025-12-26 10:45:11,043 [INFO] Rule:233 - rule align RCC SPI45CLockSelection default value on MP1 is applicable
2025-12-26 10:45:11,043 [INFO] Rule:233 - rule align RCC I2C46CLockSelection BCLK value on MP1 is applicable
2025-12-26 10:45:11,043 [INFO] Rule:233 - rule align RCC SPI45CLockSelection default value on MP1 is applicable
2025-12-26 10:45:11,043 [INFO] Rule:233 - rule align RCC I2C12CLockSelection default value on MP1 is applicable
2025-12-26 10:45:11,043 [INFO] Rule:233 - rule align RCC I2C35CLockSelection default value on MP1 is applicable
2025-12-26 10:45:11,043 [INFO] Rule:233 - rule align RCC LPTIM45CLockSelection default value on MP1 is applicable
2025-12-26 10:45:11,043 [INFO] Rule:233 - rule Rename DCMI PIXCK signal is applicable
2025-12-26 10:45:11,043 [INFO] Rule:233 - rule Change Default Value for I2C46CLockSelection MP1 family is applicable
2025-12-26 10:45:11,043 [INFO] Rule:233 - rule Change Default Value for UART for G4, G0 and WB families is applicable
2025-12-26 10:45:11,043 [INFO] Rule:233 - rule Change Default Value for USART for G4, G0 and WB families is applicable
2025-12-26 10:45:11,044 [INFO] Rule:233 - rule Change Default Value for USART for G4 family is applicable
2025-12-26 10:45:11,044 [INFO] Rule:233 - rule Change USART1CLockSelection refparam name for MP1 is applicable
2025-12-26 10:45:11,044 [INFO] Rule:233 - rule Change USART2CLockSelection refparam name for MP1 is applicable
2025-12-26 10:45:11,044 [INFO] Rule:233 - rule Change USART3CLockSelection refparam name for MP1 is applicable
2025-12-26 10:45:11,044 [INFO] Rule:233 - rule Change UART4CLockSelection refparam name for MP1 is applicable
2025-12-26 10:45:11,044 [INFO] Rule:233 - rule Change UART5CLockSelection refparam name for MP1 is applicable
2025-12-26 10:45:11,044 [INFO] Rule:233 - rule Change LPUART1CLockSelection refparam name for MP1 is applicable
2025-12-26 10:45:11,044 [INFO] Rule:233 - rule Change LPTIM1CLockSelection refparam name for MP1 is applicable
2025-12-26 10:45:11,044 [INFO] Rule:233 - rule Change LPTIM2CLockSelection refparam name for MP1 is applicable
2025-12-26 10:45:11,044 [INFO] Rule:233 - rule Change RCC_MCO1Source refparam name for MP1 is applicable
2025-12-26 10:45:11,044 [INFO] Rule:233 - rule Change LSCOSource1 refparam name for MP1 is applicable
2025-12-26 10:45:11,044 [INFO] Rule:233 - rule Change SMPSCLockSelection refparam name for MP1 is applicable
2025-12-26 10:45:11,044 [INFO] Rule:233 - rule Change LPTIM3CLockSelection refparam name for MP1 is applicable
2025-12-26 10:45:11,044 [INFO] Rule:233 - rule Change MPCBB* Default Template Mode to Parameters is applicable
2025-12-26 10:45:11,044 [INFO] Rule:233 - rule Change MPCWM* or MPCBB* Secure Mode to Parameters is applicable
2025-12-26 10:45:11,044 [INFO] Rule:233 - rule Change MPCWM* or MPCBB* No Secure Mode to Parameters is applicable
2025-12-26 10:45:11,044 [INFO] Rule:233 - rule Change TZSC IP Secure Mode to Parameters is applicable
2025-12-26 10:45:11,044 [INFO] Rule:233 - rule Change TZSC IP No Secure Mode to Parameters is applicable
2025-12-26 10:45:11,044 [INFO] Rule:233 - rule Change TZSC IP Privilege Mode to Parameters is applicable
2025-12-26 10:45:11,044 [INFO] Rule:233 - rule Change TZSC IP No Privilege Mode to Parameters is applicable
2025-12-26 10:45:11,044 [INFO] Rule:233 - rule Change TZIC IT Secure Mode to Parameters is applicable
2025-12-26 10:45:11,044 [INFO] Rule:233 - rule Change TZIC IT No Secure Mode to Parameters is applicable
2025-12-26 10:45:11,044 [INFO] Rule:233 - rule Add MPCBB1_NonSecureArea_Start_Address value with referenced to MPCBB1_NonSecureArea_Start value is applicable
2025-12-26 10:45:11,044 [INFO] Rule:233 - rule Add MPCBB2_NonSecureArea_Start_Address value with referenced to MPCBB2_NonSecureArea_Start value is applicable
2025-12-26 10:45:11,044 [INFO] Rule:233 - rule Add MPCWM1_NonSecureArea*_Start_Address value with referenced to MPCWM1_NonSecureArea*_Start value is applicable
2025-12-26 10:45:11,045 [INFO] Rule:233 - rule Add MPCWM2_NonSecureArea*_Start_Address value with referenced to MPCWM2_NonSecureArea*_Start value is applicable
2025-12-26 10:45:11,045 [INFO] Rule:233 - rule Add MPCWM3_NonSecureArea_Start_Address value with referenced to MPCWM3_NonSecureArea_Start value is applicable
2025-12-26 10:45:11,045 [INFO] Rule:233 - rule Change Default Value for PLL1UserDefinedConfig is applicable
2025-12-26 10:45:11,045 [INFO] Rule:233 - rule Change GPIO_PuPd Default Value for USART in async mode is applicable
2025-12-26 10:45:11,045 [INFO] Rule:233 - rule Change SMPSDivider Default Value is applicable
2025-12-26 10:45:11,045 [INFO] Rule:233 - rule OPAMP is applicable
2025-12-26 10:45:11,045 [INFO] Rule:233 - rule LPUART IPParameter rename Prescaler parameter to ClockPrescaler for STM32H7 is applicable
2025-12-26 10:45:11,045 [INFO] Rule:233 - rule LPUART IPParameter rename Prescaler parameter to ClockPrescaler for STM32H7 is applicable
2025-12-26 10:45:11,045 [INFO] Rule:233 - rule LPUART IPParameter rename Prescaler parameter to ClockPrescaler for STM32WB is applicable
2025-12-26 10:45:11,045 [INFO] Rule:233 - rule LPUART IPParameter rename Prescaler parameter to ClockPrescaler for STM32WB is applicable
2025-12-26 10:45:11,045 [INFO] Rule:233 - rule LPUART IPParameter rename Prescaler parameter to ClockPrescaler for STM32G4 is applicable
2025-12-26 10:45:11,045 [INFO] Rule:233 - rule LPUART IPParameter rename Prescaler parameter to ClockPrescaler for STM32G4 is applicable
2025-12-26 10:45:11,045 [INFO] Rule:233 - rule LPUART IPParameter rename Prescaler parameter to ClockPrescaler for STM32L5 is applicable
2025-12-26 10:45:11,045 [INFO] Rule:233 - rule LPUART IPParameter rename Prescaler parameter to ClockPrescaler for STM32L5 is applicable
2025-12-26 10:45:11,045 [INFO] Rule:233 - rule LPUART IPParameter rename Prescaler parameter to ClockPrescaler for STM32G4 is applicable
2025-12-26 10:45:11,045 [INFO] Rule:233 - rule LPUART IPParameter rename Prescaler parameter to ClockPrescaler for STM32G4 is applicable
2025-12-26 10:45:11,045 [INFO] Rule:233 - rule USB device lib V2.5.3 for L0 rename USBD_SUPPORT_USER_STRING parameter to USBD_SUPPORT_USER_STRING_DESC4 is applicable
2025-12-26 10:45:11,045 [INFO] Rule:233 - rule I2SCLockSelection clock entry align is applicable
2025-12-26 10:45:11,045 [INFO] Rule:233 - rule Assign TIMx context if used as SYS timebase is applicable
2025-12-26 10:45:11,045 [INFO] Rule:233 - rule Change GPIO_Pu Default Value for I2C is applicable
2025-12-26 10:45:11,045 [INFO] Rule:233 - rule Change GPIO_Pu Default Value for SMBus is applicable
2025-12-26 10:45:11,045 [INFO] Rule:233 - rule change FDCAN default value is applicable
2025-12-26 10:45:11,045 [INFO] Rule:233 - rule Change mode sai is applicable
2025-12-26 10:45:11,046 [INFO] Rule:233 - rule **Change sai mode is applicable
2025-12-26 10:45:11,046 [INFO] Rule:233 - rule Rename STM32WPAN CFG_BLE_IRK to CFG_BLE_IR is applicable
2025-12-26 10:45:11,046 [INFO] Rule:233 - rule Rename STM32WPAN CFG_BLE_ERK to CFG_BLE_ER is applicable
2025-12-26 10:45:11,046 [INFO] Rule:233 - rule Rename STM32WPAN CFG_BLE_IRK_HEX to CFG_BLE_IR_HEX is applicable
2025-12-26 10:45:11,046 [INFO] Rule:233 - rule Rename STM32WPAN CFG_BLE_ERK_HEX to CFG_BLE_ER_HEX is applicable
2025-12-26 10:45:11,046 [INFO] Rule:233 - rule Adapt Old IOC before rework replace old CORTEX_M33/CORTEX_M55 attributes by the new one. is applicable
2025-12-26 10:45:11,046 [INFO] Rule:233 - rule Rename parametre of RCC RCC_APBDBG_DIV2 to RCC_TIMPRES_DIV2 is applicable
2025-12-26 10:45:11,046 [INFO] Rule:233 - rule Rename DIE493 pin PA10 [PA12] -> PA10 is applicable
2025-12-26 10:45:11,046 [INFO] Rule:233 - rule Rename DIE493 pin PA9 [PA11] -> PA9 is applicable
2025-12-26 10:45:11,046 [INFO] Rule:233 - rule Rename DIE492 PartNumber CPN STM32WBA5MJGHx -> STM32WBA5MMGHx is applicable
2025-12-26 10:45:11,046 [INFO] Rule:233 - rule Rename DIE492 PartNumber  Name STM32WBA5MJGHx -> STM32WBA5MMGHx is applicable
2025-12-26 10:45:11,046 [INFO] Rule:233 - rule Rename DIE492 PartNumber UserName STM32WBA5MJGHx -> STM32WBA5MMGHx is applicable
2025-12-26 10:45:11,046 [INFO] Rule:233 - rule Rename DIE492 PartNumber DeviceId STM32WBA5MJGHx -> STM32WBA5MMGHx is applicable
2025-12-26 10:45:11,046 [INFO] Rule:233 - rule Adapt Old IOC CSI. is applicable
2025-12-26 10:45:11,046 [INFO] Rule:233 - rule Adapt Old IOC DCMIPP. is applicable
2025-12-26 10:45:11,046 [INFO] Rule:233 - rule Adapt Old IOC DCMIPP Mode Parallel. is applicable
2025-12-26 10:45:11,046 [INFO] Rule:233 - rule Adapt Old IOC LTDC. is applicable
2025-12-26 10:45:11,046 [INFO] Rule:233 - rule Rename STM32MP2 RIF Peripheral LTDC RIF.RISUP.LTDC_L0L1.Privilege -> RIF.RISUP.LTDC_L1L2.Privilege is applicable
2025-12-26 10:45:11,047 [INFO] Rule:233 - rule Rename STM32MP2 RIF Peripheral LTDC RIF.RISUP.LTDC_L0L1.Privilege -> RIF.RISUP.LTDC_L1L2.Privilege is applicable
2025-12-26 10:45:11,047 [INFO] Rule:233 - rule Rename STM32MP2 RIF Peripheral LTDC RIF.RISUP.LTDC_L0L1.Lock -> RIF.RISUP.LTDC_L1L2.Lock is applicable
2025-12-26 10:45:11,047 [INFO] Rule:233 - rule Rename STM32MP2 RIF Peripheral LTDC RIF.RISUP.LTDC_L2.Lock -> RIF.RISUP.LTDC_L3.Lock is applicable
2025-12-26 10:45:11,047 [INFO] Rule:233 - rule Adapt the old IOC example for updating the SYS when it is misconfigured. is applicable
2025-12-26 10:45:11,047 [INFO] Rule:233 - rule Rename STM32C09 Mcu.Package LQFP64 -> LQFP48 is applicable
2025-12-26 10:45:11,047 [INFO] Rule:233 - rule Adapt the old IOC example for updating the SYS when it is misconfigured. is applicable
2025-12-26 10:45:11,047 [INFO] Rule:233 - rule Adapt the old IOC example for updating the SYS when it is misconfigured. is applicable
2025-12-26 10:45:11,106 [INFO] DbConfProperties:307 - Apply Compatibility (54/282 Rules)
2025-12-26 10:45:11,170 [INFO] ImportTextPane:234 - (OptionalMessage_ERROR) Unable to find key (Mcu.ThirdPartyNb) in loaded IOC file
2025-12-26 10:45:11,177 [INFO] ImportTextPane:234 - (OptionalMessage_ERROR) Pin35 (VP_RIF_VS_RIF1) cannot be retrieved for this MCU
2025-12-26 10:45:11,462 [INFO] RtosManager:558 - Registered RTOS mode: class=CMSIS, group=RTOS, mode=CMSIS_V1, owner=FREERTOS
2025-12-26 10:45:11,462 [INFO] RtosManager:558 - Registered RTOS mode: class=CMSIS, group=RTOS2, mode=CMSIS_V2, owner=FREERTOS
2025-12-26 10:45:11,463 [INFO] RtosManager:558 - Registered RTOS mode: class=RTOS, group=Core, mode=CMSIS_V1, owner=FREERTOS
2025-12-26 10:45:11,463 [INFO] RtosManager:558 - Registered RTOS mode: class=RTOS, group=Core, mode=CMSIS_V2, owner=FREERTOS
2025-12-26 10:45:11,463 [WARN] ModelIntegratedComponent:184 - Missing modes for component STMicroelectronics:FreeRTOS:0.0.1:STMicroelectronics:RTOS:FreeRTOS:Core:::10.2.0:
2025-12-26 10:45:11,496 [WARN] ModelIntegratedComponent:63 - No mode defined for component null
2025-12-26 10:45:11,496 [WARN] ModelIntegratedComponent:63 - No mode defined for component null
2025-12-26 10:45:11,496 [WARN] ModelIntegratedComponent:63 - No mode defined for component null
2025-12-26 10:45:11,496 [WARN] ModelIntegratedComponent:63 - No mode defined for component null
2025-12-26 10:45:11,496 [WARN] ModelIntegratedComponent:63 - No mode defined for component null
2025-12-26 10:45:11,496 [WARN] ModelIntegratedComponent:63 - No mode defined for component null
2025-12-26 10:45:11,496 [WARN] ModelIntegratedComponent:63 - No mode defined for component null
2025-12-26 10:45:11,496 [WARN] ModelIntegratedComponent:63 - No mode defined for component null
2025-12-26 10:45:11,496 [WARN] ModelIntegratedComponent:63 - No mode defined for component null
2025-12-26 10:45:11,496 [WARN] ModelIntegratedComponent:63 - No mode defined for component null
2025-12-26 10:45:11,496 [WARN] ModelIntegratedComponent:63 - No mode defined for component null
2025-12-26 10:45:11,496 [WARN] ModelIntegratedComponent:63 - No mode defined for component null
2025-12-26 10:45:11,496 [WARN] ModelIntegratedComponent:63 - No mode defined for component null
2025-12-26 10:45:11,497 [WARN] ModelIntegratedComponent:63 - No mode defined for component null
2025-12-26 10:45:11,497 [WARN] ModelIntegratedComponent:63 - No mode defined for component null
2025-12-26 10:45:11,497 [WARN] ModelIntegratedComponent:63 - No mode defined for component null
2025-12-26 10:45:11,497 [WARN] ModelIntegratedComponent:63 - No mode defined for component null
2025-12-26 10:45:11,497 [WARN] ModelIntegratedComponent:63 - No mode defined for component null
2025-12-26 10:45:11,497 [WARN] ModelIntegratedComponent:63 - No mode defined for component null
2025-12-26 10:45:11,497 [WARN] ModelIntegratedComponent:63 - No mode defined for component null
2025-12-26 10:45:11,497 [WARN] ModelIntegratedComponent:63 - No mode defined for component null
2025-12-26 10:45:11,497 [WARN] ModelIntegratedComponent:63 - No mode defined for component null
2025-12-26 10:45:11,497 [WARN] ModelIntegratedComponent:63 - No mode defined for component null
2025-12-26 10:45:11,497 [WARN] ModelIntegratedComponent:63 - No mode defined for component null
2025-12-26 10:45:11,498 [WARN] ModelIntegratedComponent:63 - No mode defined for component null
2025-12-26 10:45:11,498 [WARN] ModelIntegratedComponent:63 - No mode defined for component null
2025-12-26 10:45:11,498 [WARN] ModelIntegratedComponent:63 - No mode defined for component null
2025-12-26 10:45:11,498 [WARN] ModelIntegratedComponent:63 - No mode defined for component null
2025-12-26 10:45:11,498 [WARN] ModelIntegratedComponent:63 - No mode defined for component null
2025-12-26 10:45:11,498 [WARN] ModelIntegratedComponent:63 - No mode defined for component null
2025-12-26 10:45:11,498 [WARN] ModelIntegratedComponent:63 - No mode defined for component null
2025-12-26 10:45:11,498 [WARN] ModelIntegratedComponent:63 - No mode defined for component null
2025-12-26 10:45:11,499 [WARN] ModelIntegratedComponent:63 - No mode defined for component null
2025-12-26 10:45:11,499 [WARN] ModelIntegratedComponent:63 - No mode defined for component null
2025-12-26 10:45:11,499 [WARN] ModelIntegratedComponent:63 - No mode defined for component null
2025-12-26 10:45:11,499 [WARN] ModelPack:524 - Component already loaded: STMicroelectronics:HAL Drivers:0.0.0:STMicroelectronics:Device:STMicro_Driver:XSPI:HAL::0.0.1:HAL_XSPI
2025-12-26 10:45:11,551 [INFO] ThirdPartyModel:298 - Start build external matchings
2025-12-26 10:45:12,108 [INFO] ThirdPartyModel:316 - End build external matchings
2025-12-26 10:45:12,126 [INFO] ImportTextPane:234 - (OptionalMessage_ERROR) IP (RCC) : Parameter (RTCHSEDivFreq_Value) has invalid value (4000000)
2025-12-26 10:45:12,485 [INFO] UtilMem:75 - End LoadConfig() Used Memory: 976795840 Bytes (1073741824)
2025-12-26 10:45:12,671 [WARN] ThirdParty:833 - waiting for thirdparty lock release [change project]
2025-12-26 10:45:12,671 [INFO] ThirdParty:835 - entering critical section [change project]
2025-12-26 10:45:12,671 [INFO] ThirdParty:1030 - CMSIS Pack Vendor :STMicroelectronics X-CUBE-PM33A1 1.0.0
2025-12-26 10:45:12,671 [INFO] ThirdParty:1030 - CMSIS Pack Vendor :STMicroelectronics USBPD 4.1
2025-12-26 10:45:12,671 [INFO] ThirdParty:1030 - CMSIS Pack Vendor :STMicroelectronics X-CUBE-NFC9 1.0.0
2025-12-26 10:45:12,671 [INFO] ThirdParty:1030 - CMSIS Pack Vendor :STMicroelectronics USB_HOST 2.0.0
2025-12-26 10:45:12,671 [INFO] ThirdParty:1030 - CMSIS Pack Vendor :STMicroelectronics FP-SNS-MOTENVWB1 1.4.0
2025-12-26 10:45:12,671 [INFO] ThirdParty:1030 - CMSIS Pack Vendor :STMicroelectronics X-CUBE-AZRTOS-F4 1.1.0
2025-12-26 10:45:12,671 [INFO] ThirdParty:1030 - CMSIS Pack Vendor :STMicroelectronics LIBJPEG 8.0.0
2025-12-26 10:45:12,671 [INFO] ThirdParty:1030 - CMSIS Pack Vendor :STMicroelectronics FP-ATR-ASTRA1 2.0.2
2025-12-26 10:45:12,671 [INFO] ThirdParty:1030 - CMSIS Pack Vendor :STMicroelectronics X-CUBE-BLE1 7.1.0
2025-12-26 10:45:12,672 [INFO] ThirdParty:1030 - CMSIS Pack Vendor :STMicroelectronics X-CUBE-SMBUS 2.1.0
2025-12-26 10:45:12,672 [INFO] ThirdParty:1030 - CMSIS Pack Vendor :STMicroelectronics USB_DEVICE 3.0.0
2025-12-26 10:45:12,672 [INFO] ThirdParty:1030 - CMSIS Pack Vendor :STMicroelectronics X-CUBE-ISPU 2.1.0
2025-12-26 10:45:12,672 [INFO] ThirdParty:1030 - CMSIS Pack Vendor :STMicroelectronics X-CUBE-FREERTOS 1.4.0
2025-12-26 10:45:12,672 [INFO] ThirdParty:1030 - CMSIS Pack Vendor :STMicroelectronics X-CUBE-EEPRMA1 5.2.0
2025-12-26 10:45:12,672 [INFO] ThirdParty:1030 - CMSIS Pack Vendor :STMicroelectronics X-CUBE-IPS 3.2.0
2025-12-26 10:45:12,672 [INFO] ThirdParty:1030 - CMSIS Pack Vendor :STMicroelectronics X-CUBE-BLEMGR 4.1.0
2025-12-26 10:45:12,672 [INFO] ThirdParty:1030 - CMSIS Pack Vendor :STMicroelectronics X-CUBE-AZRTOS-WB 2.0.0
2025-12-26 10:45:12,672 [INFO] ThirdParty:1030 - CMSIS Pack Vendor :Cesanta I-CUBE-Mongoose 7.20.0
2025-12-26 10:45:12,672 [INFO] ThirdParty:1030 - CMSIS Pack Vendor :STMicroelectronics X-CUBE-NFC12 1.0.0
2025-12-26 10:45:12,672 [INFO] ThirdParty:1030 - CMSIS Pack Vendor :STMicroelectronics X-CUBE-AZRTOS-F7 1.1.0
2025-12-26 10:45:12,672 [INFO] ThirdParty:1030 - CMSIS Pack Vendor :STMicroelectronics X-CUBE-AZRTOS-L5 2.0.0
2025-12-26 10:45:12,672 [INFO] ThirdParty:1030 - CMSIS Pack Vendor :STMicroelectronics USB_DEVICE 2.0.0
2025-12-26 10:45:12,672 [INFO] ThirdParty:1030 - CMSIS Pack Vendor :STMicroelectronics X-CUBE-NFC6 3.1.0
2025-12-26 10:45:12,672 [INFO] ThirdParty:1030 - CMSIS Pack Vendor :STMicroelectronics X-CUBE-ST67W61 1.1.0
2025-12-26 10:45:12,672 [INFO] ThirdParty:1030 - CMSIS Pack Vendor :quantropi X-CUBE-qispace-sdk-base 2.1.0
2025-12-26 10:45:12,672 [INFO] ThirdParty:1030 - CMSIS Pack Vendor :STMicroelectronics X-CUBE-MEMS1 12.0.0
2025-12-26 10:45:12,672 [INFO] ThirdParty:1030 - CMSIS Pack Vendor :STMicroelectronics FP-SNS-MOTENV1 5.1.0
2025-12-26 10:45:12,672 [INFO] ThirdParty:1030 - CMSIS Pack Vendor :STMicroelectronics FreeRTOS 0.0.1
2025-12-26 10:45:12,672 [INFO] ThirdParty:1030 - CMSIS Pack Vendor :STMicroelectronics X-CUBE-AZRTOS-G0 1.1.0
2025-12-26 10:45:12,672 [INFO] ThirdParty:1030 - CMSIS Pack Vendor :STMicroelectronics X-CUBE-NFC4 3.0.0
2025-12-26 10:45:12,672 [INFO] ThirdParty:1030 - CMSIS Pack Vendor :STMicroelectronics X-CUBE-SUBG2 5.0.0
2025-12-26 10:45:12,672 [INFO] ThirdParty:1030 - CMSIS Pack Vendor :STMicroelectronics STM32_WPAN 1.0.0
2025-12-26 10:45:12,672 [INFO] ThirdParty:1030 - CMSIS Pack Vendor :EmbeddedOffice I-CUBE-FS-RTOS 1.0.1
2025-12-26 10:45:12,672 [INFO] ThirdParty:1030 - CMSIS Pack Vendor :STMicroelectronics lwIP 2.0.3
2025-12-26 10:45:12,672 [INFO] ThirdParty:1030 - CMSIS Pack Vendor :WES I-CUBE-Cesium 1.4.0
2025-12-26 10:45:12,672 [INFO] ThirdParty:1030 - CMSIS Pack Vendor :STMicroelectronics USB_HOST 1.0.0
2025-12-26 10:45:12,672 [INFO] ThirdParty:1030 - CMSIS Pack Vendor :STMicroelectronics X-CUBE-AZRTOS-G4 2.0.0
2025-12-26 10:45:12,672 [INFO] ThirdParty:1030 - CMSIS Pack Vendor :STMicroelectronics X-CUBE-WB05N 2.0.0
2025-12-26 10:45:12,673 [INFO] ThirdParty:1030 - CMSIS Pack Vendor :STMicroelectronics PDM2PCM 3.1.0
2025-12-26 10:45:12,673 [INFO] ThirdParty:1030 - CMSIS Pack Vendor :STMicroelectronics PDM2PCM 3.3.0
2025-12-26 10:45:12,673 [INFO] ThirdParty:1030 - CMSIS Pack Vendor :STMicroelectronics X-CUBE-AZRTOS-H7 3.4.0
2025-12-26 10:45:12,673 [INFO] ThirdParty:1030 - CMSIS Pack Vendor :STMicroelectronics X-CUBE-DISPLAY 3.0.0
2025-12-26 10:45:12,673 [INFO] ThirdParty:1030 - CMSIS Pack Vendor :STMicroelectronics X-CUBE-NFC7 2.0.0
2025-12-26 10:45:12,673 [INFO] ThirdParty:1030 - CMSIS Pack Vendor :STMicroelectronics X-CUBE-TCPP 4.2.0
2025-12-26 10:45:12,673 [INFO] ThirdParty:1030 - CMSIS Pack Vendor :RealThread X-CUBE-RT-Thread_Nano 4.1.1
2025-12-26 10:45:12,673 [INFO] ThirdParty:1030 - CMSIS Pack Vendor :STMicroelectronics FP-ATR-SIGFOX1 3.2.0
2025-12-26 10:45:12,673 [INFO] ThirdParty:1030 - CMSIS Pack Vendor :STMicroelectronics X-CUBE-NFC10 1.0.0
2025-12-26 10:45:12,673 [INFO] ThirdParty:1030 - CMSIS Pack Vendor :STMicroelectronics HAL Drivers 0.0.0
2025-12-26 10:45:12,673 [INFO] ThirdParty:1030 - CMSIS Pack Vendor :STMicroelectronics MBEDTLS 2.16.2
2025-12-26 10:45:12,673 [INFO] ThirdParty:1030 - CMSIS Pack Vendor :STMicroelectronics X-CUBE-ST60 1.1.0
2025-12-26 10:45:12,673 [INFO] ThirdParty:1030 - CMSIS Pack Vendor :STMicroelectronics X-CUBE-ALS 1.0.2
2025-12-26 10:45:12,673 [INFO] ThirdParty:1030 - CMSIS Pack Vendor :emotas I-CUBE-CANOPEN 1.3.0
2025-12-26 10:45:12,673 [INFO] ThirdParty:1030 - CMSIS Pack Vendor :STMicroelectronics MBEDTLS 2.14.1
2025-12-26 10:45:12,673 [INFO] ThirdParty:1030 - CMSIS Pack Vendor :STMicroelectronics X-CUBE-GNSS1 7.1.0
2025-12-26 10:45:12,673 [INFO] ThirdParty:1030 - CMSIS Pack Vendor :ITTIA_DB I-CUBE-ITTIADB 8.9.0
2025-12-26 10:45:12,673 [INFO] ThirdParty:1030 - CMSIS Pack Vendor :STMicroelectronics X-CUBE-TOUCHGFX 4.26.0
2025-12-26 10:45:12,673 [INFO] ThirdParty:1030 - CMSIS Pack Vendor :STMicroelectronics X-CUBE-STSE01 1.0.0
2025-12-26 10:45:12,673 [INFO] ThirdParty:1030 - CMSIS Pack Vendor :STMicroelectronics FP-SNS-STBOX1 2.1.0
2025-12-26 10:45:12,673 [INFO] ThirdParty:1030 - CMSIS Pack Vendor :STMicroelectronics X-CUBE-AI 10.2.0
2025-12-26 10:45:12,673 [INFO] ThirdParty:1030 - CMSIS Pack Vendor :STMicroelectronics FP-SNS-STAIOTCFT 1.0.0
2025-12-26 10:45:12,673 [INFO] ThirdParty:1030 - CMSIS Pack Vendor :STMicroelectronics ThreadX 1.0.0
2025-12-26 10:45:12,673 [INFO] ThirdParty:1030 - CMSIS Pack Vendor :STMicroelectronics FP-SNS-SMARTAG2 1.2.0
2025-12-26 10:45:12,673 [INFO] ThirdParty:1030 - CMSIS Pack Vendor :STMicroelectronics FP-SNS-FLIGHT1 5.1.0
2025-12-26 10:45:12,673 [INFO] ThirdParty:1030 - CMSIS Pack Vendor :STMicroelectronics X-CUBE-AZRTOS-WL 2.0.0
2025-12-26 10:45:12,673 [INFO] ThirdParty:1030 - CMSIS Pack Vendor :SEGGER I-CUBE-embOS 1.3.1
2025-12-26 10:45:12,673 [INFO] ThirdParty:1030 - CMSIS Pack Vendor :STMicroelectronics X-CUBE-ALGOBUILD 1.4.0
2025-12-26 10:45:12,674 [INFO] ThirdParty:1030 - CMSIS Pack Vendor :STMicroelectronics X-CUBE-DPower 1.3.0
2025-12-26 10:45:12,674 [INFO] ThirdParty:1030 - CMSIS Pack Vendor :STMicroelectronics USB_DEVICE 1.0.0
2025-12-26 10:45:12,674 [INFO] ThirdParty:1030 - CMSIS Pack Vendor :STMicroelectronics X-CUBE-AZRTOS-H7RS 1.2.0
2025-12-26 10:45:12,674 [INFO] ThirdParty:1030 - CMSIS Pack Vendor :STMicroelectronics X-CUBE-AZRTOS-L4 2.0.0
2025-12-26 10:45:12,674 [INFO] ThirdParty:1030 - CMSIS Pack Vendor :STMicroelectronics ThreadX 0.0.2
2025-12-26 10:45:12,674 [INFO] ThirdParty:1030 - CMSIS Pack Vendor :STMicroelectronics lwIP 2.1.2
2025-12-26 10:45:12,674 [INFO] ThirdParty:1030 - CMSIS Pack Vendor :STMicroelectronics X-CUBE-SFXS2LP1 4.0.0
2025-12-26 10:45:12,674 [INFO] ThirdParty:1030 - CMSIS Pack Vendor :STMicroelectronics X-CUBE-BLE2 3.3.0
2025-12-26 10:45:12,674 [INFO] ThirdParty:1030 - CMSIS Pack Vendor :STMicroelectronics X-CUBE-TOF1 3.4.3
2025-12-26 10:45:12,674 [INFO] ThirdParty:1030 - CMSIS Pack Vendor :Infineon AIROC-Wi-Fi-Bluetooth-STM32 1.8.0
2025-12-26 10:45:12,674 [INFO] ThirdParty:1030 - CMSIS Pack Vendor :STMicroelectronics PDM2PCM 3.2.0
2025-12-26 10:45:12,674 [INFO] ThirdParty:841 - exiting critical section [change project]
2025-12-26 10:45:13,330 [INFO] PinOutPanel:1589 - setPackage(No Configuration,No Configuration)
2025-12-26 10:45:13,333 [INFO] PinOutPanel:1589 - setPackage(STM32F407VGTx,LQFP100)
2025-12-26 10:45:14,079 [INFO] UtilMem:75 - Before build in PCC Used Memory: 923757128 Bytes (1073741824)
2025-12-26 10:45:15,221 [INFO] UtilMem:75 - After build in PCC Used Memory: 1068673936 Bytes (1073741824)
2025-12-26 10:45:15,392 [INFO] ApiDbMcu:532 - Load IP Config File for USB_HOST
2025-12-26 10:45:15,395 [WARN] BspModel:444 - BSP dependency skipped because of component: name='IOExpander', api='Unknown'
2025-12-26 10:45:15,474 [INFO] IPUIPlugin:80 - create IPUIPlugin
2025-12-26 10:45:15,474 [INFO] IPUIPlugin:80 - create IPUIPlugin
2025-12-26 10:45:15,474 [INFO] IPUIPlugin:80 - create IPUIPlugin
2025-12-26 10:45:15,474 [INFO] IPUIPlugin:80 - create IPUIPlugin
2025-12-26 10:45:15,474 [INFO] IPUIPlugin:80 - create IPUIPlugin
2025-12-26 10:45:15,475 [INFO] IPUIPlugin:80 - create IPUIPlugin
2025-12-26 10:45:15,475 [INFO] IPUIPlugin:80 - create IPUIPlugin
2025-12-26 10:45:15,476 [INFO] IPUIPlugin:80 - create IPUIPlugin
2025-12-26 10:45:15,476 [INFO] IPUIPlugin:80 - create IPUIPlugin
2025-12-26 10:45:15,476 [INFO] IPUIPlugin:80 - create IPUIPlugin
2025-12-26 10:45:15,477 [INFO] IPUIPlugin:80 - create IPUIPlugin
2025-12-26 10:45:15,477 [INFO] IPUIPlugin:80 - create IPUIPlugin
2025-12-26 10:45:15,477 [INFO] IPUIPlugin:80 - create IPUIPlugin
2025-12-26 10:45:15,477 [INFO] IPUIPlugin:80 - create IPUIPlugin
2025-12-26 10:45:15,477 [INFO] IPUIPlugin:80 - create IPUIPlugin
2025-12-26 10:45:15,478 [INFO] IPUIPlugin:80 - create IPUIPlugin
2025-12-26 10:45:15,478 [INFO] IPUIPlugin:80 - create IPUIPlugin
2025-12-26 10:45:15,478 [INFO] IPUIPlugin:80 - create IPUIPlugin
2025-12-26 10:45:15,478 [INFO] IPUIPlugin:80 - create IPUIPlugin
2025-12-26 10:45:15,479 [INFO] IPUIPlugin:80 - create IPUIPlugin
2025-12-26 10:45:15,479 [INFO] IPUIPlugin:80 - create IPUIPlugin
2025-12-26 10:45:15,480 [INFO] IPUIPlugin:80 - create IPUIPlugin
2025-12-26 10:45:15,481 [INFO] IPUIPlugin:80 - create IPUIPlugin
2025-12-26 10:45:15,482 [INFO] IPUIPlugin:80 - create IPUIPlugin
2025-12-26 10:45:15,483 [INFO] IPUIPlugin:80 - create IPUIPlugin
2025-12-26 10:45:15,483 [INFO] IPUIPlugin:80 - create IPUIPlugin
2025-12-26 10:45:15,484 [INFO] IPUIPlugin:80 - create IPUIPlugin
2025-12-26 10:45:15,484 [INFO] IPUIPlugin:80 - create IPUIPlugin
2025-12-26 10:45:15,485 [INFO] IPUIPlugin:80 - create IPUIPlugin
2025-12-26 10:45:15,485 [INFO] IPUIPlugin:80 - create IPUIPlugin
2025-12-26 10:45:15,485 [INFO] IPUIPlugin:80 - create IPUIPlugin
2025-12-26 10:45:15,486 [INFO] IPUIPlugin:80 - create IPUIPlugin
2025-12-26 10:45:15,486 [INFO] IPUIPlugin:80 - create IPUIPlugin
2025-12-26 10:45:15,487 [INFO] IPUIPlugin:80 - create IPUIPlugin
2025-12-26 10:45:15,487 [INFO] IPUIPlugin:80 - create IPUIPlugin
2025-12-26 10:45:15,488 [INFO] IPUIPlugin:80 - create IPUIPlugin
2025-12-26 10:45:15,488 [INFO] IPUIPlugin:80 - create IPUIPlugin
2025-12-26 10:45:15,489 [INFO] IPUIPlugin:80 - create IPUIPlugin
2025-12-26 10:45:15,489 [INFO] IPUIPlugin:80 - create IPUIPlugin
2025-12-26 10:45:15,489 [INFO] IPUIPlugin:80 - create IPUIPlugin
2025-12-26 10:45:15,490 [INFO] IPUIPlugin:80 - create IPUIPlugin
2025-12-26 10:45:15,490 [INFO] IPUIPlugin:80 - create IPUIPlugin
2025-12-26 10:45:15,491 [INFO] IPUIPlugin:80 - create IPUIPlugin
2025-12-26 10:45:15,491 [INFO] IPUIPlugin:80 - create IPUIPlugin
2025-12-26 10:45:15,492 [INFO] IPUIPlugin:80 - create IPUIPlugin
2025-12-26 10:45:15,492 [INFO] IPUIPlugin:80 - create IPUIPlugin
2025-12-26 10:45:15,493 [INFO] IPUIPlugin:80 - create IPUIPlugin
2025-12-26 10:45:15,493 [INFO] IPUIPlugin:80 - create IPUIPlugin
2025-12-26 10:45:15,494 [INFO] IPUIPlugin:80 - create IPUIPlugin
2025-12-26 10:45:15,494 [INFO] IPUIPlugin:80 - create IPUIPlugin
2025-12-26 10:45:15,495 [INFO] IPUIPlugin:80 - create IPUIPlugin
2025-12-26 10:45:15,495 [INFO] IPUIPlugin:80 - create IPUIPlugin
2025-12-26 10:45:15,496 [INFO] IPUIPlugin:80 - create IPUIPlugin
2025-12-26 10:45:15,496 [INFO] IPUIPlugin:80 - create IPUIPlugin
2025-12-26 10:45:15,496 [INFO] IPUIPlugin:80 - create IPUIPlugin
2025-12-26 10:45:15,498 [INFO] IPUIPlugin:80 - create IPUIPlugin
2025-12-26 10:45:15,499 [INFO] IPUIPlugin:80 - create IPUIPlugin
2025-12-26 10:45:15,500 [INFO] IPUIPlugin:80 - create IPUIPlugin
2025-12-26 10:45:15,544 [INFO] ApiDbMcu:532 - Load IP Config File for PDM2PCM
2025-12-26 10:45:15,556 [WARN] IP:2250 - I2C_Coeff_DF not found: check if there is a RefParameter without a condition.
2025-12-26 10:45:15,556 [WARN] IP:2250 - Analog_Filter not found: check if there is a RefParameter without a condition.
2025-12-26 10:45:15,582 [INFO] I2sManager:658 - 9.6E7
2025-12-26 10:45:15,582 [INFO] I2sManager:195 - I2S Clock Value : 9.6E7
2025-12-26 10:45:15,589 [INFO] I2sManager:553 - AudioClock : 93750Divider : 2Odd : 0
2025-12-26 10:45:15,957 [INFO] CADModel:165 - CPN selected for project levelSTM32F407VGT6
2025-12-26 10:45:15,957 [INFO] CADModel:114 - Register for checkConnection events
2025-12-26 10:45:16,008 [INFO] OpenFileManager:386 - Restore cursor
2025-12-26 10:45:16,326 [WARN] IP:2250 - I2C_Coeff_DF not found: check if there is a RefParameter without a condition.
2025-12-26 10:45:16,326 [WARN] IP:2250 - Analog_Filter not found: check if there is a RefParameter without a condition.
2025-12-26 10:45:16,327 [WARN] IP:2250 - I2C_Coeff_DF not found: check if there is a RefParameter without a condition.
2025-12-26 10:45:16,327 [WARN] IP:2250 - Analog_Filter not found: check if there is a RefParameter without a condition.
2025-12-26 10:45:19,783 [INFO] UtilMem:75 - End SaveConfig() Used Memory: 991362440 Bytes (1073741824)
2025-12-26 10:45:19,899 [INFO] UtilMem:75 - End SaveConfig() Used Memory: 1012777704 Bytes (1073741824)
2025-12-26 10:45:20,485 [INFO] BlockDiagram:2775 - set Specific Code input for plugin: SPI
2025-12-26 10:45:20,485 [INFO] BlockDiagram:2775 - set Specific Code input for plugin: I2S
2025-12-26 10:45:20,485 [INFO] BlockDiagram:2775 - set Specific Code input for plugin: SYS
2025-12-26 10:45:20,486 [INFO] BlockDiagram:2775 - set Specific Code input for plugin: RCC
2025-12-26 10:45:20,486 [INFO] BlockDiagram:2775 - set Specific Code input for plugin: I2C
2025-12-26 10:45:20,486 [INFO] BlockDiagram:2775 - set Specific Code input for plugin: USB_OTG_FS
2025-12-26 10:45:20,486 [INFO] BlockDiagram:2775 - set Specific Code input for plugin: NVIC
2025-12-26 10:45:20,486 [INFO] BlockDiagram:2775 - set Specific Code input for plugin: USB_HOST
2025-12-26 10:45:20,487 [INFO] BlockDiagram:2775 - set Specific Code input for plugin: GPIO
2025-12-26 10:45:20,489 [INFO] CodeGenerator:892 - code generatio: config db path: C:\ST\STM32CubeIDE_1.19.0\STM32CubeIDE\plugins\com.st.stm32cube.common.mx_6.15.0.202507011659\\db\
2025-12-26 10:45:20,501 [WARN] IP:2250 - I2C_Coeff_DF not found: check if there is a RefParameter without a condition.
2025-12-26 10:45:20,501 [WARN] IP:2250 - Analog_Filter not found: check if there is a RefParameter without a condition.
2025-12-26 10:45:20,897 [INFO] CodeEngine:265 - oldGeneratedFile, D:\I2C_PROGRAM\LCD_I2C\MXTmpFiles\license.tmp_save
2025-12-26 10:45:21,673 [INFO] CodeEngine:289 - Generated code: D:\I2C_PROGRAM\LCD_I2C\MXTmpFiles\license.tmp
2025-12-26 10:45:21,887 [INFO] CodeEngine:265 - oldGeneratedFile, D:\I2C_PROGRAM\LCD_I2C\MXTmpFiles\gpio.tmp_save
2025-12-26 10:45:22,228 [INFO] CodeEngine:289 - Generated code: D:\I2C_PROGRAM\LCD_I2C\MXTmpFiles\gpio.tmp
2025-12-26 10:45:22,451 [WARN] IPConfigManager:3238 - Warning: the RefConfig PWREx_EnableUSBVoltageDetector is not available in your config.xml file
2025-12-26 10:45:22,469 [INFO] CodeEngine:265 - oldGeneratedFile, D:\I2C_PROGRAM\LCD_I2C\MXTmpFiles\usb_otg_fs_vars.tmp_save
2025-12-26 10:45:22,689 [INFO] CodeEngine:289 - Generated code: D:\I2C_PROGRAM\LCD_I2C\MXTmpFiles\usb_otg_fs_vars.tmp
2025-12-26 10:45:22,707 [INFO] CodeEngine:265 - oldGeneratedFile, D:\I2C_PROGRAM\LCD_I2C\MXTmpFiles\usb_otg_fs_inc.tmp_save
2025-12-26 10:45:22,832 [INFO] CodeEngine:289 - Generated code: D:\I2C_PROGRAM\LCD_I2C\MXTmpFiles\usb_otg_fs_inc.tmp
2025-12-26 10:45:22,853 [INFO] CodeEngine:265 - oldGeneratedFile, D:\I2C_PROGRAM\LCD_I2C\MXTmpFiles\usb_otg_fs_HalInit.tmp_save
2025-12-26 10:45:23,039 [INFO] CodeEngine:289 - Generated code: D:\I2C_PROGRAM\LCD_I2C\MXTmpFiles\usb_otg_fs_HalInit.tmp
2025-12-26 10:45:23,063 [INFO] CodeEngine:265 - oldGeneratedFile, D:\I2C_PROGRAM\LCD_I2C\MXTmpFiles\usb_otg_fs_Msp.tmp_save
2025-12-26 10:45:23,241 [INFO] CodeEngine:289 - Generated code: D:\I2C_PROGRAM\LCD_I2C\MXTmpFiles\usb_otg_fs_Msp.tmp
2025-12-26 10:45:23,723 [INFO] CodeEngine:265 - oldGeneratedFile, D:\I2C_PROGRAM\LCD_I2C\USB_HOST\App\usb_host.c_save
2025-12-26 10:45:23,982 [INFO] CodeEngine:289 - Generated code: D:\I2C_PROGRAM\LCD_I2C\USB_HOST\App\usb_host.c
2025-12-26 10:45:24,004 [INFO] CodeEngine:265 - oldGeneratedFile, D:\I2C_PROGRAM\LCD_I2C\USB_HOST\App\usb_host.h_save
2025-12-26 10:45:24,118 [INFO] CodeEngine:289 - Generated code: D:\I2C_PROGRAM\LCD_I2C\USB_HOST\App\usb_host.h
2025-12-26 10:45:24,134 [INFO] CodeEngine:265 - oldGeneratedFile, D:\I2C_PROGRAM\LCD_I2C\USB_HOST\Target\usbh_conf.h_save
2025-12-26 10:45:24,250 [INFO] CodeEngine:289 - Generated code: D:\I2C_PROGRAM\LCD_I2C\USB_HOST\Target\usbh_conf.h
2025-12-26 10:45:24,271 [INFO] CodeEngine:265 - oldGeneratedFile, D:\I2C_PROGRAM\LCD_I2C\USB_HOST\Target\usbh_conf.c_save
2025-12-26 10:45:24,434 [INFO] CodeEngine:289 - Generated code: D:\I2C_PROGRAM\LCD_I2C\USB_HOST\Target\usbh_conf.c
2025-12-26 10:45:24,455 [INFO] CodeEngine:265 - oldGeneratedFile, D:\I2C_PROGRAM\LCD_I2C\USB_HOST\Target\usbh_platform.c_save
2025-12-26 10:45:24,593 [INFO] CodeEngine:289 - Generated code: D:\I2C_PROGRAM\LCD_I2C\USB_HOST\Target\usbh_platform.c
2025-12-26 10:45:24,615 [INFO] CodeEngine:265 - oldGeneratedFile, D:\I2C_PROGRAM\LCD_I2C\USB_HOST\Target\usbh_platform.h_save
2025-12-26 10:45:24,757 [INFO] CodeEngine:289 - Generated code: D:\I2C_PROGRAM\LCD_I2C\USB_HOST\Target\usbh_platform.h
2025-12-26 10:45:24,797 [INFO] CodeEngine:265 - oldGeneratedFile, D:\I2C_PROGRAM\LCD_I2C\Core\Src\stm32f4xx_it.c_save
2025-12-26 10:45:25,136 [INFO] CodeEngine:289 - Generated code: D:\I2C_PROGRAM\LCD_I2C\Core\Src\stm32f4xx_it.c
2025-12-26 10:45:25,180 [INFO] CodeEngine:265 - oldGeneratedFile, D:\I2C_PROGRAM\LCD_I2C\Core\Inc\stm32f4xx_it.h_save
2025-12-26 10:45:25,389 [INFO] CodeEngine:289 - Generated code: D:\I2C_PROGRAM\LCD_I2C\Core\Inc\stm32f4xx_it.h
2025-12-26 10:45:25,436 [INFO] CodeEngine:265 - oldGeneratedFile, D:\I2C_PROGRAM\LCD_I2C\Core\Src\stm32f4xx_hal_msp.c_save
2025-12-26 10:45:25,742 [INFO] CodeEngine:289 - Generated code: D:\I2C_PROGRAM\LCD_I2C\Core\Src\stm32f4xx_hal_msp.c
2025-12-26 10:45:25,766 [INFO] CodeEngine:265 - oldGeneratedFile, D:\I2C_PROGRAM\LCD_I2C\MXTmpFiles\system.tmp_save
2025-12-26 10:45:25,891 [INFO] CodeEngine:289 - Generated code: D:\I2C_PROGRAM\LCD_I2C\MXTmpFiles\system.tmp
2025-12-26 10:45:25,915 [INFO] CodeEngine:321 - oldGeneratedFile, D:\I2C_PROGRAM\LCD_I2C\Core\Inc\stm32f4xx_hal_conf.h_save
2025-12-26 10:45:26,114 [INFO] CodeEngine:345 - Generated code: D:\I2C_PROGRAM\LCD_I2C\Core\Inc\stm32f4xx_hal_conf.h
2025-12-26 10:45:26,190 [INFO] ApiDbMcu:532 - Load IP Config File for I2C1
2025-12-26 10:45:26,195 [INFO] ApiDbMcu:532 - Load IP Config File for I2S3
2025-12-26 10:45:26,199 [INFO] ApiDbMcu:532 - Load IP Config File for SPI1
2025-12-26 10:45:26,206 [INFO] ApiDbMcu:532 - Load IP Config File for RCC
2025-12-26 10:45:26,230 [INFO] CodeEngine:265 - oldGeneratedFile, D:\I2C_PROGRAM\LCD_I2C\Core\Inc\main.h_save
2025-12-26 10:45:26,496 [INFO] CodeEngine:289 - Generated code: D:\I2C_PROGRAM\LCD_I2C\Core\Inc\main.h
2025-12-26 10:45:26,522 [INFO] CodeEngine:265 - oldGeneratedFile, D:\I2C_PROGRAM\LCD_I2C\Core\Src\main.c_save
2025-12-26 10:45:26,791 [INFO] CodeEngine:289 - Generated code: D:\I2C_PROGRAM\LCD_I2C\Core\Src\main.c
2025-12-26 10:45:27,693 [INFO] ProjectBuilder:3606 - Time for Copy HAL[1] : 295mS.
2025-12-26 10:45:27,707 [INFO] ProjectBuilder:5216 - Project Generator version: 4.7.0-B52
2025-12-26 10:45:27,973 [INFO] ConfigFileManager:1595 - The Die is : DIE413
2025-12-26 10:45:28,031 [INFO] ApiDbMcu:532 - Load IP Config File for FATFS
2025-12-26 10:45:28,065 [INFO] ApiDbMcu:532 - Load IP Config File for FREERTOS
2025-12-26 10:45:28,092 [INFO] ApiDbMcu:532 - Load IP Config File for LIBJPEG
2025-12-26 10:45:28,122 [INFO] ApiDbMcu:532 - Load IP Config File for LWIP
2025-12-26 10:45:28,151 [INFO] ApiDbMcu:532 - Load IP Config File for MBEDTLS
2025-12-26 10:45:28,189 [INFO] ApiDbMcu:532 - Load IP Config File for USB_DEVICE
2025-12-26 10:45:30,269 [INFO] LogOutputStream:77 - [STDOUT_REDIRECT] 
2025-12-26 10:45:35,841 [INFO] ProjectBuilder:5496 - Time for Generating toolchain IDE Files: 8133mS.
2025-12-26 10:45:35,842 [INFO] ProjectBuilder:3463 - Time for Copy CMSIS : 1mS.
2025-12-26 10:45:35,846 [INFO] ProjectBuilder:3463 - Time for Copy CMSIS : 0mS.
2025-12-26 10:45:37,140 [INFO] McuFinderGlobals:76 - Set McuFinderConnectedMode to true
2025-12-26 10:45:37,145 [INFO] ApiDb:448 - Save user favorites file C:\Users\Admin/.stm32cubeide/favorites.mcus.txt: 0 item(s)
2025-12-26 10:45:37,145 [INFO] ApiDb:452 - User favorites MCUs=[]
2025-12-26 10:45:37,148 [INFO] ApiDb:448 - Save user favorites file C:\Users\Admin/.stm32cubeide/favorites.boards.txt: 1 item(s)
2025-12-26 10:45:37,149 [INFO] ApiDb:452 - User favorites Boards=[STM32F407G-DISC1]
2025-12-26 10:45:52,898 [INFO] I2sManager:658 - 9.6E7
2025-12-26 10:45:52,899 [INFO] I2sManager:195 - I2S Clock Value : 9.6E7
2025-12-26 10:45:52,899 [INFO] I2sManager:553 - AudioClock : 93750Divider : 2Odd : 0
2025-12-26 10:46:19,560 [WARN] IP:2250 - I2C_Coeff_DF not found: check if there is a RefParameter without a condition.
2025-12-26 10:46:19,561 [WARN] IP:2250 - Analog_Filter not found: check if there is a RefParameter without a condition.
2025-12-26 10:46:19,561 [WARN] IP:2250 - I2C_Coeff_DF not found: check if there is a RefParameter without a condition.
2025-12-26 10:46:19,561 [WARN] IP:2250 - Analog_Filter not found: check if there is a RefParameter without a condition.
2025-12-26 10:46:19,746 [WARN] IP:2250 - I2C_Coeff_DF not found: check if there is a RefParameter without a condition.
2025-12-26 10:46:19,747 [WARN] IP:2250 - Analog_Filter not found: check if there is a RefParameter without a condition.
2025-12-26 10:46:59,965 [INFO] UtilMem:75 - End SaveConfig() Used Memory: 981141816 Bytes (1073741824)
2025-12-26 10:47:02,994 [INFO] UtilMem:75 - End SaveConfig() Used Memory: 707498200 Bytes (1073741824)
2025-12-26 10:47:06,589 [INFO] UtilMem:75 - End SaveConfig() Used Memory: 756743816 Bytes (1073741824)
2025-12-26 10:47:06,758 [INFO] ProjectBuilder:2380 - IP not ready for code generation: Clock
2025-12-26 10:47:12,725 [INFO] BlockDiagram:2775 - set Specific Code input for plugin: SYS
2025-12-26 10:47:12,725 [INFO] BlockDiagram:2775 - set Specific Code input for plugin: RCC
2025-12-26 10:47:12,726 [INFO] BlockDiagram:2775 - set Specific Code input for plugin: I2C
2025-12-26 10:47:12,726 [INFO] BlockDiagram:2775 - set Specific Code input for plugin: NVIC
2025-12-26 10:47:12,726 [INFO] BlockDiagram:2775 - set Specific Code input for plugin: GPIO
2025-12-26 10:47:12,727 [INFO] CodeGenerator:892 - code generatio: config db path: C:\ST\STM32CubeIDE_1.19.0\STM32CubeIDE\plugins\com.st.stm32cube.common.mx_6.15.0.202507011659\\db\
2025-12-26 10:47:12,729 [WARN] IP:2250 - I2C_Coeff_DF not found: check if there is a RefParameter without a condition.
2025-12-26 10:47:12,729 [WARN] IP:2250 - Analog_Filter not found: check if there is a RefParameter without a condition.
2025-12-26 10:47:12,823 [INFO] CodeEngine:265 - oldGeneratedFile, D:\I2C_PROGRAM\LCD_I2C\MXTmpFiles\license.tmp_save
2025-12-26 10:47:13,008 [INFO] CodeEngine:289 - Generated code: D:\I2C_PROGRAM\LCD_I2C\MXTmpFiles\license.tmp
2025-12-26 10:47:13,026 [INFO] CodeEngine:265 - oldGeneratedFile, D:\I2C_PROGRAM\LCD_I2C\MXTmpFiles\gpio.tmp_save
2025-12-26 10:47:13,183 [INFO] CodeEngine:289 - Generated code: D:\I2C_PROGRAM\LCD_I2C\MXTmpFiles\gpio.tmp
2025-12-26 10:47:13,228 [INFO] CodeEngine:265 - oldGeneratedFile, D:\I2C_PROGRAM\LCD_I2C\Core\Src\stm32f4xx_it.c_save
2025-12-26 10:47:13,541 [INFO] CodeEngine:289 - Generated code: D:\I2C_PROGRAM\LCD_I2C\Core\Src\stm32f4xx_it.c
2025-12-26 10:47:13,548 [INFO] CodeEngine:265 - oldGeneratedFile, D:\I2C_PROGRAM\LCD_I2C\Core\Inc\stm32f4xx_it.h_save
2025-12-26 10:47:13,627 [INFO] CodeEngine:289 - Generated code: D:\I2C_PROGRAM\LCD_I2C\Core\Inc\stm32f4xx_it.h
2025-12-26 10:47:13,639 [INFO] CodeEngine:265 - oldGeneratedFile, D:\I2C_PROGRAM\LCD_I2C\Core\Src\stm32f4xx_hal_msp.c_save
2025-12-26 10:47:13,839 [INFO] CodeEngine:289 - Generated code: D:\I2C_PROGRAM\LCD_I2C\Core\Src\stm32f4xx_hal_msp.c
2025-12-26 10:47:13,842 [INFO] CodeEngine:265 - oldGeneratedFile, D:\I2C_PROGRAM\LCD_I2C\MXTmpFiles\system.tmp_save
2025-12-26 10:47:13,896 [INFO] CodeEngine:289 - Generated code: D:\I2C_PROGRAM\LCD_I2C\MXTmpFiles\system.tmp
2025-12-26 10:47:13,906 [INFO] CodeEngine:321 - oldGeneratedFile, D:\I2C_PROGRAM\LCD_I2C\Core\Inc\stm32f4xx_hal_conf.h_save
2025-12-26 10:47:14,073 [INFO] CodeEngine:345 - Generated code: D:\I2C_PROGRAM\LCD_I2C\Core\Inc\stm32f4xx_hal_conf.h
2025-12-26 10:47:14,136 [INFO] CodeEngine:265 - oldGeneratedFile, D:\I2C_PROGRAM\LCD_I2C\Core\Inc\main.h_save
2025-12-26 10:47:14,328 [INFO] CodeEngine:289 - Generated code: D:\I2C_PROGRAM\LCD_I2C\Core\Inc\main.h
2025-12-26 10:47:14,334 [INFO] CodeEngine:265 - oldGeneratedFile, D:\I2C_PROGRAM\LCD_I2C\Core\Src\main.c_save
2025-12-26 10:47:14,481 [INFO] CodeEngine:289 - Generated code: D:\I2C_PROGRAM\LCD_I2C\Core\Src\main.c
2025-12-26 10:47:14,757 [INFO] ProjectBuilder:3606 - Time for Copy HAL[1] : 118mS.
2025-12-26 10:47:14,759 [INFO] ProjectBuilder:5216 - Project Generator version: 4.7.0-B52
2025-12-26 10:47:14,871 [INFO] ConfigFileManager:1595 - The Die is : DIE413
2025-12-26 10:47:16,631 [INFO] ProjectBuilder:5496 - Time for Generating toolchain IDE Files: 1872mS.
2025-12-26 10:47:16,632 [INFO] ProjectBuilder:3463 - Time for Copy CMSIS : 0mS.
2025-12-26 10:47:16,633 [INFO] ProjectBuilder:3463 - Time for Copy CMSIS : 0mS.
2025-12-26 11:11:03,574 [INFO] MainUpdater:2872 - connection check result : 10
2025-12-26 11:11:03,667 [INFO] McuFinderGlobals:76 - Set McuFinderConnectedMode to true
2025-12-26 11:11:03,668 [INFO] MultiScanPanel:200 - Auto-refresh data requested => check proxy status ongoing
2025-12-26 11:11:03,669 [INFO] FinderPluginLoader:96 - Searching for filters in installed packs
2025-12-26 11:11:05,754 [INFO] LoadUrlFilesThread:185 - End of LoadServerUrlFiles without Thread
2025-12-26 11:11:05,754 [INFO] DetailPanel:341 - Set advertising image to C:/Users/Admin/STM32Cube/Repository/\en.prom-st67w-expansion-board.png
2025-12-26 11:11:09,876 [INFO] MultiScanPanel:200 - Auto-refresh data requested => check proxy status ongoing
2025-12-26 11:11:09,953 [INFO] LoadUrlFilesThread:185 - End of LoadServerUrlFiles without Thread
2025-12-26 11:11:09,953 [INFO] DetailPanel:341 - Set advertising image to C:/Users/Admin/STM32Cube/Repository/\en.prom-st67w-expansion-board.png
2025-12-26 11:12:06,012 [INFO] MainUpdater:2872 - connection check result : 10
2025-12-26 11:12:06,012 [INFO] MainUpdater:2872 - connection check result : 10
2025-12-26 11:12:06,111 [INFO] MicroXplorer:468 - Change Database Path : 
2025-12-26 11:12:06,112 [INFO] MicroXplorer:498 - Change Database Version : DB.6.0.150
2025-12-26 11:12:06,137 [ERROR] ProjectManagerView:395 - 
java.lang.NullPointerException: Cannot invoke "javax.swing.JTextField.getText()" because the return value of "java.util.List.get(int)" is null
	at com.st.microxplorer.plugins.projectmanager.gui.ProjectChoiceTab$9.caretUpdate(ProjectChoiceTab.java:2706) ~[filemanager.jar:?]
	at javax.swing.text.JTextComponent.fireCaretUpdate(JTextComponent.java:408) ~[?:?]
	at javax.swing.text.JTextComponent$MutableCaretEvent.fire(JTextComponent.java:4484) ~[?:?]
	at javax.swing.text.JTextComponent$MutableCaretEvent.stateChanged(JTextComponent.java:4506) ~[?:?]
	at javax.swing.text.DefaultCaret.fireStateChanged(DefaultCaret.java:857) ~[?:?]
	at javax.swing.text.DefaultCaret.changeCaretPosition(DefaultCaret.java:1343) ~[?:?]
	at javax.swing.text.DefaultCaret.handleSetDot(DefaultCaret.java:1242) ~[?:?]
	at javax.swing.text.DefaultCaret.setDot(DefaultCaret.java:1223) ~[?:?]
	at javax.swing.text.DefaultCaret$Handler.insertUpdate(DefaultCaret.java:1819) ~[?:?]
	at javax.swing.text.AbstractDocument.fireInsertUpdate(AbstractDocument.java:227) ~[?:?]
	at javax.swing.text.AbstractDocument.handleInsertString(AbstractDocument.java:781) ~[?:?]
	at javax.swing.text.AbstractDocument.insertString(AbstractDocument.java:740) ~[?:?]
	at javax.swing.text.PlainDocument.insertString(PlainDocument.java:131) ~[?:?]
	at javax.swing.text.AbstractDocument.replace(AbstractDocument.java:699) ~[?:?]
	at javax.swing.text.JTextComponent.setText(JTextComponent.java:1725) ~[?:?]
	at com.st.microxplorer.plugins.projectmanager.gui.ProjectChoiceTab.createHeapStackFields(ProjectChoiceTab.java:993) ~[filemanager.jar:?]
	at com.st.microxplorer.plugins.projectmanager.gui.ProjectChoiceTab.buildLinkSettingsPanel(ProjectChoiceTab.java:3813) ~[filemanager.jar:?]
	at com.st.microxplorer.plugins.projectmanager.gui.ProjectChoiceTab.defineWindowsFields(ProjectChoiceTab.java:1987) ~[filemanager.jar:?]
	at com.st.microxplorer.plugins.projectmanager.gui.ProjectChoiceTab.updateSettings(ProjectChoiceTab.java:558) ~[filemanager.jar:?]
	at com.st.microxplorer.plugins.projectmanager.gui.ProjectSettingsPanel.UpdateDialog(ProjectSettingsPanel.java:247) ~[filemanager.jar:?]
	at com.st.microxplorer.plugins.projectmanager.ProjectManagerView.propertyChange(ProjectManagerView.java:392) ~[filemanager.jar:?]
	at java.beans.PropertyChangeSupport.fire(PropertyChangeSupport.java:343) ~[?:?]
	at java.beans.PropertyChangeSupport.firePropertyChange(PropertyChangeSupport.java:335) ~[?:?]
	at java.beans.PropertyChangeSupport.firePropertyChange(PropertyChangeSupport.java:268) ~[?:?]
	at com.st.microxplorer.util.MXPropertyChangeSupport.firePropertyChange(MXPropertyChangeSupport.java:54) ~[STM32CubeMX.jar:?]
	at com.st.microxplorer.mxsystem.MxSystem.closeConfig(MxSystem.java:899) ~[STM32CubeMX.jar:?]
	at com.st.microxplorer.maingui.MainPanel.closeConfig(MainPanel.java:792) ~[STM32CubeMX.jar:?]
	at com.st.microxplorer.plugins.filemanager.engine.OpenFileManager.loadConfigurationFile(OpenFileManager.java:288) ~[filemanager.jar:?]
	at com.st.microxplorer.plugins.filemanager.engine.MainFileManager.userLoadConfig(MainFileManager.java:364) ~[filemanager.jar:?]
	at com.st.microxplorer.plugins.filemanager.FileManagerView.getSpecificTask(FileManagerView.java:268) ~[filemanager.jar:?]
	at com.st.stm32cube.common.mx.editor.CubeMxEditor.getMxTabbedPaneInstance(CubeMxEditor.java:1191) ~[com.st.stm32cube.common.mx_6.15.0.202507011659/:?]
	at com.st.stm32cube.common.mx.editor.CubeMxEditor$12$1.createSwingComponent(CubeMxEditor.java:1068) ~[com.st.stm32cube.common.mx_6.15.0.202507011659/:?]
	at com.st.stm32cube.common.mx.oss.core.awtswtbridge.EmbeddedSwingComposite.doComponentCreation(EmbeddedSwingComposite.java:492) ~[com.st.stm32cube.common.mx.oss_6.15.0.202507011659/:?]
	at com.st.stm32cube.common.mx.oss.core.awtswtbridge.EmbeddedSwingComposite$4.run(EmbeddedSwingComposite.java:291) ~[com.st.stm32cube.common.mx.oss_6.15.0.202507011659/:?]
	at com.st.stm32cube.common.mx.oss.core.awtswtbridge.AwtEnvironment$2.run(AwtEnvironment.java:166) ~[com.st.stm32cube.common.mx.oss_6.15.0.202507011659/:?]
	at java.awt.event.InvocationEvent.dispatch(InvocationEvent.java:318) ~[?:?]
	at java.awt.EventQueue.dispatchEventImpl(EventQueue.java:773) ~[?:?]
	at java.awt.EventQueue$4.run(EventQueue.java:720) ~[?:?]
	at java.awt.EventQueue$4.run(EventQueue.java:714) ~[?:?]
	at java.security.AccessController.doPrivileged(AccessController.java:400) ~[?:?]
	at java.security.ProtectionDomain$JavaSecurityAccessImpl.doIntersectionPrivilege(ProtectionDomain.java:87) ~[?:?]
	at java.awt.EventQueue.dispatchEvent(EventQueue.java:742) ~[?:?]
	at java.awt.EventDispatchThread.pumpOneEventForFilters(EventDispatchThread.java:203) ~[?:?]
	at java.awt.EventDispatchThread.pumpEventsForFilter(EventDispatchThread.java:124) ~[?:?]
	at java.awt.EventDispatchThread.pumpEventsForHierarchy(EventDispatchThread.java:113) ~[?:?]
	at java.awt.EventDispatchThread.pumpEvents(EventDispatchThread.java:109) ~[?:?]
	at java.awt.EventDispatchThread.pumpEvents(EventDispatchThread.java:101) ~[?:?]
	at java.awt.EventDispatchThread.run(EventDispatchThread.java:90) ~[?:?]
2025-12-26 11:12:06,147 [WARN] ThirdParty:871 - waiting for thirdparty lock release [close project]
2025-12-26 11:12:06,147 [INFO] ThirdParty:873 - entering critical section [close project]
2025-12-26 11:12:06,147 [INFO] ThirdParty:883 - exiting critical section [close project]
2025-12-26 11:12:06,149 [INFO] PinOutPanel:1589 - setPackage(No Configuration,No Configuration)
2025-12-26 11:12:06,160 [WARN] IpParametersView:155 - Warning: This peripheral hasn't parameters
2025-12-26 11:12:06,165 [WARN] MainPanel:289 - <html><b><center>Warning: This peripheral has no parameters to be configured<br></b></html>
2025-12-26 11:12:06,175 [INFO] UtilMem:75 - Begin LoadConfig() Used Memory: 837495968 Bytes (1073741824)
2025-12-26 11:12:06,176 [INFO] OpenFileManager:355 - Change cursor
2025-12-26 11:12:06,196 [INFO] RulesReader:64 - Compatibility file has been processed (317 Rules)
2025-12-26 11:12:06,201 [INFO] ProjectFactory:514 - No CPN specified for board STM32F407G-DISC1 => set CPN to STM32F407VGT6
2025-12-26 11:12:06,201 [INFO] Mcu:2029 - Initializing MCU STM32F407V(E-G)Tx STM32F407VGTx STM32F407VGT6
2025-12-26 11:12:07,806 [INFO] Context:786 - Trying to add GPIOservice into a context  which must be forbidden
2025-12-26 11:12:08,661 [INFO] Rule:233 - rule 117617 - U5Cobra4M][GTZC] default value MPCBB3 and MPCBB5 - Not Secured memory - MPCBB1 is applicable
2025-12-26 11:12:08,661 [INFO] Rule:233 - rule 117617 - U5Cobra4M][GTZC] default value MPCBB3 and MPCBB5 - Not Secured memory - MPCBB1 is applicable
2025-12-26 11:12:08,662 [INFO] Rule:233 - rule 117617 - U5Cobra4M][GTZC] default value MPCBB3 and MPCBB5 - Not Secured memory - MPCBB2 is applicable
2025-12-26 11:12:08,662 [INFO] Rule:233 - rule 117617 - U5Cobra4M][GTZC] default value MPCBB3 and MPCBB5 - Not Secured memory - MPCBB2 is applicable
2025-12-26 11:12:08,662 [INFO] Rule:233 - rule 117617 - U5Cobra4M][GTZC] default value MPCBB3 and MPCBB5 - Not Secured memory - MPCBB3 is applicable
2025-12-26 11:12:08,662 [INFO] Rule:233 - rule 117617 - U5Cobra4M][GTZC] default value MPCBB3 and MPCBB5 - Not Secured memory - MPCBB3 is applicable
2025-12-26 11:12:08,662 [INFO] Rule:233 - rule 117617 - U5Cobra4M][GTZC] default value MPCBB3 and MPCBB5 - Not Secured memory - MPCBB4 is applicable
2025-12-26 11:12:08,662 [INFO] Rule:233 - rule 117617 - U5Cobra4M][GTZC] default value MPCBB3 and MPCBB5 - Not Secured memory - MPCBB4 is applicable
2025-12-26 11:12:08,662 [INFO] Rule:233 - rule 117617 - U5Cobra4M][GTZC] default value MPCBB3 and MPCBB5 - Secured memory - MPCBB1 is applicable
2025-12-26 11:12:08,662 [INFO] Rule:233 - rule 117617 - U5Cobra4M][GTZC] default value MPCBB3 and MPCBB5 - Secured memory - MPCBB2 is applicable
2025-12-26 11:12:08,663 [INFO] Rule:233 - rule 117617 - U5Cobra4M][GTZC] default value MPCBB3 and MPCBB5 - Secured memory - MPCBB3 is applicable
2025-12-26 11:12:08,663 [INFO] Rule:233 - rule 117617 - U5Cobra4M][GTZC] default value MPCBB3 and MPCBB5 - Secured memory - MPCBB4 is applicable
2025-12-26 11:12:08,663 [INFO] Rule:233 - rule 117617 - U5Cobra4M][GTZC] default value MPCBB3 and MPCBB5 - Privileged memory - MPCBB1 is applicable
2025-12-26 11:12:08,663 [INFO] Rule:233 - rule 117617 - U5Cobra4M][GTZC] default value MPCBB3 and MPCBB5 - Privileged memory - MPCBB2 is applicable
2025-12-26 11:12:08,663 [INFO] Rule:233 - rule 117617 - U5Cobra4M][GTZC] default value MPCBB3 and MPCBB5 - Privileged memory - MPCBB3 is applicable
2025-12-26 11:12:08,663 [INFO] Rule:233 - rule 117617 - U5Cobra4M][GTZC] default value MPCBB3 and MPCBB5 - Privileged memory - MPCBB4 is applicable
2025-12-26 11:12:08,663 [INFO] Rule:233 - rule 117617 - U5Cobra4M][GTZC] default value MPCBB3 and MPCBB5 - Not Privileged memory - MPCBB1 is applicable
2025-12-26 11:12:08,663 [INFO] Rule:233 - rule 117617 - U5Cobra4M][GTZC] default value MPCBB3 and MPCBB5 - Not Privileged memory - MPCBB2 is applicable
2025-12-26 11:12:08,663 [INFO] Rule:233 - rule 117617 - U5Cobra4M][GTZC] default value MPCBB3 and MPCBB5 - Not Privileged memory - MPCBB3 is applicable
2025-12-26 11:12:08,663 [INFO] Rule:233 - rule 117617 - U5Cobra4M][GTZC] default value MPCBB3 and MPCBB5 - Not Privileged memory - MPCBB4 is applicable
2025-12-26 11:12:08,663 [INFO] Rule:233 - rule 117617 - U5Cobra4M][GTZC] default value MPCBB3 and MPCBB5 - Privileged memory - MPCBB1 is applicable
2025-12-26 11:12:08,663 [INFO] Rule:233 - rule 117617 - U5Cobra4M][GTZC] default value MPCBB3 and MPCBB5 - Privileged memory - MPCBB2 is applicable
2025-12-26 11:12:08,663 [INFO] Rule:233 - rule 117617 - U5Cobra4M][GTZC] default value MPCBB3 and MPCBB5 - Privileged memory - MPCBB3 is applicable
2025-12-26 11:12:08,663 [INFO] Rule:233 - rule 117617 - U5Cobra4M][GTZC] default value MPCBB3 and MPCBB5 - Privileged memory - MPCBB4 is applicable
2025-12-26 11:12:08,663 [INFO] Rule:233 - rule 117617 - U5Cobra4M][GTZC] default value MPCBB3 and MPCBB5 - Privileged memory - MPCBB1 is applicable
2025-12-26 11:12:08,663 [INFO] Rule:233 - rule 117617 - U5Cobra4M][GTZC] default value MPCBB3 and MPCBB5 - Privileged memory - MPCBB2 is applicable
2025-12-26 11:12:08,663 [INFO] Rule:233 - rule 117617 - U5Cobra4M][GTZC] default value MPCBB3 and MPCBB5 - Privileged memory - MPCBB3 is applicable
2025-12-26 11:12:08,663 [INFO] Rule:233 - rule 117617 - U5Cobra4M][GTZC] default value MPCBB3 and MPCBB5 - Privileged memory - MPCBB4 is applicable
2025-12-26 11:12:08,663 [INFO] Rule:233 - rule 117617 - U5Cobra4M][GTZC] default value MPCBB3 and MPCBB5 - Not Privileged memory - MPCBB1 is applicable
2025-12-26 11:12:08,664 [INFO] Rule:233 - rule 117617 - U5Cobra4M][GTZC] default value MPCBB3 and MPCBB5 - Not Privileged memory - MPCBB2 is applicable
2025-12-26 11:12:08,664 [INFO] Rule:233 - rule 117617 - U5Cobra4M][GTZC] default value MPCBB3 and MPCBB5 - Not Privileged memory - MPCBB3 is applicable
2025-12-26 11:12:08,664 [INFO] Rule:233 - rule 117617 - U5Cobra4M][GTZC] default value MPCBB3 and MPCBB5 - Not Privileged memory - MPCBB4 is applicable
2025-12-26 11:12:08,664 [INFO] Rule:233 - rule 117617 - U5Cobra4M][GTZC] default value MPCBB3 and MPCBB5 - Privileged memory - MPCBB1 is applicable
2025-12-26 11:12:08,664 [INFO] Rule:233 - rule 117617 - U5Cobra4M][GTZC] default value MPCBB3 and MPCBB5 - Privileged memory - MPCBB2 is applicable
2025-12-26 11:12:08,664 [INFO] Rule:233 - rule 117617 - U5Cobra4M][GTZC] default value MPCBB3 and MPCBB5 - Privileged memory - MPCBB3 is applicable
2025-12-26 11:12:08,664 [INFO] Rule:233 - rule 117617 - U5Cobra4M][GTZC] default value MPCBB3 and MPCBB5 - Privileged memory - MPCBB4 is applicable
2025-12-26 11:12:08,664 [INFO] Rule:233 - rule Rename SubGHz_Phy SUBGHZ_APPLICATION SUBGHZ_PINGPONG to SUBGHZ_ADV_APPLICATION is applicable
2025-12-26 11:12:08,664 [INFO] Rule:233 - rule Rename Enabled to IBEACON is applicable
2025-12-26 11:12:08,664 [INFO] Rule:233 - rule GTZC_S instance for project manager is applicable
2025-12-26 11:12:08,664 [INFO] Rule:233 - rule GTZC_S instance for context M33S is applicable
2025-12-26 11:12:08,664 [INFO] Rule:233 - rule GTZC_S instance value for IP GTZC is applicable
2025-12-26 11:12:08,664 [INFO] Rule:233 - rule GTZC_S instance for mcu.IP is applicable
2025-12-26 11:12:08,664 [INFO] Rule:233 - rule GTZC_S instance for VP is applicable
2025-12-26 11:12:08,664 [INFO] Rule:233 - rule GTZC_S instance for signal is applicable
2025-12-26 11:12:08,664 [INFO] Rule:233 - rule GTZC_S instance for mcu.Pin is applicable
2025-12-26 11:12:08,665 [INFO] Rule:233 - rule GTZC_S instance for VP is applicable
2025-12-26 11:12:08,665 [INFO] Rule:233 - rule GTZC_S instance for signal is applicable
2025-12-26 11:12:08,665 [INFO] Rule:233 - rule GTZC_S instance for mcu is applicable
2025-12-26 11:12:08,665 [INFO] Rule:233 - rule GTZC_S instance for mcu.Pin is applicable
2025-12-26 11:12:08,665 [INFO] Rule:233 - rule GTZC_S instance value for IP GTZC is applicable
2025-12-26 11:12:08,665 [INFO] Rule:233 - rule GTZC_S instance for project manager is applicable
2025-12-26 11:12:08,665 [INFO] Rule:233 - rule GTZC_S instance for context M33S is applicable
2025-12-26 11:12:08,665 [INFO] Rule:233 - rule GTZC_S instance for VP is applicable
2025-12-26 11:12:08,665 [INFO] Rule:233 - rule GTZC_S instance for signal is applicable
2025-12-26 11:12:08,665 [INFO] Rule:233 - rule SPDIFRX instance for mcu is applicable
2025-12-26 11:12:08,665 [INFO] Rule:233 - rule Rename Tracer Mode is applicable
2025-12-26 11:12:08,665 [INFO] Rule:233 - rule SPDIFRX instance value for IP SPDIFRX is applicable
2025-12-26 11:12:08,665 [INFO] Rule:233 - rule SPDIFRX instance for signal is applicable
2025-12-26 11:12:08,665 [INFO] Rule:233 - rule SPDIFRX instance for project manager is applicable
2025-12-26 11:12:08,666 [INFO] Rule:233 - rule SPDIFRX instance for project manager is applicable
2025-12-26 11:12:08,666 [INFO] Rule:233 - rule ADC Scan  fix with FW F7 is applicable
2025-12-26 11:12:08,666 [INFO] Rule:233 - rule ADC Scan  fix with FW F7 is applicable
2025-12-26 11:12:08,666 [INFO] Rule:233 - rule WakeUp0 Mode is applicable
2025-12-26 11:12:08,667 [INFO] Rule:233 - rule WakeUp0 SIGNAL is applicable
2025-12-26 11:12:08,667 [INFO] Rule:233 - rule WakeUp1 Mode is applicable
2025-12-26 11:12:08,668 [INFO] Rule:233 - rule WakeUp1 SIGNAL is applicable
2025-12-26 11:12:08,668 [INFO] Rule:233 - rule WakeUp2 Mode is applicable
2025-12-26 11:12:08,668 [INFO] Rule:233 - rule WakeUp2 SIGNAL is applicable
2025-12-26 11:12:08,668 [INFO] Rule:233 - rule WakeUp4 Mode is applicable
2025-12-26 11:12:08,668 [INFO] Rule:233 - rule WakeUp4 SIGNAL is applicable
2025-12-26 11:12:08,668 [INFO] Rule:233 - rule WakeUp5 Mode is applicable
2025-12-26 11:12:08,669 [INFO] Rule:233 - rule WakeUp5 SIGNAL is applicable
2025-12-26 11:12:08,669 [INFO] Rule:233 - rule Add RTC Activate Clock Source is applicable
2025-12-26 11:12:08,669 [INFO] Rule:233 - rule Add RTC Activate Calendar 1 is applicable
2025-12-26 11:12:08,669 [INFO] Rule:233 - rule Add RTC Activate Calendar 2 is applicable
2025-12-26 11:12:08,669 [INFO] Rule:233 - rule Add RTC Activate Calendar 3 is applicable
2025-12-26 11:12:08,669 [INFO] Rule:233 - rule UART/USART TX Mode is applicable
2025-12-26 11:12:08,669 [INFO] Rule:233 - rule UART/USART RX Mode is applicable
2025-12-26 11:12:08,669 [INFO] Rule:233 - rule UART/USART RX TX Mode is applicable
2025-12-26 11:12:08,669 [INFO] Rule:233 - rule UART/USART PARITY NONE is applicable
2025-12-26 11:12:08,669 [INFO] Rule:233 - rule UART/USART PARITY EVEN is applicable
2025-12-26 11:12:08,669 [INFO] Rule:233 - rule UART/USART PARITY ODD is applicable
2025-12-26 11:12:08,669 [INFO] Rule:233 - rule USART StopBits 1 is applicable
2025-12-26 11:12:08,669 [INFO] Rule:233 - rule USART StopBits 2 is applicable
2025-12-26 11:12:08,669 [INFO] Rule:233 - rule USART StopBits 1.5 is applicable
2025-12-26 11:12:08,669 [INFO] Rule:233 - rule USART StopBits 0.5 is applicable
2025-12-26 11:12:08,669 [INFO] Rule:233 - rule UART/USART WORD LENGTH 7 is applicable
2025-12-26 11:12:08,669 [INFO] Rule:233 - rule UART/USART WORD LENGTH 8 is applicable
2025-12-26 11:12:08,669 [INFO] Rule:233 - rule UART/USART WORD LENGTH 9 is applicable
2025-12-26 11:12:08,670 [INFO] Rule:233 - rule Rename FMC NAND NCE signal is applicable
2025-12-26 11:12:08,670 [INFO] Rule:233 - rule Rename FMC NAND INT signal is applicable
2025-12-26 11:12:08,670 [INFO] Rule:233 - rule Change Default Value for LSE Drive Capability for WB family is applicable
2025-12-26 11:12:08,670 [INFO] Rule:233 - rule Change Default Value for ADC Clock Prescaler G0 family is applicable
2025-12-26 11:12:08,670 [INFO] Rule:233 - rule Change Default Value for ADC ExternalTrigConv L4 family is applicable
2025-12-26 11:12:08,670 [INFO] Rule:233 - rule Change Default Value for ADC ExternalTrigInjecConv L4 family is applicable
2025-12-26 11:12:08,670 [INFO] Rule:233 - rule Change Default Value for ADC ExternalTrigConv F3 family is applicable
2025-12-26 11:12:08,670 [INFO] Rule:233 - rule Change Default Value for ADC ExternalTrigInjecConv F3 family is applicable
2025-12-26 11:12:08,670 [INFO] Rule:233 - rule Change Default Value for ADC ExternalTrigConv Goldfish serie is applicable
2025-12-26 11:12:08,670 [INFO] Rule:233 - rule Change Default Value for ADC ExternalTrigInjecConv Goldfish serie is applicable
2025-12-26 11:12:08,670 [INFO] Rule:233 - rule Change Default Value for ADC ExternalTrigConv L0 family is applicable
2025-12-26 11:12:08,670 [INFO] Rule:233 - rule Change Default Value for ADC ExternalTrigConv F0 family is applicable
2025-12-26 11:12:08,670 [INFO] Rule:233 - rule Change Default Value for ADC ExternalTrigConvn L1 family is applicable
2025-12-26 11:12:08,670 [INFO] Rule:233 - rule Change Default Value for ADC ExternalTrigInjecConv L1 family is applicable
2025-12-26 11:12:08,670 [INFO] Rule:233 - rule Change Default Value for ADC ExternalTrigConv F1 family is applicable
2025-12-26 11:12:08,670 [INFO] Rule:233 - rule Change Default Value for ADC ExternalTrigInjecConv F1 family is applicable
2025-12-26 11:12:08,670 [INFO] Rule:233 - rule Change Default Value for ADC ExternalTrigConv F7 family is applicable
2025-12-26 11:12:08,670 [INFO] Rule:233 - rule Change Default Value for ADC ExternalTrigInjecConv F7 family is applicable
2025-12-26 11:12:08,670 [INFO] Rule:233 - rule Change Default Value for ADC ExternalTrigConv F4 and F2 family is applicable
2025-12-26 11:12:08,671 [INFO] Rule:233 - rule Change Default Value for ADC ExternalTrigInjecConv F4 and F2 family is applicable
2025-12-26 11:12:08,671 [INFO] Rule:233 - rule ADC SamplingTime fix with FW L0  is applicable
2025-12-26 11:12:08,671 [INFO] Rule:233 - rule ADC SamplingTime fix with FW L0  is applicable
2025-12-26 11:12:08,671 [INFO] Rule:233 - rule ADC SamplingTime fix with FW L0 is applicable
2025-12-26 11:12:08,671 [INFO] Rule:233 - rule ADC SamplingTime fix with FW L0 is applicable
2025-12-26 11:12:08,671 [INFO] Rule:233 - rule ADC SamplingTime fix with FW L0  is applicable
2025-12-26 11:12:08,671 [INFO] Rule:233 - rule ADC SamplingTime fix with FW L0 is applicable
2025-12-26 11:12:08,671 [INFO] Rule:233 - rule Rename USB_OE Signal is applicable
2025-12-26 11:12:08,671 [INFO] Rule:233 - rule Rename Activate_OE Mode is applicable
2025-12-26 11:12:08,671 [INFO] Rule:233 - rule Rename DIE462/DIE415 pin PC14/OSC32_IN -> PC14-OSC32_IN (PC14) is applicable
2025-12-26 11:12:08,671 [INFO] Rule:233 - rule Rename DIE462/DIE415 pin PC15/OSC32_OUT -> PC15-OSC32_OUT (PC15) is applicable
2025-12-26 11:12:08,671 [INFO] Rule:233 - rule Rename DIE462/DIE415 pin PH0/OSC_IN -> PH0-OSC_IN (PH0) is applicable
2025-12-26 11:12:08,671 [INFO] Rule:233 - rule Rename DIE462/DIE415 pin PH1/OSC_OUT -> PH1-OSC_OUT (PH1) is applicable
2025-12-26 11:12:08,671 [INFO] Rule:233 - rule Rename DIE462 pin PA13 -> PA13 (JTMS/SWDIO) is applicable
2025-12-26 11:12:08,671 [INFO] Rule:233 - rule Rename DIE415 pin PA13 -> PA13 (JTMS/SWDIO) is applicable
2025-12-26 11:12:08,671 [INFO] Rule:233 - rule Rename DIE462 pin PA14 -> PA14 (JTCK/SWCLK) is applicable
2025-12-26 11:12:08,671 [INFO] Rule:233 - rule Rename DIE415 pin PA14 -> PA14 (JTCK/SWCLK) is applicable
2025-12-26 11:12:08,671 [INFO] Rule:233 - rule Rename DIE462/DIE415 pin PA15 -> PA15 (JTDI) is applicable
2025-12-26 11:12:08,671 [INFO] Rule:233 - rule Rename DIE462 pin PB3 -> PB3 (JTD0/TRACESWO) is applicable
2025-12-26 11:12:08,671 [INFO] Rule:233 - rule Rename DIE415 pin PB3 -> PB3 (JTD0-TRACESWO) is applicable
2025-12-26 11:12:08,671 [INFO] Rule:233 - rule Rename DIE462/DIE415 pin PB4 -> PB4 (NJTRST) is applicable
2025-12-26 11:12:08,671 [INFO] Rule:233 - rule Rename DIE462 pin PH3/BOOT0 -> PH3-BOOT0 (BOOT0) is applicable
2025-12-26 11:12:08,672 [INFO] Rule:233 - rule Rename CRYP DataEncryptionTypesList to Algorithm is applicable
2025-12-26 11:12:08,672 [INFO] Rule:233 - rule Rename AES DataEncryptionTypesList to Algorithm is applicable
2025-12-26 11:12:08,672 [INFO] Rule:233 - rule Rename TDESECB to CRYP_TDES_ECB is applicable
2025-12-26 11:12:08,672 [INFO] Rule:233 - rule Rename TDESCBC to CRYP_TDES_CBC is applicable
2025-12-26 11:12:08,672 [INFO] Rule:233 - rule Rename DESECB to CRYP_DES_ECB is applicable
2025-12-26 11:12:08,672 [INFO] Rule:233 - rule Rename DESCBC to CRYP_DES_CBC is applicable
2025-12-26 11:12:08,672 [INFO] Rule:233 - rule Rename AESECB to CRYP_AES_ECB is applicable
2025-12-26 11:12:08,672 [INFO] Rule:233 - rule Rename AESCBC to CRYP_AES_CBC is applicable
2025-12-26 11:12:08,672 [INFO] Rule:233 - rule Rename AESCTR to CRYP_AES_CTR is applicable
2025-12-26 11:12:08,672 [INFO] Rule:233 - rule Rename AESGCM to CRYP_AES_GCM is applicable
2025-12-26 11:12:08,672 [INFO] Rule:233 - rule Rename AESCCM to CRYP_AES_CCM is applicable
2025-12-26 11:12:08,672 [INFO] Rule:233 - rule Rename CAN TimeSeg1 to BS1 is applicable
2025-12-26 11:12:08,672 [INFO] Rule:233 - rule Rename CAN TimeSeg2 to BS2 is applicable
2025-12-26 11:12:08,672 [INFO] Rule:233 - rule Rename CAN SyncJumpWidth to SJW is applicable
2025-12-26 11:12:08,672 [INFO] Rule:233 - rule TimeTriggeredMode to TTCM is applicable
2025-12-26 11:12:08,672 [INFO] Rule:233 - rule Rename CAN AutoBusOff to ABOM is applicable
2025-12-26 11:12:08,672 [INFO] Rule:233 - rule Rename CAN AutoWakeUp to AWUM is applicable
2025-12-26 11:12:08,672 [INFO] Rule:233 - rule Rename CAN AutoRetransmission to NART is applicable
2025-12-26 11:12:08,672 [INFO] Rule:233 - rule Rename CAN ReceiveFifoLocked to RFLM is applicable
2025-12-26 11:12:08,673 [INFO] Rule:233 - rule Rename CAN TransmitFifoPriority to TXFP is applicable
2025-12-26 11:12:08,673 [INFO] Rule:233 - rule Rename HRTIMER HRTIM_OUTPUTFAULTLEVEL_HIGH in HRTIMER HRTIM_OUTPUTFAULTLEVEL_HIGHZ is applicable
2025-12-26 11:12:08,673 [INFO] Rule:233 - rule Rename TIMER TIM_CLEARINPUTSOURCE_OCREFCLR in  TIMER TIM_CLEARINPUTSOURCE_NONE for F7 family is applicable
2025-12-26 11:12:08,673 [INFO] Rule:233 - rule FDCAN_R1 - Rename FDCAN mode Master into Classic is applicable
2025-12-26 11:12:08,673 [INFO] Rule:233 - rule FDCAN_R2 - Rename FDCAN mode Slave into Classic is applicable
2025-12-26 11:12:08,673 [INFO] Rule:233 - rule FDCAN1_R3 - if PA10.Mode=FullDuplex, add Pin PA12 is applicable
2025-12-26 11:12:08,673 [INFO] Rule:233 - rule FDCAN1_R3 - if PA9.Mode=FullDuplex, add Pin PA11 is applicable
2025-12-26 11:12:08,673 [INFO] Rule:233 - rule FDCAN1_R3 - Alternatepin_1 - if PE1.Mode=FullDuplex, add Pin PB9 is applicable
2025-12-26 11:12:08,673 [INFO] Rule:233 - rule FDCAN1_R3 - Alternatepin_1 - if PE0.Mode=FullDuplex, add Pin PB8 is applicable
2025-12-26 11:12:08,673 [INFO] Rule:233 - rule FDCAN1_R3 - Alternatepin_2 - if PD5.Mode=FullDuplex, add Pin PD1 is applicable
2025-12-26 11:12:08,673 [INFO] Rule:233 - rule FDCAN1_R3 - Alternatepin_2 - if PD4.Mode=FullDuplex, add Pin PD0 is applicable
2025-12-26 11:12:08,673 [INFO] Rule:233 - rule FDCAN1_R4 - Rename Mode FullDuplex into Enable FDCAN_TXFD for pin PA10 is applicable
2025-12-26 11:12:08,673 [INFO] Rule:233 - rule FDCAN1_R4 - Rename Mode FullDuplex into Enable FDCAN_TXFD for pin PA9 is applicable
2025-12-26 11:12:08,673 [INFO] Rule:233 - rule FDCAN1_R4 - Alternatepin_1 - Rename Mode FullDuplex into Enable FDCAN_TXFD for pin PE1 is applicable
2025-12-26 11:12:08,673 [INFO] Rule:233 - rule FDCAN1_R4 - Alternatepin_1 - Rename Mode FullDuplex into Enable FDCAN_TXFD for pin PE0 is applicable
2025-12-26 11:12:08,673 [INFO] Rule:233 - rule FDCAN1_R4 - Alternatepin_2 - Rename Mode FullDuplex into Enable FDCAN_TXFD for pin PD5 is applicable
2025-12-26 11:12:08,673 [INFO] Rule:233 - rule FDCAN1_R4 - Alternatepin_2 - Rename Mode FullDuplex into Enable FDCAN_TXFD for pin PD4 is applicable
2025-12-26 11:12:08,674 [INFO] Rule:233 - rule FDCAN2_R3 - if PD10.Mode=FullDuplex, add Pin PB13 is applicable
2025-12-26 11:12:08,674 [INFO] Rule:233 - rule FDCAN2_R3 - if PD9.Mode=FullDuplex, add Pin PB12 is applicable
2025-12-26 11:12:08,674 [INFO] Rule:233 - rule FDCAN2_R3 - Alternatepin_1 - if PB7.Mode=FullDuplex, add Pin PB6 is applicable
2025-12-26 11:12:08,674 [INFO] Rule:233 - rule FDCAN2_R3 - Alternatepin_1 - if PD9.Mode=FullDuplex, add Pin PB12 is applicable
2025-12-26 11:12:08,674 [INFO] Rule:233 - rule FDCAN2_R4 - Rename Mode FullDuplex into Enable FDCAN_TXFD for pin PD10 is applicable
2025-12-26 11:12:08,674 [INFO] Rule:233 - rule FDCAN2_R4 - Rename Mode FullDuplex into Enable FDCAN_TXFD for pin PD9 is applicable
2025-12-26 11:12:08,674 [INFO] Rule:233 - rule FDCAN2_R4 - Alternatepin_1 - Rename Mode FullDuplex into Enable FDCAN_TXFD for pin PB7 is applicable
2025-12-26 11:12:08,674 [INFO] Rule:233 - rule FDCAN2_R4 - Alternatepin_1 - Rename Mode FullDuplex into Enable FDCAN_TXFD for pin PD6 is applicable
2025-12-26 11:12:08,674 [INFO] Rule:233 - rule USART TxPinLevelInvertParam Mode is applicable
2025-12-26 11:12:08,674 [INFO] Rule:233 - rule USART RxPinLevelInvertParam Mode is applicable
2025-12-26 11:12:08,674 [INFO] Rule:233 - rule USART DataInvertParam Mode is applicable
2025-12-26 11:12:08,674 [INFO] Rule:233 - rule USART SwapParam Mode is applicable
2025-12-26 11:12:08,674 [INFO] Rule:233 - rule USART OverrunDisableParam Mode is applicable
2025-12-26 11:12:08,674 [INFO] Rule:233 - rule USART DMADisableonRxErrorParam Mode is applicable
2025-12-26 11:12:08,674 [INFO] Rule:233 - rule USART MSBFirstParam Mode is applicable
2025-12-26 11:12:08,674 [INFO] Rule:233 - rule Update MwName for USB_DEVICE is applicable
2025-12-26 11:12:08,674 [INFO] Rule:233 - rule Change PWR_Regulator_Voltage_Scale Default Value for RCC  H7 family is applicable
2025-12-26 11:12:08,674 [INFO] Rule:233 - rule UART/USART IPParameter rename Prescaler parameter to ClockPrescaler is applicable
2025-12-26 11:12:08,674 [INFO] Rule:233 - rule UART/USART Prescaler rename Prescaler parameter to ClockPrescaler is applicable
2025-12-26 11:12:08,674 [INFO] Rule:233 - rule TIM1CLockSelection is applicable
2025-12-26 11:12:08,675 [INFO] Rule:233 - rule TIM15CLockSelection is applicable
2025-12-26 11:12:08,675 [INFO] Rule:233 - rule align RCC SDMMC3CLockSelection default value on MP1 is applicable
2025-12-26 11:12:08,675 [INFO] Rule:233 - rule align RCC SDMMC12CLockSelection default value on MP1 is applicable
2025-12-26 11:12:08,675 [INFO] Rule:233 - rule align RCC QSPICLockSelection default value on MP1 is applicable
2025-12-26 11:12:08,675 [INFO] Rule:233 - rule align RCC QSPICLockSelection default value on MP1 is applicable
2025-12-26 11:12:08,675 [INFO] Rule:233 - rule align RCC SPI6CLockSelection default value on MP1 is applicable
2025-12-26 11:12:08,675 [INFO] Rule:233 - rule align RCC LPTIM23CLockSelection default value on MP1 is applicable
2025-12-26 11:12:08,675 [INFO] Rule:233 - rule align RCC LPTIM1CLockSelection default value on MP1 is applicable
2025-12-26 11:12:08,675 [INFO] Rule:233 - rule align RCC USART1CLockSelection default value on MP1 is applicable
2025-12-26 11:12:08,675 [INFO] Rule:233 - rule align RCC USART24CLockSelection default value on MP1 is applicable
2025-12-26 11:12:08,675 [INFO] Rule:233 - rule align RCC USART6CLockSelection default value on MP1 is applicable
2025-12-26 11:12:08,675 [INFO] Rule:233 - rule align RCC UART78CLockSelection default value on MP1 is applicable
2025-12-26 11:12:08,675 [INFO] Rule:233 - rule align RCC USART35CLockSelection default value on MP1 is applicable
2025-12-26 11:12:08,675 [INFO] Rule:233 - rule align RCC SPI45CLockSelection default value on MP1 is applicable
2025-12-26 11:12:08,675 [INFO] Rule:233 - rule align RCC I2C46CLockSelection BCLK value on MP1 is applicable
2025-12-26 11:12:08,675 [INFO] Rule:233 - rule align RCC SPI45CLockSelection default value on MP1 is applicable
2025-12-26 11:12:08,676 [INFO] Rule:233 - rule align RCC I2C12CLockSelection default value on MP1 is applicable
2025-12-26 11:12:08,676 [INFO] Rule:233 - rule align RCC I2C35CLockSelection default value on MP1 is applicable
2025-12-26 11:12:08,676 [INFO] Rule:233 - rule align RCC LPTIM45CLockSelection default value on MP1 is applicable
2025-12-26 11:12:08,676 [INFO] Rule:233 - rule Rename DCMI PIXCK signal is applicable
2025-12-26 11:12:08,676 [INFO] Rule:233 - rule Change Default Value for I2C46CLockSelection MP1 family is applicable
2025-12-26 11:12:08,676 [INFO] Rule:233 - rule Change Default Value for UART for G4, G0 and WB families is applicable
2025-12-26 11:12:08,676 [INFO] Rule:233 - rule Change Default Value for USART for G4, G0 and WB families is applicable
2025-12-26 11:12:08,676 [INFO] Rule:233 - rule Change Default Value for USART for G4 family is applicable
2025-12-26 11:12:08,676 [INFO] Rule:233 - rule Change USART1CLockSelection refparam name for MP1 is applicable
2025-12-26 11:12:08,676 [INFO] Rule:233 - rule Change USART2CLockSelection refparam name for MP1 is applicable
2025-12-26 11:12:08,676 [INFO] Rule:233 - rule Change USART3CLockSelection refparam name for MP1 is applicable
2025-12-26 11:12:08,676 [INFO] Rule:233 - rule Change UART4CLockSelection refparam name for MP1 is applicable
2025-12-26 11:12:08,676 [INFO] Rule:233 - rule Change UART5CLockSelection refparam name for MP1 is applicable
2025-12-26 11:12:08,676 [INFO] Rule:233 - rule Change LPUART1CLockSelection refparam name for MP1 is applicable
2025-12-26 11:12:08,676 [INFO] Rule:233 - rule Change LPTIM1CLockSelection refparam name for MP1 is applicable
2025-12-26 11:12:08,676 [INFO] Rule:233 - rule Change LPTIM2CLockSelection refparam name for MP1 is applicable
2025-12-26 11:12:08,676 [INFO] Rule:233 - rule Change RCC_MCO1Source refparam name for MP1 is applicable
2025-12-26 11:12:08,676 [INFO] Rule:233 - rule Change LSCOSource1 refparam name for MP1 is applicable
2025-12-26 11:12:08,676 [INFO] Rule:233 - rule Change SMPSCLockSelection refparam name for MP1 is applicable
2025-12-26 11:12:08,676 [INFO] Rule:233 - rule Change LPTIM3CLockSelection refparam name for MP1 is applicable
2025-12-26 11:12:08,676 [INFO] Rule:233 - rule Change MPCBB* Default Template Mode to Parameters is applicable
2025-12-26 11:12:08,676 [INFO] Rule:233 - rule Change MPCWM* or MPCBB* Secure Mode to Parameters is applicable
2025-12-26 11:12:08,676 [INFO] Rule:233 - rule Change MPCWM* or MPCBB* No Secure Mode to Parameters is applicable
2025-12-26 11:12:08,676 [INFO] Rule:233 - rule Change TZSC IP Secure Mode to Parameters is applicable
2025-12-26 11:12:08,676 [INFO] Rule:233 - rule Change TZSC IP No Secure Mode to Parameters is applicable
2025-12-26 11:12:08,676 [INFO] Rule:233 - rule Change TZSC IP Privilege Mode to Parameters is applicable
2025-12-26 11:12:08,676 [INFO] Rule:233 - rule Change TZSC IP No Privilege Mode to Parameters is applicable
2025-12-26 11:12:08,676 [INFO] Rule:233 - rule Change TZIC IT Secure Mode to Parameters is applicable
2025-12-26 11:12:08,676 [INFO] Rule:233 - rule Change TZIC IT No Secure Mode to Parameters is applicable
2025-12-26 11:12:08,676 [INFO] Rule:233 - rule Add MPCBB1_NonSecureArea_Start_Address value with referenced to MPCBB1_NonSecureArea_Start value is applicable
2025-12-26 11:12:08,677 [INFO] Rule:233 - rule Add MPCBB2_NonSecureArea_Start_Address value with referenced to MPCBB2_NonSecureArea_Start value is applicable
2025-12-26 11:12:08,677 [INFO] Rule:233 - rule Add MPCWM1_NonSecureArea*_Start_Address value with referenced to MPCWM1_NonSecureArea*_Start value is applicable
2025-12-26 11:12:08,677 [INFO] Rule:233 - rule Add MPCWM2_NonSecureArea*_Start_Address value with referenced to MPCWM2_NonSecureArea*_Start value is applicable
2025-12-26 11:12:08,677 [INFO] Rule:233 - rule Add MPCWM3_NonSecureArea_Start_Address value with referenced to MPCWM3_NonSecureArea_Start value is applicable
2025-12-26 11:12:08,677 [INFO] Rule:233 - rule Change Default Value for PLL1UserDefinedConfig is applicable
2025-12-26 11:12:08,677 [INFO] Rule:233 - rule Change GPIO_PuPd Default Value for USART in async mode is applicable
2025-12-26 11:12:08,677 [INFO] Rule:233 - rule Change SMPSDivider Default Value is applicable
2025-12-26 11:12:08,677 [INFO] Rule:233 - rule OPAMP is applicable
2025-12-26 11:12:08,677 [INFO] Rule:233 - rule LPUART IPParameter rename Prescaler parameter to ClockPrescaler for STM32H7 is applicable
2025-12-26 11:12:08,677 [INFO] Rule:233 - rule LPUART IPParameter rename Prescaler parameter to ClockPrescaler for STM32H7 is applicable
2025-12-26 11:12:08,677 [INFO] Rule:233 - rule LPUART IPParameter rename Prescaler parameter to ClockPrescaler for STM32WB is applicable
2025-12-26 11:12:08,677 [INFO] Rule:233 - rule LPUART IPParameter rename Prescaler parameter to ClockPrescaler for STM32WB is applicable
2025-12-26 11:12:08,677 [INFO] Rule:233 - rule LPUART IPParameter rename Prescaler parameter to ClockPrescaler for STM32G4 is applicable
2025-12-26 11:12:08,677 [INFO] Rule:233 - rule LPUART IPParameter rename Prescaler parameter to ClockPrescaler for STM32G4 is applicable
2025-12-26 11:12:08,677 [INFO] Rule:233 - rule LPUART IPParameter rename Prescaler parameter to ClockPrescaler for STM32L5 is applicable
2025-12-26 11:12:08,677 [INFO] Rule:233 - rule LPUART IPParameter rename Prescaler parameter to ClockPrescaler for STM32L5 is applicable
2025-12-26 11:12:08,677 [INFO] Rule:233 - rule LPUART IPParameter rename Prescaler parameter to ClockPrescaler for STM32G4 is applicable
2025-12-26 11:12:08,677 [INFO] Rule:233 - rule LPUART IPParameter rename Prescaler parameter to ClockPrescaler for STM32G4 is applicable
2025-12-26 11:12:08,677 [INFO] Rule:233 - rule USB device lib V2.5.3 for L0 rename USBD_SUPPORT_USER_STRING parameter to USBD_SUPPORT_USER_STRING_DESC4 is applicable
2025-12-26 11:12:08,677 [INFO] Rule:233 - rule I2SCLockSelection clock entry align is applicable
2025-12-26 11:12:08,677 [INFO] Rule:233 - rule Assign TIMx context if used as SYS timebase is applicable
2025-12-26 11:12:08,677 [INFO] Rule:233 - rule Change GPIO_Pu Default Value for I2C is applicable
2025-12-26 11:12:08,677 [INFO] Rule:233 - rule Change GPIO_Pu Default Value for SMBus is applicable
2025-12-26 11:12:08,677 [INFO] Rule:233 - rule change FDCAN default value is applicable
2025-12-26 11:12:08,678 [INFO] Rule:233 - rule Change mode sai is applicable
2025-12-26 11:12:08,678 [INFO] Rule:233 - rule **Change sai mode is applicable
2025-12-26 11:12:08,678 [INFO] Rule:233 - rule Rename STM32WPAN CFG_BLE_IRK to CFG_BLE_IR is applicable
2025-12-26 11:12:08,678 [INFO] Rule:233 - rule Rename STM32WPAN CFG_BLE_ERK to CFG_BLE_ER is applicable
2025-12-26 11:12:08,678 [INFO] Rule:233 - rule Rename STM32WPAN CFG_BLE_IRK_HEX to CFG_BLE_IR_HEX is applicable
2025-12-26 11:12:08,678 [INFO] Rule:233 - rule Rename STM32WPAN CFG_BLE_ERK_HEX to CFG_BLE_ER_HEX is applicable
2025-12-26 11:12:08,678 [INFO] Rule:233 - rule Adapt Old IOC before rework replace old CORTEX_M33/CORTEX_M55 attributes by the new one. is applicable
2025-12-26 11:12:08,678 [INFO] Rule:233 - rule Rename parametre of RCC RCC_APBDBG_DIV2 to RCC_TIMPRES_DIV2 is applicable
2025-12-26 11:12:08,678 [INFO] Rule:233 - rule Rename DIE493 pin PA10 [PA12] -> PA10 is applicable
2025-12-26 11:12:08,678 [INFO] Rule:233 - rule Rename DIE493 pin PA9 [PA11] -> PA9 is applicable
2025-12-26 11:12:08,678 [INFO] Rule:233 - rule Rename DIE492 PartNumber CPN STM32WBA5MJGHx -> STM32WBA5MMGHx is applicable
2025-12-26 11:12:08,678 [INFO] Rule:233 - rule Rename DIE492 PartNumber  Name STM32WBA5MJGHx -> STM32WBA5MMGHx is applicable
2025-12-26 11:12:08,678 [INFO] Rule:233 - rule Rename DIE492 PartNumber UserName STM32WBA5MJGHx -> STM32WBA5MMGHx is applicable
2025-12-26 11:12:08,678 [INFO] Rule:233 - rule Rename DIE492 PartNumber DeviceId STM32WBA5MJGHx -> STM32WBA5MMGHx is applicable
2025-12-26 11:12:08,678 [INFO] Rule:233 - rule Adapt Old IOC CSI. is applicable
2025-12-26 11:12:08,678 [INFO] Rule:233 - rule Adapt Old IOC DCMIPP. is applicable
2025-12-26 11:12:08,678 [INFO] Rule:233 - rule Adapt Old IOC DCMIPP Mode Parallel. is applicable
2025-12-26 11:12:08,678 [INFO] Rule:233 - rule Adapt Old IOC LTDC. is applicable
2025-12-26 11:12:08,678 [INFO] Rule:233 - rule Rename STM32MP2 RIF Peripheral LTDC RIF.RISUP.LTDC_L0L1.Privilege -> RIF.RISUP.LTDC_L1L2.Privilege is applicable
2025-12-26 11:12:08,678 [INFO] Rule:233 - rule Rename STM32MP2 RIF Peripheral LTDC RIF.RISUP.LTDC_L0L1.Privilege -> RIF.RISUP.LTDC_L1L2.Privilege is applicable
2025-12-26 11:12:08,678 [INFO] Rule:233 - rule Rename STM32MP2 RIF Peripheral LTDC RIF.RISUP.LTDC_L0L1.Lock -> RIF.RISUP.LTDC_L1L2.Lock is applicable
2025-12-26 11:12:08,678 [INFO] Rule:233 - rule Rename STM32MP2 RIF Peripheral LTDC RIF.RISUP.LTDC_L2.Lock -> RIF.RISUP.LTDC_L3.Lock is applicable
2025-12-26 11:12:08,678 [INFO] Rule:233 - rule Adapt the old IOC example for updating the SYS when it is misconfigured. is applicable
2025-12-26 11:12:08,679 [INFO] Rule:233 - rule Rename STM32C09 Mcu.Package LQFP64 -> LQFP48 is applicable
2025-12-26 11:12:08,679 [INFO] Rule:233 - rule Adapt the old IOC example for updating the SYS when it is misconfigured. is applicable
2025-12-26 11:12:08,679 [INFO] Rule:233 - rule Adapt the old IOC example for updating the SYS when it is misconfigured. is applicable
2025-12-26 11:12:08,742 [INFO] DbConfProperties:307 - Apply Compatibility (54/282 Rules)
2025-12-26 11:12:08,762 [INFO] ImportTextPane:234 - (OptionalMessage_ERROR) Unable to find key (Mcu.ThirdPartyNb) in loaded IOC file
2025-12-26 11:12:08,766 [INFO] ImportTextPane:234 - (OptionalMessage_ERROR) Pin35 (VP_RIF_VS_RIF1) cannot be retrieved for this MCU
2025-12-26 11:12:08,933 [INFO] RtosManager:558 - Registered RTOS mode: class=CMSIS, group=RTOS, mode=CMSIS_V1, owner=FREERTOS
2025-12-26 11:12:08,933 [INFO] RtosManager:558 - Registered RTOS mode: class=CMSIS, group=RTOS2, mode=CMSIS_V2, owner=FREERTOS
2025-12-26 11:12:08,933 [INFO] RtosManager:558 - Registered RTOS mode: class=RTOS, group=Core, mode=CMSIS_V1, owner=FREERTOS
2025-12-26 11:12:08,933 [INFO] RtosManager:558 - Registered RTOS mode: class=RTOS, group=Core, mode=CMSIS_V2, owner=FREERTOS
2025-12-26 11:12:08,933 [WARN] ModelIntegratedComponent:184 - Missing modes for component STMicroelectronics:FreeRTOS:0.0.1:STMicroelectronics:RTOS:FreeRTOS:Core:::10.2.0:
2025-12-26 11:12:08,946 [WARN] ModelIntegratedComponent:63 - No mode defined for component null
2025-12-26 11:12:08,947 [WARN] ModelIntegratedComponent:63 - No mode defined for component null
2025-12-26 11:12:08,947 [WARN] ModelIntegratedComponent:63 - No mode defined for component null
2025-12-26 11:12:08,947 [WARN] ModelIntegratedComponent:63 - No mode defined for component null
2025-12-26 11:12:08,947 [WARN] ModelIntegratedComponent:63 - No mode defined for component null
2025-12-26 11:12:08,947 [WARN] ModelIntegratedComponent:63 - No mode defined for component null
2025-12-26 11:12:08,947 [WARN] ModelIntegratedComponent:63 - No mode defined for component null
2025-12-26 11:12:08,947 [WARN] ModelIntegratedComponent:63 - No mode defined for component null
2025-12-26 11:12:08,947 [WARN] ModelIntegratedComponent:63 - No mode defined for component null
2025-12-26 11:12:08,947 [WARN] ModelIntegratedComponent:63 - No mode defined for component null
2025-12-26 11:12:08,947 [WARN] ModelIntegratedComponent:63 - No mode defined for component null
2025-12-26 11:12:08,947 [WARN] ModelIntegratedComponent:63 - No mode defined for component null
2025-12-26 11:12:08,947 [WARN] ModelIntegratedComponent:63 - No mode defined for component null
2025-12-26 11:12:08,947 [WARN] ModelIntegratedComponent:63 - No mode defined for component null
2025-12-26 11:12:08,947 [WARN] ModelIntegratedComponent:63 - No mode defined for component null
2025-12-26 11:12:08,947 [WARN] ModelIntegratedComponent:63 - No mode defined for component null
2025-12-26 11:12:08,947 [WARN] ModelIntegratedComponent:63 - No mode defined for component null
2025-12-26 11:12:08,947 [WARN] ModelIntegratedComponent:63 - No mode defined for component null
2025-12-26 11:12:08,947 [WARN] ModelIntegratedComponent:63 - No mode defined for component null
2025-12-26 11:12:08,947 [WARN] ModelIntegratedComponent:63 - No mode defined for component null
2025-12-26 11:12:08,947 [WARN] ModelIntegratedComponent:63 - No mode defined for component null
2025-12-26 11:12:08,947 [WARN] ModelIntegratedComponent:63 - No mode defined for component null
2025-12-26 11:12:08,947 [WARN] ModelIntegratedComponent:63 - No mode defined for component null
2025-12-26 11:12:08,947 [WARN] ModelIntegratedComponent:63 - No mode defined for component null
2025-12-26 11:12:08,947 [WARN] ModelIntegratedComponent:63 - No mode defined for component null
2025-12-26 11:12:08,947 [WARN] ModelIntegratedComponent:63 - No mode defined for component null
2025-12-26 11:12:08,947 [WARN] ModelIntegratedComponent:63 - No mode defined for component null
2025-12-26 11:12:08,947 [WARN] ModelIntegratedComponent:63 - No mode defined for component null
2025-12-26 11:12:08,947 [WARN] ModelIntegratedComponent:63 - No mode defined for component null
2025-12-26 11:12:08,948 [WARN] ModelIntegratedComponent:63 - No mode defined for component null
2025-12-26 11:12:08,948 [WARN] ModelIntegratedComponent:63 - No mode defined for component null
2025-12-26 11:12:08,948 [WARN] ModelIntegratedComponent:63 - No mode defined for component null
2025-12-26 11:12:08,948 [WARN] ModelIntegratedComponent:63 - No mode defined for component null
2025-12-26 11:12:08,948 [WARN] ModelIntegratedComponent:63 - No mode defined for component null
2025-12-26 11:12:08,948 [WARN] ModelIntegratedComponent:63 - No mode defined for component null
2025-12-26 11:12:08,948 [WARN] ModelPack:524 - Component already loaded: STMicroelectronics:HAL Drivers:0.0.0:STMicroelectronics:Device:STMicro_Driver:XSPI:HAL::0.0.1:HAL_XSPI
2025-12-26 11:12:08,985 [INFO] ThirdPartyModel:298 - Start build external matchings
2025-12-26 11:12:09,516 [INFO] ThirdPartyModel:316 - End build external matchings
2025-12-26 11:12:09,533 [INFO] ImportTextPane:234 - (OptionalMessage_ERROR) IP (RCC) : Parameter (RTCHSEDivFreq_Value) has invalid value (4000000)
2025-12-26 11:12:09,864 [INFO] UtilMem:75 - End LoadConfig() Used Memory: 761224120 Bytes (1073741824)
2025-12-26 11:12:09,889 [WARN] ThirdParty:833 - waiting for thirdparty lock release [change project]
2025-12-26 11:12:09,889 [INFO] ThirdParty:835 - entering critical section [change project]
2025-12-26 11:12:09,889 [INFO] ThirdParty:1030 - CMSIS Pack Vendor :STMicroelectronics X-CUBE-PM33A1 1.0.0
2025-12-26 11:12:09,889 [INFO] ThirdParty:1030 - CMSIS Pack Vendor :STMicroelectronics USBPD 4.1
2025-12-26 11:12:09,889 [INFO] ThirdParty:1030 - CMSIS Pack Vendor :STMicroelectronics X-CUBE-NFC9 1.0.0
2025-12-26 11:12:09,890 [INFO] ThirdParty:1030 - CMSIS Pack Vendor :STMicroelectronics USB_HOST 2.0.0
2025-12-26 11:12:09,890 [INFO] ThirdParty:1030 - CMSIS Pack Vendor :STMicroelectronics FP-SNS-MOTENVWB1 1.4.0
2025-12-26 11:12:09,890 [INFO] ThirdParty:1030 - CMSIS Pack Vendor :STMicroelectronics X-CUBE-AZRTOS-F4 1.1.0
2025-12-26 11:12:09,890 [INFO] ThirdParty:1030 - CMSIS Pack Vendor :STMicroelectronics LIBJPEG 8.0.0
2025-12-26 11:12:09,890 [INFO] ThirdParty:1030 - CMSIS Pack Vendor :STMicroelectronics FP-ATR-ASTRA1 2.0.2
2025-12-26 11:12:09,890 [INFO] ThirdParty:1030 - CMSIS Pack Vendor :STMicroelectronics X-CUBE-BLE1 7.1.0
2025-12-26 11:12:09,890 [INFO] ThirdParty:1030 - CMSIS Pack Vendor :STMicroelectronics X-CUBE-SMBUS 2.1.0
2025-12-26 11:12:09,890 [INFO] ThirdParty:1030 - CMSIS Pack Vendor :STMicroelectronics USB_DEVICE 3.0.0
2025-12-26 11:12:09,890 [INFO] ThirdParty:1030 - CMSIS Pack Vendor :STMicroelectronics X-CUBE-ISPU 2.1.0
2025-12-26 11:12:09,890 [INFO] ThirdParty:1030 - CMSIS Pack Vendor :STMicroelectronics X-CUBE-FREERTOS 1.4.0
2025-12-26 11:12:09,890 [INFO] ThirdParty:1030 - CMSIS Pack Vendor :STMicroelectronics X-CUBE-EEPRMA1 5.2.0
2025-12-26 11:12:09,890 [INFO] ThirdParty:1030 - CMSIS Pack Vendor :STMicroelectronics X-CUBE-IPS 3.2.0
2025-12-26 11:12:09,890 [INFO] ThirdParty:1030 - CMSIS Pack Vendor :STMicroelectronics X-CUBE-BLEMGR 4.1.0
2025-12-26 11:12:09,890 [INFO] ThirdParty:1030 - CMSIS Pack Vendor :STMicroelectronics X-CUBE-AZRTOS-WB 2.0.0
2025-12-26 11:12:09,890 [INFO] ThirdParty:1030 - CMSIS Pack Vendor :Cesanta I-CUBE-Mongoose 7.20.0
2025-12-26 11:12:09,890 [INFO] ThirdParty:1030 - CMSIS Pack Vendor :STMicroelectronics X-CUBE-NFC12 1.0.0
2025-12-26 11:12:09,890 [INFO] ThirdParty:1030 - CMSIS Pack Vendor :STMicroelectronics X-CUBE-AZRTOS-F7 1.1.0
2025-12-26 11:12:09,890 [INFO] ThirdParty:1030 - CMSIS Pack Vendor :STMicroelectronics X-CUBE-AZRTOS-L5 2.0.0
2025-12-26 11:12:09,890 [INFO] ThirdParty:1030 - CMSIS Pack Vendor :STMicroelectronics USB_DEVICE 2.0.0
2025-12-26 11:12:09,890 [INFO] ThirdParty:1030 - CMSIS Pack Vendor :STMicroelectronics X-CUBE-NFC6 3.1.0
2025-12-26 11:12:09,890 [INFO] ThirdParty:1030 - CMSIS Pack Vendor :STMicroelectronics X-CUBE-ST67W61 1.1.0
2025-12-26 11:12:09,890 [INFO] ThirdParty:1030 - CMSIS Pack Vendor :quantropi X-CUBE-qispace-sdk-base 2.1.0
2025-12-26 11:12:09,890 [INFO] ThirdParty:1030 - CMSIS Pack Vendor :STMicroelectronics X-CUBE-MEMS1 12.0.0
2025-12-26 11:12:09,890 [INFO] ThirdParty:1030 - CMSIS Pack Vendor :STMicroelectronics FP-SNS-MOTENV1 5.1.0
2025-12-26 11:12:09,890 [INFO] ThirdParty:1030 - CMSIS Pack Vendor :STMicroelectronics FreeRTOS 0.0.1
2025-12-26 11:12:09,890 [INFO] ThirdParty:1030 - CMSIS Pack Vendor :STMicroelectronics X-CUBE-AZRTOS-G0 1.1.0
2025-12-26 11:12:09,890 [INFO] ThirdParty:1030 - CMSIS Pack Vendor :STMicroelectronics X-CUBE-NFC4 3.0.0
2025-12-26 11:12:09,890 [INFO] ThirdParty:1030 - CMSIS Pack Vendor :STMicroelectronics X-CUBE-SUBG2 5.0.0
2025-12-26 11:12:09,890 [INFO] ThirdParty:1030 - CMSIS Pack Vendor :STMicroelectronics STM32_WPAN 1.0.0
2025-12-26 11:12:09,890 [INFO] ThirdParty:1030 - CMSIS Pack Vendor :EmbeddedOffice I-CUBE-FS-RTOS 1.0.1
2025-12-26 11:12:09,890 [INFO] ThirdParty:1030 - CMSIS Pack Vendor :STMicroelectronics lwIP 2.0.3
2025-12-26 11:12:09,890 [INFO] ThirdParty:1030 - CMSIS Pack Vendor :WES I-CUBE-Cesium 1.4.0
2025-12-26 11:12:09,890 [INFO] ThirdParty:1030 - CMSIS Pack Vendor :STMicroelectronics USB_HOST 1.0.0
2025-12-26 11:12:09,890 [INFO] ThirdParty:1030 - CMSIS Pack Vendor :STMicroelectronics X-CUBE-AZRTOS-G4 2.0.0
2025-12-26 11:12:09,891 [INFO] ThirdParty:1030 - CMSIS Pack Vendor :STMicroelectronics X-CUBE-WB05N 2.0.0
2025-12-26 11:12:09,891 [INFO] ThirdParty:1030 - CMSIS Pack Vendor :STMicroelectronics PDM2PCM 3.1.0
2025-12-26 11:12:09,891 [INFO] ThirdParty:1030 - CMSIS Pack Vendor :STMicroelectronics PDM2PCM 3.3.0
2025-12-26 11:12:09,891 [INFO] ThirdParty:1030 - CMSIS Pack Vendor :STMicroelectronics X-CUBE-AZRTOS-H7 3.4.0
2025-12-26 11:12:09,891 [INFO] ThirdParty:1030 - CMSIS Pack Vendor :STMicroelectronics X-CUBE-DISPLAY 3.0.0
2025-12-26 11:12:09,891 [INFO] ThirdParty:1030 - CMSIS Pack Vendor :STMicroelectronics X-CUBE-NFC7 2.0.0
2025-12-26 11:12:09,891 [INFO] ThirdParty:1030 - CMSIS Pack Vendor :STMicroelectronics X-CUBE-TCPP 4.2.0
2025-12-26 11:12:09,891 [INFO] ThirdParty:1030 - CMSIS Pack Vendor :RealThread X-CUBE-RT-Thread_Nano 4.1.1
2025-12-26 11:12:09,891 [INFO] ThirdParty:1030 - CMSIS Pack Vendor :STMicroelectronics FP-ATR-SIGFOX1 3.2.0
2025-12-26 11:12:09,891 [INFO] ThirdParty:1030 - CMSIS Pack Vendor :STMicroelectronics X-CUBE-NFC10 1.0.0
2025-12-26 11:12:09,891 [INFO] ThirdParty:1030 - CMSIS Pack Vendor :STMicroelectronics HAL Drivers 0.0.0
2025-12-26 11:12:09,891 [INFO] ThirdParty:1030 - CMSIS Pack Vendor :STMicroelectronics MBEDTLS 2.16.2
2025-12-26 11:12:09,891 [INFO] ThirdParty:1030 - CMSIS Pack Vendor :STMicroelectronics X-CUBE-ST60 1.1.0
2025-12-26 11:12:09,891 [INFO] ThirdParty:1030 - CMSIS Pack Vendor :STMicroelectronics X-CUBE-ALS 1.0.2
2025-12-26 11:12:09,891 [INFO] ThirdParty:1030 - CMSIS Pack Vendor :emotas I-CUBE-CANOPEN 1.3.0
2025-12-26 11:12:09,891 [INFO] ThirdParty:1030 - CMSIS Pack Vendor :STMicroelectronics MBEDTLS 2.14.1
2025-12-26 11:12:09,891 [INFO] ThirdParty:1030 - CMSIS Pack Vendor :STMicroelectronics X-CUBE-GNSS1 7.1.0
2025-12-26 11:12:09,891 [INFO] ThirdParty:1030 - CMSIS Pack Vendor :ITTIA_DB I-CUBE-ITTIADB 8.9.0
2025-12-26 11:12:09,891 [INFO] ThirdParty:1030 - CMSIS Pack Vendor :STMicroelectronics X-CUBE-TOUCHGFX 4.26.0
2025-12-26 11:12:09,891 [INFO] ThirdParty:1030 - CMSIS Pack Vendor :STMicroelectronics X-CUBE-STSE01 1.0.0
2025-12-26 11:12:09,891 [INFO] ThirdParty:1030 - CMSIS Pack Vendor :STMicroelectronics FP-SNS-STBOX1 2.1.0
2025-12-26 11:12:09,891 [INFO] ThirdParty:1030 - CMSIS Pack Vendor :STMicroelectronics X-CUBE-AI 10.2.0
2025-12-26 11:12:09,891 [INFO] ThirdParty:1030 - CMSIS Pack Vendor :STMicroelectronics FP-SNS-STAIOTCFT 1.0.0
2025-12-26 11:12:09,892 [INFO] ThirdParty:1030 - CMSIS Pack Vendor :STMicroelectronics ThreadX 1.0.0
2025-12-26 11:12:09,892 [INFO] ThirdParty:1030 - CMSIS Pack Vendor :STMicroelectronics FP-SNS-SMARTAG2 1.2.0
2025-12-26 11:12:09,892 [INFO] ThirdParty:1030 - CMSIS Pack Vendor :STMicroelectronics FP-SNS-FLIGHT1 5.1.0
2025-12-26 11:12:09,892 [INFO] ThirdParty:1030 - CMSIS Pack Vendor :STMicroelectronics X-CUBE-AZRTOS-WL 2.0.0
2025-12-26 11:12:09,892 [INFO] ThirdParty:1030 - CMSIS Pack Vendor :SEGGER I-CUBE-embOS 1.3.1
2025-12-26 11:12:09,892 [INFO] ThirdParty:1030 - CMSIS Pack Vendor :STMicroelectronics X-CUBE-ALGOBUILD 1.4.0
2025-12-26 11:12:09,892 [INFO] ThirdParty:1030 - CMSIS Pack Vendor :STMicroelectronics X-CUBE-DPower 1.3.0
2025-12-26 11:12:09,892 [INFO] ThirdParty:1030 - CMSIS Pack Vendor :STMicroelectronics USB_DEVICE 1.0.0
2025-12-26 11:12:09,892 [INFO] ThirdParty:1030 - CMSIS Pack Vendor :STMicroelectronics X-CUBE-AZRTOS-H7RS 1.2.0
2025-12-26 11:12:09,892 [INFO] ThirdParty:1030 - CMSIS Pack Vendor :STMicroelectronics X-CUBE-AZRTOS-L4 2.0.0
2025-12-26 11:12:09,892 [INFO] ThirdParty:1030 - CMSIS Pack Vendor :STMicroelectronics ThreadX 0.0.2
2025-12-26 11:12:09,892 [INFO] ThirdParty:1030 - CMSIS Pack Vendor :STMicroelectronics lwIP 2.1.2
2025-12-26 11:12:09,892 [INFO] ThirdParty:1030 - CMSIS Pack Vendor :STMicroelectronics X-CUBE-SFXS2LP1 4.0.0
2025-12-26 11:12:09,892 [INFO] ThirdParty:1030 - CMSIS Pack Vendor :STMicroelectronics X-CUBE-BLE2 3.3.0
2025-12-26 11:12:09,892 [INFO] ThirdParty:1030 - CMSIS Pack Vendor :STMicroelectronics X-CUBE-TOF1 3.4.3
2025-12-26 11:12:09,892 [INFO] ThirdParty:1030 - CMSIS Pack Vendor :Infineon AIROC-Wi-Fi-Bluetooth-STM32 1.8.0
2025-12-26 11:12:09,892 [INFO] ThirdParty:1030 - CMSIS Pack Vendor :STMicroelectronics PDM2PCM 3.2.0
2025-12-26 11:12:09,892 [INFO] ThirdParty:841 - exiting critical section [change project]
2025-12-26 11:12:10,284 [INFO] PinOutPanel:1589 - setPackage(No Configuration,No Configuration)
2025-12-26 11:12:10,286 [INFO] PinOutPanel:1589 - setPackage(STM32F407VGTx,LQFP100)
2025-12-26 11:12:10,629 [INFO] UtilMem:75 - Before build in PCC Used Memory: 961803824 Bytes (1073741824)
2025-12-26 11:12:10,964 [INFO] UtilMem:75 - After build in PCC Used Memory: 762101440 Bytes (1073741824)
2025-12-26 11:12:10,973 [INFO] ApiDbMcu:532 - Load IP Config File for USB_HOST
2025-12-26 11:12:10,974 [WARN] BspModel:444 - BSP dependency skipped because of component: name='IOExpander', api='Unknown'
2025-12-26 11:12:11,004 [INFO] IPUIPlugin:80 - create IPUIPlugin
2025-12-26 11:12:11,005 [INFO] IPUIPlugin:80 - create IPUIPlugin
2025-12-26 11:12:11,005 [INFO] IPUIPlugin:80 - create IPUIPlugin
2025-12-26 11:12:11,005 [INFO] IPUIPlugin:80 - create IPUIPlugin
2025-12-26 11:12:11,005 [INFO] IPUIPlugin:80 - create IPUIPlugin
2025-12-26 11:12:11,006 [INFO] IPUIPlugin:80 - create IPUIPlugin
2025-12-26 11:12:11,006 [INFO] IPUIPlugin:80 - create IPUIPlugin
2025-12-26 11:12:11,006 [INFO] IPUIPlugin:80 - create IPUIPlugin
2025-12-26 11:12:11,006 [INFO] IPUIPlugin:80 - create IPUIPlugin
2025-12-26 11:12:11,006 [INFO] IPUIPlugin:80 - create IPUIPlugin
2025-12-26 11:12:11,006 [INFO] IPUIPlugin:80 - create IPUIPlugin
2025-12-26 11:12:11,006 [INFO] IPUIPlugin:80 - create IPUIPlugin
2025-12-26 11:12:11,006 [INFO] IPUIPlugin:80 - create IPUIPlugin
2025-12-26 11:12:11,006 [INFO] IPUIPlugin:80 - create IPUIPlugin
2025-12-26 11:12:11,006 [INFO] IPUIPlugin:80 - create IPUIPlugin
2025-12-26 11:12:11,006 [INFO] IPUIPlugin:80 - create IPUIPlugin
2025-12-26 11:12:11,007 [INFO] IPUIPlugin:80 - create IPUIPlugin
2025-12-26 11:12:11,007 [INFO] IPUIPlugin:80 - create IPUIPlugin
2025-12-26 11:12:11,007 [INFO] IPUIPlugin:80 - create IPUIPlugin
2025-12-26 11:12:11,007 [INFO] IPUIPlugin:80 - create IPUIPlugin
2025-12-26 11:12:11,007 [INFO] IPUIPlugin:80 - create IPUIPlugin
2025-12-26 11:12:11,007 [INFO] IPUIPlugin:80 - create IPUIPlugin
2025-12-26 11:12:11,007 [INFO] IPUIPlugin:80 - create IPUIPlugin
2025-12-26 11:12:11,007 [INFO] IPUIPlugin:80 - create IPUIPlugin
2025-12-26 11:12:11,008 [INFO] IPUIPlugin:80 - create IPUIPlugin
2025-12-26 11:12:11,008 [INFO] IPUIPlugin:80 - create IPUIPlugin
2025-12-26 11:12:11,008 [INFO] IPUIPlugin:80 - create IPUIPlugin
2025-12-26 11:12:11,008 [INFO] IPUIPlugin:80 - create IPUIPlugin
2025-12-26 11:12:11,008 [INFO] IPUIPlugin:80 - create IPUIPlugin
2025-12-26 11:12:11,008 [INFO] IPUIPlugin:80 - create IPUIPlugin
2025-12-26 11:12:11,009 [INFO] IPUIPlugin:80 - create IPUIPlugin
2025-12-26 11:12:11,009 [INFO] IPUIPlugin:80 - create IPUIPlugin
2025-12-26 11:12:11,009 [INFO] IPUIPlugin:80 - create IPUIPlugin
2025-12-26 11:12:11,010 [INFO] IPUIPlugin:80 - create IPUIPlugin
2025-12-26 11:12:11,010 [INFO] IPUIPlugin:80 - create IPUIPlugin
2025-12-26 11:12:11,010 [INFO] IPUIPlugin:80 - create IPUIPlugin
2025-12-26 11:12:11,011 [INFO] IPUIPlugin:80 - create IPUIPlugin
2025-12-26 11:12:11,011 [INFO] IPUIPlugin:80 - create IPUIPlugin
2025-12-26 11:12:11,011 [INFO] IPUIPlugin:80 - create IPUIPlugin
2025-12-26 11:12:11,012 [INFO] IPUIPlugin:80 - create IPUIPlugin
2025-12-26 11:12:11,012 [INFO] IPUIPlugin:80 - create IPUIPlugin
2025-12-26 11:12:11,012 [INFO] IPUIPlugin:80 - create IPUIPlugin
2025-12-26 11:12:11,012 [INFO] IPUIPlugin:80 - create IPUIPlugin
2025-12-26 11:12:11,012 [INFO] IPUIPlugin:80 - create IPUIPlugin
2025-12-26 11:12:11,013 [INFO] IPUIPlugin:80 - create IPUIPlugin
2025-12-26 11:12:11,013 [INFO] IPUIPlugin:80 - create IPUIPlugin
2025-12-26 11:12:11,013 [INFO] IPUIPlugin:80 - create IPUIPlugin
2025-12-26 11:12:11,013 [INFO] IPUIPlugin:80 - create IPUIPlugin
2025-12-26 11:12:11,013 [INFO] IPUIPlugin:80 - create IPUIPlugin
2025-12-26 11:12:11,014 [INFO] IPUIPlugin:80 - create IPUIPlugin
2025-12-26 11:12:11,014 [INFO] IPUIPlugin:80 - create IPUIPlugin
2025-12-26 11:12:11,014 [INFO] IPUIPlugin:80 - create IPUIPlugin
2025-12-26 11:12:11,015 [INFO] IPUIPlugin:80 - create IPUIPlugin
2025-12-26 11:12:11,015 [INFO] IPUIPlugin:80 - create IPUIPlugin
2025-12-26 11:12:11,015 [INFO] IPUIPlugin:80 - create IPUIPlugin
2025-12-26 11:12:11,016 [INFO] IPUIPlugin:80 - create IPUIPlugin
2025-12-26 11:12:11,016 [INFO] IPUIPlugin:80 - create IPUIPlugin
2025-12-26 11:12:11,017 [INFO] IPUIPlugin:80 - create IPUIPlugin
2025-12-26 11:12:11,021 [INFO] ApiDbMcu:532 - Load IP Config File for PDM2PCM
2025-12-26 11:12:11,022 [WARN] IP:2250 - I2C_Coeff_DF not found: check if there is a RefParameter without a condition.
2025-12-26 11:12:11,022 [WARN] IP:2250 - Analog_Filter not found: check if there is a RefParameter without a condition.
2025-12-26 11:12:11,024 [INFO] I2sManager:658 - 9.6E7
2025-12-26 11:12:11,024 [INFO] I2sManager:195 - I2S Clock Value : 9.6E7
2025-12-26 11:12:11,025 [INFO] I2sManager:553 - AudioClock : 93750Divider : 2Odd : 0
2025-12-26 11:12:11,087 [INFO] CADModel:165 - CPN selected for project levelSTM32F407VGT6
2025-12-26 11:12:11,087 [INFO] CADModel:114 - Register for checkConnection events
2025-12-26 11:12:11,137 [INFO] OpenFileManager:386 - Restore cursor
2025-12-26 11:12:11,330 [WARN] IP:2250 - I2C_Coeff_DF not found: check if there is a RefParameter without a condition.
2025-12-26 11:12:11,330 [WARN] IP:2250 - Analog_Filter not found: check if there is a RefParameter without a condition.
2025-12-26 11:12:11,330 [WARN] IP:2250 - I2C_Coeff_DF not found: check if there is a RefParameter without a condition.
2025-12-26 11:12:11,330 [WARN] IP:2250 - Analog_Filter not found: check if there is a RefParameter without a condition.
2025-12-26 11:12:11,613 [INFO] UtilMem:75 - End SaveConfig() Used Memory: 896821312 Bytes (1073741824)
2025-12-26 11:12:11,746 [INFO] UtilMem:75 - End SaveConfig() Used Memory: 918088424 Bytes (1073741824)
2025-12-26 11:12:11,906 [INFO] BlockDiagram:2775 - set Specific Code input for plugin: SPI
2025-12-26 11:12:11,906 [INFO] BlockDiagram:2775 - set Specific Code input for plugin: I2S
2025-12-26 11:12:11,906 [INFO] BlockDiagram:2775 - set Specific Code input for plugin: SYS
2025-12-26 11:12:11,906 [INFO] BlockDiagram:2775 - set Specific Code input for plugin: RCC
2025-12-26 11:12:11,906 [INFO] BlockDiagram:2775 - set Specific Code input for plugin: I2C
2025-12-26 11:12:11,906 [INFO] BlockDiagram:2775 - set Specific Code input for plugin: USB_OTG_FS
2025-12-26 11:12:11,906 [INFO] BlockDiagram:2775 - set Specific Code input for plugin: NVIC
2025-12-26 11:12:11,906 [INFO] BlockDiagram:2775 - set Specific Code input for plugin: USB_HOST
2025-12-26 11:12:11,906 [INFO] BlockDiagram:2775 - set Specific Code input for plugin: GPIO
2025-12-26 11:12:11,908 [INFO] CodeGenerator:892 - code generatio: config db path: C:\ST\STM32CubeIDE_1.19.0\STM32CubeIDE\plugins\com.st.stm32cube.common.mx_6.15.0.202507011659\\db\
2025-12-26 11:12:11,911 [WARN] IP:2250 - I2C_Coeff_DF not found: check if there is a RefParameter without a condition.
2025-12-26 11:12:11,911 [WARN] IP:2250 - Analog_Filter not found: check if there is a RefParameter without a condition.
2025-12-26 11:12:12,041 [INFO] CodeEngine:265 - oldGeneratedFile, D:\I2C_PROGRAM\Assign8_Q1\MXTmpFiles\license.tmp_save
2025-12-26 11:12:12,370 [INFO] CodeEngine:289 - Generated code: D:\I2C_PROGRAM\Assign8_Q1\MXTmpFiles\license.tmp
2025-12-26 11:12:12,426 [INFO] CodeEngine:265 - oldGeneratedFile, D:\I2C_PROGRAM\Assign8_Q1\MXTmpFiles\gpio.tmp_save
2025-12-26 11:12:12,634 [INFO] CodeEngine:289 - Generated code: D:\I2C_PROGRAM\Assign8_Q1\MXTmpFiles\gpio.tmp
2025-12-26 11:12:12,710 [WARN] IPConfigManager:3238 - Warning: the RefConfig PWREx_EnableUSBVoltageDetector is not available in your config.xml file
2025-12-26 11:12:12,722 [INFO] CodeEngine:265 - oldGeneratedFile, D:\I2C_PROGRAM\Assign8_Q1\MXTmpFiles\usb_otg_fs_vars.tmp_save
2025-12-26 11:12:12,901 [INFO] CodeEngine:289 - Generated code: D:\I2C_PROGRAM\Assign8_Q1\MXTmpFiles\usb_otg_fs_vars.tmp
2025-12-26 11:12:12,905 [INFO] CodeEngine:265 - oldGeneratedFile, D:\I2C_PROGRAM\Assign8_Q1\MXTmpFiles\usb_otg_fs_inc.tmp_save
2025-12-26 11:12:12,983 [INFO] CodeEngine:289 - Generated code: D:\I2C_PROGRAM\Assign8_Q1\MXTmpFiles\usb_otg_fs_inc.tmp
2025-12-26 11:12:12,988 [INFO] CodeEngine:265 - oldGeneratedFile, D:\I2C_PROGRAM\Assign8_Q1\MXTmpFiles\usb_otg_fs_HalInit.tmp_save
2025-12-26 11:12:13,115 [INFO] CodeEngine:289 - Generated code: D:\I2C_PROGRAM\Assign8_Q1\MXTmpFiles\usb_otg_fs_HalInit.tmp
2025-12-26 11:12:13,123 [INFO] CodeEngine:265 - oldGeneratedFile, D:\I2C_PROGRAM\Assign8_Q1\MXTmpFiles\usb_otg_fs_Msp.tmp_save
2025-12-26 11:12:13,242 [INFO] CodeEngine:289 - Generated code: D:\I2C_PROGRAM\Assign8_Q1\MXTmpFiles\usb_otg_fs_Msp.tmp
2025-12-26 11:12:13,487 [INFO] CodeEngine:265 - oldGeneratedFile, D:\I2C_PROGRAM\Assign8_Q1\USB_HOST\App\usb_host.c_save
2025-12-26 11:12:13,694 [INFO] CodeEngine:289 - Generated code: D:\I2C_PROGRAM\Assign8_Q1\USB_HOST\App\usb_host.c
2025-12-26 11:12:13,702 [INFO] CodeEngine:265 - oldGeneratedFile, D:\I2C_PROGRAM\Assign8_Q1\USB_HOST\App\usb_host.h_save
2025-12-26 11:12:13,807 [INFO] CodeEngine:289 - Generated code: D:\I2C_PROGRAM\Assign8_Q1\USB_HOST\App\usb_host.h
2025-12-26 11:12:13,826 [INFO] CodeEngine:265 - oldGeneratedFile, D:\I2C_PROGRAM\Assign8_Q1\USB_HOST\Target\usbh_conf.h_save
2025-12-26 11:12:13,911 [INFO] CodeEngine:289 - Generated code: D:\I2C_PROGRAM\Assign8_Q1\USB_HOST\Target\usbh_conf.h
2025-12-26 11:12:13,919 [INFO] CodeEngine:265 - oldGeneratedFile, D:\I2C_PROGRAM\Assign8_Q1\USB_HOST\Target\usbh_conf.c_save
2025-12-26 11:12:14,059 [INFO] CodeEngine:289 - Generated code: D:\I2C_PROGRAM\Assign8_Q1\USB_HOST\Target\usbh_conf.c
2025-12-26 11:12:14,082 [INFO] CodeEngine:265 - oldGeneratedFile, D:\I2C_PROGRAM\Assign8_Q1\USB_HOST\Target\usbh_platform.c_save
2025-12-26 11:12:14,204 [INFO] CodeEngine:289 - Generated code: D:\I2C_PROGRAM\Assign8_Q1\USB_HOST\Target\usbh_platform.c
2025-12-26 11:12:14,211 [INFO] CodeEngine:265 - oldGeneratedFile, D:\I2C_PROGRAM\Assign8_Q1\USB_HOST\Target\usbh_platform.h_save
2025-12-26 11:12:14,290 [INFO] CodeEngine:289 - Generated code: D:\I2C_PROGRAM\Assign8_Q1\USB_HOST\Target\usbh_platform.h
2025-12-26 11:12:14,308 [INFO] CodeEngine:265 - oldGeneratedFile, D:\I2C_PROGRAM\Assign8_Q1\Core\Src\stm32f4xx_it.c_save
2025-12-26 11:12:14,571 [INFO] CodeEngine:289 - Generated code: D:\I2C_PROGRAM\Assign8_Q1\Core\Src\stm32f4xx_it.c
2025-12-26 11:12:14,576 [INFO] CodeEngine:265 - oldGeneratedFile, D:\I2C_PROGRAM\Assign8_Q1\Core\Inc\stm32f4xx_it.h_save
2025-12-26 11:12:14,634 [INFO] CodeEngine:289 - Generated code: D:\I2C_PROGRAM\Assign8_Q1\Core\Inc\stm32f4xx_it.h
2025-12-26 11:12:14,675 [INFO] CodeEngine:265 - oldGeneratedFile, D:\I2C_PROGRAM\Assign8_Q1\Core\Src\stm32f4xx_hal_msp.c_save
2025-12-26 11:12:14,862 [INFO] CodeEngine:289 - Generated code: D:\I2C_PROGRAM\Assign8_Q1\Core\Src\stm32f4xx_hal_msp.c
2025-12-26 11:12:14,875 [INFO] CodeEngine:265 - oldGeneratedFile, D:\I2C_PROGRAM\Assign8_Q1\MXTmpFiles\system.tmp_save
2025-12-26 11:12:14,927 [INFO] CodeEngine:289 - Generated code: D:\I2C_PROGRAM\Assign8_Q1\MXTmpFiles\system.tmp
2025-12-26 11:12:14,936 [INFO] CodeEngine:321 - oldGeneratedFile, D:\I2C_PROGRAM\Assign8_Q1\Core\Inc\stm32f4xx_hal_conf.h_save
2025-12-26 11:12:15,079 [INFO] CodeEngine:345 - Generated code: D:\I2C_PROGRAM\Assign8_Q1\Core\Inc\stm32f4xx_hal_conf.h
2025-12-26 11:12:15,123 [INFO] ApiDbMcu:532 - Load IP Config File for I2C1
2025-12-26 11:12:15,126 [INFO] ApiDbMcu:532 - Load IP Config File for I2S3
2025-12-26 11:12:15,128 [INFO] ApiDbMcu:532 - Load IP Config File for SPI1
2025-12-26 11:12:15,131 [INFO] ApiDbMcu:532 - Load IP Config File for RCC
2025-12-26 11:12:15,141 [INFO] CodeEngine:265 - oldGeneratedFile, D:\I2C_PROGRAM\Assign8_Q1\Core\Inc\main.h_save
2025-12-26 11:12:15,289 [INFO] CodeEngine:289 - Generated code: D:\I2C_PROGRAM\Assign8_Q1\Core\Inc\main.h
2025-12-26 11:12:15,294 [INFO] CodeEngine:265 - oldGeneratedFile, D:\I2C_PROGRAM\Assign8_Q1\Core\Src\main.c_save
2025-12-26 11:12:15,415 [INFO] CodeEngine:289 - Generated code: D:\I2C_PROGRAM\Assign8_Q1\Core\Src\main.c
2025-12-26 11:12:15,821 [INFO] ProjectBuilder:3606 - Time for Copy HAL[1] : 236mS.
2025-12-26 11:12:15,825 [INFO] ProjectBuilder:5216 - Project Generator version: 4.7.0-B52
2025-12-26 11:12:15,897 [INFO] ConfigFileManager:1595 - The Die is : DIE413
2025-12-26 11:12:15,900 [INFO] ApiDbMcu:532 - Load IP Config File for FATFS
2025-12-26 11:12:15,903 [INFO] ApiDbMcu:532 - Load IP Config File for FREERTOS
2025-12-26 11:12:15,905 [INFO] ApiDbMcu:532 - Load IP Config File for LIBJPEG
2025-12-26 11:12:15,910 [INFO] ApiDbMcu:532 - Load IP Config File for LWIP
2025-12-26 11:12:15,915 [INFO] ApiDbMcu:532 - Load IP Config File for MBEDTLS
2025-12-26 11:12:15,920 [INFO] ApiDbMcu:532 - Load IP Config File for USB_DEVICE
2025-12-26 11:12:18,099 [INFO] ProjectBuilder:5496 - Time for Generating toolchain IDE Files: 2274mS.
2025-12-26 11:12:18,100 [INFO] ProjectBuilder:3463 - Time for Copy CMSIS : 1mS.
2025-12-26 11:12:18,103 [INFO] ProjectBuilder:3463 - Time for Copy CMSIS : 0mS.
2025-12-26 11:12:18,931 [INFO] McuFinderGlobals:76 - Set McuFinderConnectedMode to true
2025-12-26 11:12:18,934 [INFO] ApiDb:448 - Save user favorites file C:\Users\Admin/.stm32cubeide/favorites.mcus.txt: 0 item(s)
2025-12-26 11:12:18,934 [INFO] ApiDb:452 - User favorites MCUs=[]
2025-12-26 11:12:18,936 [INFO] ApiDb:448 - Save user favorites file C:\Users\Admin/.stm32cubeide/favorites.boards.txt: 1 item(s)
2025-12-26 11:12:18,936 [INFO] ApiDb:452 - User favorites Boards=[STM32F407G-DISC1]
2025-12-26 11:12:45,700 [WARN] IP:2250 - I2C_Coeff_DF not found: check if there is a RefParameter without a condition.
2025-12-26 11:12:45,701 [WARN] IP:2250 - Analog_Filter not found: check if there is a RefParameter without a condition.
2025-12-26 11:14:05,962 [ERROR] LogOutputStream:75 - [STDERR_REDIRECT] Exception in thread "AWT-EventQueue-0" java.lang.ClassCastException: class sun.awt.windows.WEmbeddedFrame cannot be cast to class javax.swing.JFrame (sun.awt.windows.WEmbeddedFrame and javax.swing.JFrame are in module java.desktop of loader 'bootstrap')
2025-12-26 11:14:05,964 [ERROR] LogOutputStream:75 - [STDERR_REDIRECT] 	at com.st.microxplorer.plugins.clock.ClockConfigurationView.activatePlugin(ClockConfigurationView.java:424)
2025-12-26 11:14:05,967 [ERROR] LogOutputStream:75 - [STDERR_REDIRECT] 	at com.st.microxplorer.maingui.MainPanel$1.stateChanged(MainPanel.java:385)
2025-12-26 11:14:05,970 [ERROR] LogOutputStream:75 - [STDERR_REDIRECT] 	at java.desktop/javax.swing.JTabbedPane.fireStateChanged(JTabbedPane.java:446)
2025-12-26 11:14:05,971 [ERROR] LogOutputStream:75 - [STDERR_REDIRECT] 	at java.desktop/javax.swing.JTabbedPane$ModelListener.stateChanged(JTabbedPane.java:297)
2025-12-26 11:14:05,973 [ERROR] LogOutputStream:75 - [STDERR_REDIRECT] 	at java.desktop/javax.swing.DefaultSingleSelectionModel.fireStateChanged(DefaultSingleSelectionModel.java:148)
2025-12-26 11:14:05,974 [ERROR] LogOutputStream:75 - [STDERR_REDIRECT] 	at java.desktop/javax.swing.DefaultSingleSelectionModel.setSelectedIndex(DefaultSingleSelectionModel.java:79)
2025-12-26 11:14:05,975 [ERROR] LogOutputStream:75 - [STDERR_REDIRECT] 	at java.desktop/javax.swing.JTabbedPane.setSelectedIndexImpl(JTabbedPane.java:650)
2025-12-26 11:14:05,976 [ERROR] LogOutputStream:75 - [STDERR_REDIRECT] 	at java.desktop/javax.swing.JTabbedPane.setSelectedIndex(JTabbedPane.java:625)
2025-12-26 11:14:05,977 [ERROR] LogOutputStream:75 - [STDERR_REDIRECT] 	at java.desktop/javax.swing.plaf.basic.BasicTabbedPaneUI$Handler.mousePressed(BasicTabbedPaneUI.java:4140)
2025-12-26 11:14:05,978 [ERROR] LogOutputStream:75 - [STDERR_REDIRECT] 	at java.desktop/java.awt.Component.processMouseEvent(Component.java:6618)
2025-12-26 11:14:05,979 [ERROR] LogOutputStream:75 - [STDERR_REDIRECT] 	at java.desktop/javax.swing.JComponent.processMouseEvent(JComponent.java:3398)
2025-12-26 11:14:05,980 [ERROR] LogOutputStream:75 - [STDERR_REDIRECT] 	at java.desktop/java.awt.Component.processEvent(Component.java:6386)
2025-12-26 11:14:05,981 [ERROR] LogOutputStream:75 - [STDERR_REDIRECT] 	at java.desktop/java.awt.Container.processEvent(Container.java:2266)
2025-12-26 11:14:05,983 [ERROR] LogOutputStream:75 - [STDERR_REDIRECT] 	at java.desktop/java.awt.Component.dispatchEventImpl(Component.java:4996)
2025-12-26 11:14:05,984 [ERROR] LogOutputStream:75 - [STDERR_REDIRECT] 	at java.desktop/java.awt.Container.dispatchEventImpl(Container.java:2324)
2025-12-26 11:14:05,985 [ERROR] LogOutputStream:75 - [STDERR_REDIRECT] 	at java.desktop/java.awt.Component.dispatchEvent(Component.java:4828)
2025-12-26 11:14:05,987 [ERROR] LogOutputStream:75 - [STDERR_REDIRECT] 	at java.desktop/java.awt.LightweightDispatcher.retargetMouseEvent(Container.java:4948)
2025-12-26 11:14:05,988 [ERROR] LogOutputStream:75 - [STDERR_REDIRECT] 	at java.desktop/java.awt.LightweightDispatcher.processMouseEvent(Container.java:4572)
2025-12-26 11:14:05,989 [ERROR] LogOutputStream:75 - [STDERR_REDIRECT] 	at java.desktop/java.awt.LightweightDispatcher.dispatchEvent(Container.java:4516)
2025-12-26 11:14:05,990 [ERROR] LogOutputStream:75 - [STDERR_REDIRECT] 	at java.desktop/java.awt.Container.dispatchEventImpl(Container.java:2310)
2025-12-26 11:14:05,991 [ERROR] LogOutputStream:75 - [STDERR_REDIRECT] 	at java.desktop/java.awt.Component.dispatchEvent(Component.java:4828)
2025-12-26 11:14:05,992 [ERROR] LogOutputStream:75 - [STDERR_REDIRECT] 	at java.desktop/java.awt.EventQueue.dispatchEventImpl(EventQueue.java:775)
2025-12-26 11:14:05,992 [ERROR] LogOutputStream:75 - [STDERR_REDIRECT] 	at java.desktop/java.awt.EventQueue$4.run(EventQueue.java:720)
2025-12-26 11:14:05,993 [ERROR] LogOutputStream:75 - [STDERR_REDIRECT] 	at java.desktop/java.awt.EventQueue$4.run(EventQueue.java:714)
2025-12-26 11:14:05,994 [ERROR] LogOutputStream:75 - [STDERR_REDIRECT] 	at java.base/java.security.AccessController.doPrivileged(AccessController.java:400)
2025-12-26 11:14:05,996 [ERROR] LogOutputStream:75 - [STDERR_REDIRECT] 	at java.base/java.security.ProtectionDomain$JavaSecurityAccessImpl.doIntersectionPrivilege(ProtectionDomain.java:87)
2025-12-26 11:14:05,998 [ERROR] LogOutputStream:75 - [STDERR_REDIRECT] 	at java.base/java.security.ProtectionDomain$JavaSecurityAccessImpl.doIntersectionPrivilege(ProtectionDomain.java:98)
2025-12-26 11:14:05,999 [ERROR] LogOutputStream:75 - [STDERR_REDIRECT] 	at java.desktop/java.awt.EventQueue$5.run(EventQueue.java:747)
2025-12-26 11:14:06,001 [ERROR] LogOutputStream:75 - [STDERR_REDIRECT] 	at java.desktop/java.awt.EventQueue$5.run(EventQueue.java:745)
2025-12-26 11:14:06,003 [ERROR] LogOutputStream:75 - [STDERR_REDIRECT] 	at java.base/java.security.AccessController.doPrivileged(AccessController.java:400)
2025-12-26 11:14:06,004 [ERROR] LogOutputStream:75 - [STDERR_REDIRECT] 	at java.base/java.security.ProtectionDomain$JavaSecurityAccessImpl.doIntersectionPrivilege(ProtectionDomain.java:87)
2025-12-26 11:14:06,005 [ERROR] LogOutputStream:75 - [STDERR_REDIRECT] 	at java.desktop/java.awt.EventQueue.dispatchEvent(EventQueue.java:744)
2025-12-26 11:14:06,006 [ERROR] LogOutputStream:75 - [STDERR_REDIRECT] 	at java.desktop/java.awt.EventDispatchThread.pumpOneEventForFilters(EventDispatchThread.java:203)
2025-12-26 11:14:06,008 [ERROR] LogOutputStream:75 - [STDERR_REDIRECT] 	at java.desktop/java.awt.EventDispatchThread.pumpEventsForFilter(EventDispatchThread.java:124)
2025-12-26 11:14:06,009 [ERROR] LogOutputStream:75 - [STDERR_REDIRECT] 	at java.desktop/java.awt.EventDispatchThread.pumpEventsForHierarchy(EventDispatchThread.java:113)
2025-12-26 11:14:06,010 [ERROR] LogOutputStream:75 - [STDERR_REDIRECT] 	at java.desktop/java.awt.EventDispatchThread.pumpEvents(EventDispatchThread.java:109)
2025-12-26 11:14:06,011 [ERROR] LogOutputStream:75 - [STDERR_REDIRECT] 	at java.desktop/java.awt.EventDispatchThread.pumpEvents(EventDispatchThread.java:101)
2025-12-26 11:14:06,012 [ERROR] LogOutputStream:75 - [STDERR_REDIRECT] 	at java.desktop/java.awt.EventDispatchThread.run(EventDispatchThread.java:90)
2025-12-26 11:14:14,802 [WARN] IP:2250 - I2C_Coeff_DF not found: check if there is a RefParameter without a condition.
2025-12-26 11:14:14,802 [WARN] IP:2250 - Analog_Filter not found: check if there is a RefParameter without a condition.
2025-12-26 11:14:14,802 [WARN] IP:2250 - I2C_Coeff_DF not found: check if there is a RefParameter without a condition.
2025-12-26 11:14:14,802 [WARN] IP:2250 - Analog_Filter not found: check if there is a RefParameter without a condition.
2025-12-26 11:14:14,855 [WARN] IP:2250 - I2C_Coeff_DF not found: check if there is a RefParameter without a condition.
2025-12-26 11:14:14,856 [WARN] IP:2250 - Analog_Filter not found: check if there is a RefParameter without a condition.
2025-12-26 11:14:18,395 [INFO] UtilMem:75 - End SaveConfig() Used Memory: 703170184 Bytes (1073741824)
2025-12-26 11:14:20,523 [INFO] UtilMem:75 - End SaveConfig() Used Memory: 768704136 Bytes (1073741824)
2025-12-26 11:14:22,335 [INFO] UtilMem:75 - End SaveConfig() Used Memory: 815367816 Bytes (1073741824)
2025-12-26 11:14:22,498 [INFO] BlockDiagram:2775 - set Specific Code input for plugin: SYS
2025-12-26 11:14:22,498 [INFO] BlockDiagram:2775 - set Specific Code input for plugin: RCC
2025-12-26 11:14:22,498 [INFO] BlockDiagram:2775 - set Specific Code input for plugin: I2C
2025-12-26 11:14:22,498 [INFO] BlockDiagram:2775 - set Specific Code input for plugin: NVIC
2025-12-26 11:14:22,499 [INFO] BlockDiagram:2775 - set Specific Code input for plugin: GPIO
2025-12-26 11:14:22,500 [INFO] CodeGenerator:892 - code generatio: config db path: C:\ST\STM32CubeIDE_1.19.0\STM32CubeIDE\plugins\com.st.stm32cube.common.mx_6.15.0.202507011659\\db\
2025-12-26 11:14:22,502 [WARN] IP:2250 - I2C_Coeff_DF not found: check if there is a RefParameter without a condition.
2025-12-26 11:14:22,502 [WARN] IP:2250 - Analog_Filter not found: check if there is a RefParameter without a condition.
2025-12-26 11:14:22,638 [INFO] CodeEngine:265 - oldGeneratedFile, D:\I2C_PROGRAM\Assign8_Q1\MXTmpFiles\license.tmp_save
2025-12-26 11:14:22,871 [INFO] CodeEngine:289 - Generated code: D:\I2C_PROGRAM\Assign8_Q1\MXTmpFiles\license.tmp
2025-12-26 11:14:22,900 [INFO] CodeEngine:265 - oldGeneratedFile, D:\I2C_PROGRAM\Assign8_Q1\MXTmpFiles\gpio.tmp_save
2025-12-26 11:14:23,063 [INFO] CodeEngine:289 - Generated code: D:\I2C_PROGRAM\Assign8_Q1\MXTmpFiles\gpio.tmp
2025-12-26 11:14:23,131 [INFO] CodeEngine:265 - oldGeneratedFile, D:\I2C_PROGRAM\Assign8_Q1\Core\Src\stm32f4xx_it.c_save
2025-12-26 11:14:23,324 [INFO] CodeEngine:289 - Generated code: D:\I2C_PROGRAM\Assign8_Q1\Core\Src\stm32f4xx_it.c
2025-12-26 11:14:23,332 [INFO] CodeEngine:265 - oldGeneratedFile, D:\I2C_PROGRAM\Assign8_Q1\Core\Inc\stm32f4xx_it.h_save
2025-12-26 11:14:23,412 [INFO] CodeEngine:289 - Generated code: D:\I2C_PROGRAM\Assign8_Q1\Core\Inc\stm32f4xx_it.h
2025-12-26 11:14:23,429 [INFO] CodeEngine:265 - oldGeneratedFile, D:\I2C_PROGRAM\Assign8_Q1\Core\Src\stm32f4xx_hal_msp.c_save
2025-12-26 11:14:23,624 [INFO] CodeEngine:289 - Generated code: D:\I2C_PROGRAM\Assign8_Q1\Core\Src\stm32f4xx_hal_msp.c
2025-12-26 11:14:23,629 [INFO] CodeEngine:265 - oldGeneratedFile, D:\I2C_PROGRAM\Assign8_Q1\MXTmpFiles\system.tmp_save
2025-12-26 11:14:23,700 [INFO] CodeEngine:289 - Generated code: D:\I2C_PROGRAM\Assign8_Q1\MXTmpFiles\system.tmp
2025-12-26 11:14:23,713 [INFO] CodeEngine:321 - oldGeneratedFile, D:\I2C_PROGRAM\Assign8_Q1\Core\Inc\stm32f4xx_hal_conf.h_save
2025-12-26 11:14:23,903 [INFO] CodeEngine:345 - Generated code: D:\I2C_PROGRAM\Assign8_Q1\Core\Inc\stm32f4xx_hal_conf.h
2025-12-26 11:14:23,964 [INFO] CodeEngine:265 - oldGeneratedFile, D:\I2C_PROGRAM\Assign8_Q1\Core\Inc\main.h_save
2025-12-26 11:14:24,144 [INFO] CodeEngine:289 - Generated code: D:\I2C_PROGRAM\Assign8_Q1\Core\Inc\main.h
2025-12-26 11:14:24,150 [INFO] CodeEngine:265 - oldGeneratedFile, D:\I2C_PROGRAM\Assign8_Q1\Core\Src\main.c_save
2025-12-26 11:14:24,325 [INFO] CodeEngine:289 - Generated code: D:\I2C_PROGRAM\Assign8_Q1\Core\Src\main.c
2025-12-26 11:14:24,649 [INFO] ProjectBuilder:3606 - Time for Copy HAL[1] : 146mS.
2025-12-26 11:14:24,651 [INFO] ProjectBuilder:5216 - Project Generator version: 4.7.0-B52
2025-12-26 11:14:24,726 [INFO] ConfigFileManager:1595 - The Die is : DIE413
2025-12-26 11:14:25,913 [INFO] ProjectBuilder:5496 - Time for Generating toolchain IDE Files: 1262mS.
2025-12-26 11:14:25,914 [INFO] ProjectBuilder:3463 - Time for Copy CMSIS : 1mS.
2025-12-26 11:14:25,916 [INFO] ProjectBuilder:3463 - Time for Copy CMSIS : 0mS.
2025-12-26 11:54:35,673 [INFO] WebApp:194 - Connection lost
2025-12-26 11:54:35,938 [INFO] WebApp:191 - Connection restablished
2025-12-26 12:03:51,760 [INFO] MainUpdater:2872 - connection check result : 10
2025-12-26 12:03:51,848 [INFO] McuFinderGlobals:76 - Set McuFinderConnectedMode to true
2025-12-26 12:03:51,849 [INFO] MultiScanPanel:200 - Auto-refresh data requested => check proxy status ongoing
2025-12-26 12:03:51,850 [INFO] FinderPluginLoader:96 - Searching for filters in installed packs
2025-12-26 12:03:52,967 [INFO] LoadUrlFilesThread:185 - End of LoadServerUrlFiles without Thread
2025-12-26 12:03:52,967 [INFO] DetailPanel:341 - Set advertising image to C:/Users/Admin/STM32Cube/Repository/\en.prom-st67w-expansion-board.png
2025-12-26 12:03:57,602 [INFO] MultiScanPanel:200 - Auto-refresh data requested => check proxy status ongoing
2025-12-26 12:03:57,693 [INFO] LoadUrlFilesThread:185 - End of LoadServerUrlFiles without Thread
2025-12-26 12:03:57,693 [INFO] DetailPanel:341 - Set advertising image to C:/Users/Admin/STM32Cube/Repository/\en.prom-st67w-expansion-board.png
2025-12-26 12:05:13,257 [INFO] MainUpdater:2872 - connection check result : 10
2025-12-26 12:05:13,257 [INFO] MainUpdater:2872 - connection check result : 10
2025-12-26 12:05:13,359 [INFO] MicroXplorer:468 - Change Database Path : 
2025-12-26 12:05:13,359 [INFO] MicroXplorer:498 - Change Database Version : DB.6.0.150
2025-12-26 12:05:13,392 [ERROR] ProjectManagerView:395 - 
java.lang.NullPointerException: Cannot invoke "javax.swing.JTextField.getText()" because the return value of "java.util.List.get(int)" is null
	at com.st.microxplorer.plugins.projectmanager.gui.ProjectChoiceTab$9.caretUpdate(ProjectChoiceTab.java:2706) ~[filemanager.jar:?]
	at javax.swing.text.JTextComponent.fireCaretUpdate(JTextComponent.java:408) ~[?:?]
	at javax.swing.text.JTextComponent$MutableCaretEvent.fire(JTextComponent.java:4484) ~[?:?]
	at javax.swing.text.JTextComponent$MutableCaretEvent.stateChanged(JTextComponent.java:4506) ~[?:?]
	at javax.swing.text.DefaultCaret.fireStateChanged(DefaultCaret.java:857) ~[?:?]
	at javax.swing.text.DefaultCaret.changeCaretPosition(DefaultCaret.java:1343) ~[?:?]
	at javax.swing.text.DefaultCaret.handleSetDot(DefaultCaret.java:1242) ~[?:?]
	at javax.swing.text.DefaultCaret.setDot(DefaultCaret.java:1223) ~[?:?]
	at javax.swing.text.DefaultCaret$Handler.insertUpdate(DefaultCaret.java:1819) ~[?:?]
	at javax.swing.text.AbstractDocument.fireInsertUpdate(AbstractDocument.java:227) ~[?:?]
	at javax.swing.text.AbstractDocument.handleInsertString(AbstractDocument.java:781) ~[?:?]
	at javax.swing.text.AbstractDocument.insertString(AbstractDocument.java:740) ~[?:?]
	at javax.swing.text.PlainDocument.insertString(PlainDocument.java:131) ~[?:?]
	at javax.swing.text.AbstractDocument.replace(AbstractDocument.java:699) ~[?:?]
	at javax.swing.text.JTextComponent.setText(JTextComponent.java:1725) ~[?:?]
	at com.st.microxplorer.plugins.projectmanager.gui.ProjectChoiceTab.createHeapStackFields(ProjectChoiceTab.java:993) ~[filemanager.jar:?]
	at com.st.microxplorer.plugins.projectmanager.gui.ProjectChoiceTab.buildLinkSettingsPanel(ProjectChoiceTab.java:3813) ~[filemanager.jar:?]
	at com.st.microxplorer.plugins.projectmanager.gui.ProjectChoiceTab.defineWindowsFields(ProjectChoiceTab.java:1987) ~[filemanager.jar:?]
	at com.st.microxplorer.plugins.projectmanager.gui.ProjectChoiceTab.updateSettings(ProjectChoiceTab.java:558) ~[filemanager.jar:?]
	at com.st.microxplorer.plugins.projectmanager.gui.ProjectSettingsPanel.UpdateDialog(ProjectSettingsPanel.java:247) ~[filemanager.jar:?]
	at com.st.microxplorer.plugins.projectmanager.ProjectManagerView.propertyChange(ProjectManagerView.java:392) ~[filemanager.jar:?]
	at java.beans.PropertyChangeSupport.fire(PropertyChangeSupport.java:343) ~[?:?]
	at java.beans.PropertyChangeSupport.firePropertyChange(PropertyChangeSupport.java:335) ~[?:?]
	at java.beans.PropertyChangeSupport.firePropertyChange(PropertyChangeSupport.java:268) ~[?:?]
	at com.st.microxplorer.util.MXPropertyChangeSupport.firePropertyChange(MXPropertyChangeSupport.java:54) ~[STM32CubeMX.jar:?]
	at com.st.microxplorer.mxsystem.MxSystem.closeConfig(MxSystem.java:899) ~[STM32CubeMX.jar:?]
	at com.st.microxplorer.maingui.MainPanel.closeConfig(MainPanel.java:792) ~[STM32CubeMX.jar:?]
	at com.st.microxplorer.plugins.filemanager.engine.OpenFileManager.loadConfigurationFile(OpenFileManager.java:288) ~[filemanager.jar:?]
	at com.st.microxplorer.plugins.filemanager.engine.MainFileManager.userLoadConfig(MainFileManager.java:364) ~[filemanager.jar:?]
	at com.st.microxplorer.plugins.filemanager.FileManagerView.getSpecificTask(FileManagerView.java:268) ~[filemanager.jar:?]
	at com.st.stm32cube.common.mx.editor.CubeMxEditor.getMxTabbedPaneInstance(CubeMxEditor.java:1191) ~[com.st.stm32cube.common.mx_6.15.0.202507011659/:?]
	at com.st.stm32cube.common.mx.editor.CubeMxEditor$12$1.createSwingComponent(CubeMxEditor.java:1068) ~[com.st.stm32cube.common.mx_6.15.0.202507011659/:?]
	at com.st.stm32cube.common.mx.oss.core.awtswtbridge.EmbeddedSwingComposite.doComponentCreation(EmbeddedSwingComposite.java:492) ~[com.st.stm32cube.common.mx.oss_6.15.0.202507011659/:?]
	at com.st.stm32cube.common.mx.oss.core.awtswtbridge.EmbeddedSwingComposite$4.run(EmbeddedSwingComposite.java:291) ~[com.st.stm32cube.common.mx.oss_6.15.0.202507011659/:?]
	at com.st.stm32cube.common.mx.oss.core.awtswtbridge.AwtEnvironment$2.run(AwtEnvironment.java:166) ~[com.st.stm32cube.common.mx.oss_6.15.0.202507011659/:?]
	at java.awt.event.InvocationEvent.dispatch(InvocationEvent.java:318) ~[?:?]
	at java.awt.EventQueue.dispatchEventImpl(EventQueue.java:773) ~[?:?]
	at java.awt.EventQueue$4.run(EventQueue.java:720) ~[?:?]
	at java.awt.EventQueue$4.run(EventQueue.java:714) ~[?:?]
	at java.security.AccessController.doPrivileged(AccessController.java:400) ~[?:?]
	at java.security.ProtectionDomain$JavaSecurityAccessImpl.doIntersectionPrivilege(ProtectionDomain.java:87) ~[?:?]
	at java.awt.EventQueue.dispatchEvent(EventQueue.java:742) ~[?:?]
	at java.awt.EventDispatchThread.pumpOneEventForFilters(EventDispatchThread.java:203) ~[?:?]
	at java.awt.EventDispatchThread.pumpEventsForFilter(EventDispatchThread.java:124) ~[?:?]
	at java.awt.EventDispatchThread.pumpEventsForHierarchy(EventDispatchThread.java:113) ~[?:?]
	at java.awt.EventDispatchThread.pumpEvents(EventDispatchThread.java:109) ~[?:?]
	at java.awt.EventDispatchThread.pumpEvents(EventDispatchThread.java:101) ~[?:?]
	at java.awt.EventDispatchThread.run(EventDispatchThread.java:90) ~[?:?]
2025-12-26 12:05:13,396 [WARN] ThirdParty:871 - waiting for thirdparty lock release [close project]
2025-12-26 12:05:13,396 [INFO] ThirdParty:873 - entering critical section [close project]
2025-12-26 12:05:13,396 [INFO] ThirdParty:883 - exiting critical section [close project]
2025-12-26 12:05:13,399 [INFO] PinOutPanel:1589 - setPackage(No Configuration,No Configuration)
2025-12-26 12:05:13,408 [WARN] IpParametersView:155 - Warning: This peripheral hasn't parameters
2025-12-26 12:05:13,420 [WARN] MainPanel:289 - <html><b><center>Warning: This peripheral has no parameters to be configured<br></b></html>
2025-12-26 12:05:13,427 [INFO] UtilMem:75 - Begin LoadConfig() Used Memory: 823180632 Bytes (1073741824)
2025-12-26 12:05:13,429 [INFO] OpenFileManager:355 - Change cursor
2025-12-26 12:05:13,484 [INFO] RulesReader:64 - Compatibility file has been processed (317 Rules)
2025-12-26 12:05:13,493 [INFO] ProjectFactory:514 - No CPN specified for board STM32F407G-DISC1 => set CPN to STM32F407VGT6
2025-12-26 12:05:13,494 [INFO] Mcu:2029 - Initializing MCU STM32F407V(E-G)Tx STM32F407VGTx STM32F407VGT6
2025-12-26 12:05:15,530 [INFO] Context:786 - Trying to add GPIOservice into a context  which must be forbidden
2025-12-26 12:05:16,272 [INFO] Rule:233 - rule 117617 - U5Cobra4M][GTZC] default value MPCBB3 and MPCBB5 - Not Secured memory - MPCBB1 is applicable
2025-12-26 12:05:16,272 [INFO] Rule:233 - rule 117617 - U5Cobra4M][GTZC] default value MPCBB3 and MPCBB5 - Not Secured memory - MPCBB1 is applicable
2025-12-26 12:05:16,272 [INFO] Rule:233 - rule 117617 - U5Cobra4M][GTZC] default value MPCBB3 and MPCBB5 - Not Secured memory - MPCBB2 is applicable
2025-12-26 12:05:16,272 [INFO] Rule:233 - rule 117617 - U5Cobra4M][GTZC] default value MPCBB3 and MPCBB5 - Not Secured memory - MPCBB2 is applicable
2025-12-26 12:05:16,272 [INFO] Rule:233 - rule 117617 - U5Cobra4M][GTZC] default value MPCBB3 and MPCBB5 - Not Secured memory - MPCBB3 is applicable
2025-12-26 12:05:16,273 [INFO] Rule:233 - rule 117617 - U5Cobra4M][GTZC] default value MPCBB3 and MPCBB5 - Not Secured memory - MPCBB3 is applicable
2025-12-26 12:05:16,273 [INFO] Rule:233 - rule 117617 - U5Cobra4M][GTZC] default value MPCBB3 and MPCBB5 - Not Secured memory - MPCBB4 is applicable
2025-12-26 12:05:16,273 [INFO] Rule:233 - rule 117617 - U5Cobra4M][GTZC] default value MPCBB3 and MPCBB5 - Not Secured memory - MPCBB4 is applicable
2025-12-26 12:05:16,273 [INFO] Rule:233 - rule 117617 - U5Cobra4M][GTZC] default value MPCBB3 and MPCBB5 - Secured memory - MPCBB1 is applicable
2025-12-26 12:05:16,273 [INFO] Rule:233 - rule 117617 - U5Cobra4M][GTZC] default value MPCBB3 and MPCBB5 - Secured memory - MPCBB2 is applicable
2025-12-26 12:05:16,273 [INFO] Rule:233 - rule 117617 - U5Cobra4M][GTZC] default value MPCBB3 and MPCBB5 - Secured memory - MPCBB3 is applicable
2025-12-26 12:05:16,273 [INFO] Rule:233 - rule 117617 - U5Cobra4M][GTZC] default value MPCBB3 and MPCBB5 - Secured memory - MPCBB4 is applicable
2025-12-26 12:05:16,273 [INFO] Rule:233 - rule 117617 - U5Cobra4M][GTZC] default value MPCBB3 and MPCBB5 - Privileged memory - MPCBB1 is applicable
2025-12-26 12:05:16,273 [INFO] Rule:233 - rule 117617 - U5Cobra4M][GTZC] default value MPCBB3 and MPCBB5 - Privileged memory - MPCBB2 is applicable
2025-12-26 12:05:16,273 [INFO] Rule:233 - rule 117617 - U5Cobra4M][GTZC] default value MPCBB3 and MPCBB5 - Privileged memory - MPCBB3 is applicable
2025-12-26 12:05:16,273 [INFO] Rule:233 - rule 117617 - U5Cobra4M][GTZC] default value MPCBB3 and MPCBB5 - Privileged memory - MPCBB4 is applicable
2025-12-26 12:05:16,273 [INFO] Rule:233 - rule 117617 - U5Cobra4M][GTZC] default value MPCBB3 and MPCBB5 - Not Privileged memory - MPCBB1 is applicable
2025-12-26 12:05:16,273 [INFO] Rule:233 - rule 117617 - U5Cobra4M][GTZC] default value MPCBB3 and MPCBB5 - Not Privileged memory - MPCBB2 is applicable
2025-12-26 12:05:16,273 [INFO] Rule:233 - rule 117617 - U5Cobra4M][GTZC] default value MPCBB3 and MPCBB5 - Not Privileged memory - MPCBB3 is applicable
2025-12-26 12:05:16,273 [INFO] Rule:233 - rule 117617 - U5Cobra4M][GTZC] default value MPCBB3 and MPCBB5 - Not Privileged memory - MPCBB4 is applicable
2025-12-26 12:05:16,273 [INFO] Rule:233 - rule 117617 - U5Cobra4M][GTZC] default value MPCBB3 and MPCBB5 - Privileged memory - MPCBB1 is applicable
2025-12-26 12:05:16,273 [INFO] Rule:233 - rule 117617 - U5Cobra4M][GTZC] default value MPCBB3 and MPCBB5 - Privileged memory - MPCBB2 is applicable
2025-12-26 12:05:16,273 [INFO] Rule:233 - rule 117617 - U5Cobra4M][GTZC] default value MPCBB3 and MPCBB5 - Privileged memory - MPCBB3 is applicable
2025-12-26 12:05:16,273 [INFO] Rule:233 - rule 117617 - U5Cobra4M][GTZC] default value MPCBB3 and MPCBB5 - Privileged memory - MPCBB4 is applicable
2025-12-26 12:05:16,273 [INFO] Rule:233 - rule 117617 - U5Cobra4M][GTZC] default value MPCBB3 and MPCBB5 - Privileged memory - MPCBB1 is applicable
2025-12-26 12:05:16,273 [INFO] Rule:233 - rule 117617 - U5Cobra4M][GTZC] default value MPCBB3 and MPCBB5 - Privileged memory - MPCBB2 is applicable
2025-12-26 12:05:16,273 [INFO] Rule:233 - rule 117617 - U5Cobra4M][GTZC] default value MPCBB3 and MPCBB5 - Privileged memory - MPCBB3 is applicable
2025-12-26 12:05:16,273 [INFO] Rule:233 - rule 117617 - U5Cobra4M][GTZC] default value MPCBB3 and MPCBB5 - Privileged memory - MPCBB4 is applicable
2025-12-26 12:05:16,273 [INFO] Rule:233 - rule 117617 - U5Cobra4M][GTZC] default value MPCBB3 and MPCBB5 - Not Privileged memory - MPCBB1 is applicable
2025-12-26 12:05:16,273 [INFO] Rule:233 - rule 117617 - U5Cobra4M][GTZC] default value MPCBB3 and MPCBB5 - Not Privileged memory - MPCBB2 is applicable
2025-12-26 12:05:16,273 [INFO] Rule:233 - rule 117617 - U5Cobra4M][GTZC] default value MPCBB3 and MPCBB5 - Not Privileged memory - MPCBB3 is applicable
2025-12-26 12:05:16,273 [INFO] Rule:233 - rule 117617 - U5Cobra4M][GTZC] default value MPCBB3 and MPCBB5 - Not Privileged memory - MPCBB4 is applicable
2025-12-26 12:05:16,273 [INFO] Rule:233 - rule 117617 - U5Cobra4M][GTZC] default value MPCBB3 and MPCBB5 - Privileged memory - MPCBB1 is applicable
2025-12-26 12:05:16,273 [INFO] Rule:233 - rule 117617 - U5Cobra4M][GTZC] default value MPCBB3 and MPCBB5 - Privileged memory - MPCBB2 is applicable
2025-12-26 12:05:16,273 [INFO] Rule:233 - rule 117617 - U5Cobra4M][GTZC] default value MPCBB3 and MPCBB5 - Privileged memory - MPCBB3 is applicable
2025-12-26 12:05:16,273 [INFO] Rule:233 - rule 117617 - U5Cobra4M][GTZC] default value MPCBB3 and MPCBB5 - Privileged memory - MPCBB4 is applicable
2025-12-26 12:05:16,273 [INFO] Rule:233 - rule Rename SubGHz_Phy SUBGHZ_APPLICATION SUBGHZ_PINGPONG to SUBGHZ_ADV_APPLICATION is applicable
2025-12-26 12:05:16,274 [INFO] Rule:233 - rule Rename Enabled to IBEACON is applicable
2025-12-26 12:05:16,274 [INFO] Rule:233 - rule GTZC_S instance for project manager is applicable
2025-12-26 12:05:16,274 [INFO] Rule:233 - rule GTZC_S instance for context M33S is applicable
2025-12-26 12:05:16,274 [INFO] Rule:233 - rule GTZC_S instance value for IP GTZC is applicable
2025-12-26 12:05:16,274 [INFO] Rule:233 - rule GTZC_S instance for mcu.IP is applicable
2025-12-26 12:05:16,274 [INFO] Rule:233 - rule GTZC_S instance for VP is applicable
2025-12-26 12:05:16,274 [INFO] Rule:233 - rule GTZC_S instance for signal is applicable
2025-12-26 12:05:16,274 [INFO] Rule:233 - rule GTZC_S instance for mcu.Pin is applicable
2025-12-26 12:05:16,274 [INFO] Rule:233 - rule GTZC_S instance for VP is applicable
2025-12-26 12:05:16,274 [INFO] Rule:233 - rule GTZC_S instance for signal is applicable
2025-12-26 12:05:16,274 [INFO] Rule:233 - rule GTZC_S instance for mcu is applicable
2025-12-26 12:05:16,274 [INFO] Rule:233 - rule GTZC_S instance for mcu.Pin is applicable
2025-12-26 12:05:16,274 [INFO] Rule:233 - rule GTZC_S instance value for IP GTZC is applicable
2025-12-26 12:05:16,274 [INFO] Rule:233 - rule GTZC_S instance for project manager is applicable
2025-12-26 12:05:16,275 [INFO] Rule:233 - rule GTZC_S instance for context M33S is applicable
2025-12-26 12:05:16,275 [INFO] Rule:233 - rule GTZC_S instance for VP is applicable
2025-12-26 12:05:16,275 [INFO] Rule:233 - rule GTZC_S instance for signal is applicable
2025-12-26 12:05:16,275 [INFO] Rule:233 - rule SPDIFRX instance for mcu is applicable
2025-12-26 12:05:16,275 [INFO] Rule:233 - rule Rename Tracer Mode is applicable
2025-12-26 12:05:16,275 [INFO] Rule:233 - rule SPDIFRX instance value for IP SPDIFRX is applicable
2025-12-26 12:05:16,275 [INFO] Rule:233 - rule SPDIFRX instance for signal is applicable
2025-12-26 12:05:16,275 [INFO] Rule:233 - rule SPDIFRX instance for project manager is applicable
2025-12-26 12:05:16,275 [INFO] Rule:233 - rule SPDIFRX instance for project manager is applicable
2025-12-26 12:05:16,275 [INFO] Rule:233 - rule ADC Scan  fix with FW F7 is applicable
2025-12-26 12:05:16,275 [INFO] Rule:233 - rule ADC Scan  fix with FW F7 is applicable
2025-12-26 12:05:16,275 [INFO] Rule:233 - rule WakeUp0 Mode is applicable
2025-12-26 12:05:16,275 [INFO] Rule:233 - rule WakeUp0 SIGNAL is applicable
2025-12-26 12:05:16,275 [INFO] Rule:233 - rule WakeUp1 Mode is applicable
2025-12-26 12:05:16,275 [INFO] Rule:233 - rule WakeUp1 SIGNAL is applicable
2025-12-26 12:05:16,275 [INFO] Rule:233 - rule WakeUp2 Mode is applicable
2025-12-26 12:05:16,275 [INFO] Rule:233 - rule WakeUp2 SIGNAL is applicable
2025-12-26 12:05:16,275 [INFO] Rule:233 - rule WakeUp4 Mode is applicable
2025-12-26 12:05:16,275 [INFO] Rule:233 - rule WakeUp4 SIGNAL is applicable
2025-12-26 12:05:16,275 [INFO] Rule:233 - rule WakeUp5 Mode is applicable
2025-12-26 12:05:16,275 [INFO] Rule:233 - rule WakeUp5 SIGNAL is applicable
2025-12-26 12:05:16,275 [INFO] Rule:233 - rule Add RTC Activate Clock Source is applicable
2025-12-26 12:05:16,275 [INFO] Rule:233 - rule Add RTC Activate Calendar 1 is applicable
2025-12-26 12:05:16,275 [INFO] Rule:233 - rule Add RTC Activate Calendar 2 is applicable
2025-12-26 12:05:16,275 [INFO] Rule:233 - rule Add RTC Activate Calendar 3 is applicable
2025-12-26 12:05:16,276 [INFO] Rule:233 - rule UART/USART TX Mode is applicable
2025-12-26 12:05:16,276 [INFO] Rule:233 - rule UART/USART RX Mode is applicable
2025-12-26 12:05:16,276 [INFO] Rule:233 - rule UART/USART RX TX Mode is applicable
2025-12-26 12:05:16,276 [INFO] Rule:233 - rule UART/USART PARITY NONE is applicable
2025-12-26 12:05:16,276 [INFO] Rule:233 - rule UART/USART PARITY EVEN is applicable
2025-12-26 12:05:16,276 [INFO] Rule:233 - rule UART/USART PARITY ODD is applicable
2025-12-26 12:05:16,276 [INFO] Rule:233 - rule USART StopBits 1 is applicable
2025-12-26 12:05:16,276 [INFO] Rule:233 - rule USART StopBits 2 is applicable
2025-12-26 12:05:16,276 [INFO] Rule:233 - rule USART StopBits 1.5 is applicable
2025-12-26 12:05:16,276 [INFO] Rule:233 - rule USART StopBits 0.5 is applicable
2025-12-26 12:05:16,276 [INFO] Rule:233 - rule UART/USART WORD LENGTH 7 is applicable
2025-12-26 12:05:16,276 [INFO] Rule:233 - rule UART/USART WORD LENGTH 8 is applicable
2025-12-26 12:05:16,276 [INFO] Rule:233 - rule UART/USART WORD LENGTH 9 is applicable
2025-12-26 12:05:16,276 [INFO] Rule:233 - rule Rename FMC NAND NCE signal is applicable
2025-12-26 12:05:16,276 [INFO] Rule:233 - rule Rename FMC NAND INT signal is applicable
2025-12-26 12:05:16,276 [INFO] Rule:233 - rule Change Default Value for LSE Drive Capability for WB family is applicable
2025-12-26 12:05:16,276 [INFO] Rule:233 - rule Change Default Value for ADC Clock Prescaler G0 family is applicable
2025-12-26 12:05:16,276 [INFO] Rule:233 - rule Change Default Value for ADC ExternalTrigConv L4 family is applicable
2025-12-26 12:05:16,276 [INFO] Rule:233 - rule Change Default Value for ADC ExternalTrigInjecConv L4 family is applicable
2025-12-26 12:05:16,276 [INFO] Rule:233 - rule Change Default Value for ADC ExternalTrigConv F3 family is applicable
2025-12-26 12:05:16,276 [INFO] Rule:233 - rule Change Default Value for ADC ExternalTrigInjecConv F3 family is applicable
2025-12-26 12:05:16,276 [INFO] Rule:233 - rule Change Default Value for ADC ExternalTrigConv Goldfish serie is applicable
2025-12-26 12:05:16,276 [INFO] Rule:233 - rule Change Default Value for ADC ExternalTrigInjecConv Goldfish serie is applicable
2025-12-26 12:05:16,276 [INFO] Rule:233 - rule Change Default Value for ADC ExternalTrigConv L0 family is applicable
2025-12-26 12:05:16,276 [INFO] Rule:233 - rule Change Default Value for ADC ExternalTrigConv F0 family is applicable
2025-12-26 12:05:16,276 [INFO] Rule:233 - rule Change Default Value for ADC ExternalTrigConvn L1 family is applicable
2025-12-26 12:05:16,276 [INFO] Rule:233 - rule Change Default Value for ADC ExternalTrigInjecConv L1 family is applicable
2025-12-26 12:05:16,276 [INFO] Rule:233 - rule Change Default Value for ADC ExternalTrigConv F1 family is applicable
2025-12-26 12:05:16,276 [INFO] Rule:233 - rule Change Default Value for ADC ExternalTrigInjecConv F1 family is applicable
2025-12-26 12:05:16,276 [INFO] Rule:233 - rule Change Default Value for ADC ExternalTrigConv F7 family is applicable
2025-12-26 12:05:16,277 [INFO] Rule:233 - rule Change Default Value for ADC ExternalTrigInjecConv F7 family is applicable
2025-12-26 12:05:16,277 [INFO] Rule:233 - rule Change Default Value for ADC ExternalTrigConv F4 and F2 family is applicable
2025-12-26 12:05:16,277 [INFO] Rule:233 - rule Change Default Value for ADC ExternalTrigInjecConv F4 and F2 family is applicable
2025-12-26 12:05:16,277 [INFO] Rule:233 - rule ADC SamplingTime fix with FW L0  is applicable
2025-12-26 12:05:16,277 [INFO] Rule:233 - rule ADC SamplingTime fix with FW L0  is applicable
2025-12-26 12:05:16,277 [INFO] Rule:233 - rule ADC SamplingTime fix with FW L0 is applicable
2025-12-26 12:05:16,277 [INFO] Rule:233 - rule ADC SamplingTime fix with FW L0 is applicable
2025-12-26 12:05:16,277 [INFO] Rule:233 - rule ADC SamplingTime fix with FW L0  is applicable
2025-12-26 12:05:16,277 [INFO] Rule:233 - rule ADC SamplingTime fix with FW L0 is applicable
2025-12-26 12:05:16,277 [INFO] Rule:233 - rule Rename USB_OE Signal is applicable
2025-12-26 12:05:16,277 [INFO] Rule:233 - rule Rename Activate_OE Mode is applicable
2025-12-26 12:05:16,277 [INFO] Rule:233 - rule Rename DIE462/DIE415 pin PC14/OSC32_IN -> PC14-OSC32_IN (PC14) is applicable
2025-12-26 12:05:16,277 [INFO] Rule:233 - rule Rename DIE462/DIE415 pin PC15/OSC32_OUT -> PC15-OSC32_OUT (PC15) is applicable
2025-12-26 12:05:16,277 [INFO] Rule:233 - rule Rename DIE462/DIE415 pin PH0/OSC_IN -> PH0-OSC_IN (PH0) is applicable
2025-12-26 12:05:16,277 [INFO] Rule:233 - rule Rename DIE462/DIE415 pin PH1/OSC_OUT -> PH1-OSC_OUT (PH1) is applicable
2025-12-26 12:05:16,277 [INFO] Rule:233 - rule Rename DIE462 pin PA13 -> PA13 (JTMS/SWDIO) is applicable
2025-12-26 12:05:16,277 [INFO] Rule:233 - rule Rename DIE415 pin PA13 -> PA13 (JTMS/SWDIO) is applicable
2025-12-26 12:05:16,277 [INFO] Rule:233 - rule Rename DIE462 pin PA14 -> PA14 (JTCK/SWCLK) is applicable
2025-12-26 12:05:16,277 [INFO] Rule:233 - rule Rename DIE415 pin PA14 -> PA14 (JTCK/SWCLK) is applicable
2025-12-26 12:05:16,277 [INFO] Rule:233 - rule Rename DIE462/DIE415 pin PA15 -> PA15 (JTDI) is applicable
2025-12-26 12:05:16,277 [INFO] Rule:233 - rule Rename DIE462 pin PB3 -> PB3 (JTD0/TRACESWO) is applicable
2025-12-26 12:05:16,277 [INFO] Rule:233 - rule Rename DIE415 pin PB3 -> PB3 (JTD0-TRACESWO) is applicable
2025-12-26 12:05:16,277 [INFO] Rule:233 - rule Rename DIE462/DIE415 pin PB4 -> PB4 (NJTRST) is applicable
2025-12-26 12:05:16,277 [INFO] Rule:233 - rule Rename DIE462 pin PH3/BOOT0 -> PH3-BOOT0 (BOOT0) is applicable
2025-12-26 12:05:16,277 [INFO] Rule:233 - rule Rename CRYP DataEncryptionTypesList to Algorithm is applicable
2025-12-26 12:05:16,277 [INFO] Rule:233 - rule Rename AES DataEncryptionTypesList to Algorithm is applicable
2025-12-26 12:05:16,277 [INFO] Rule:233 - rule Rename TDESECB to CRYP_TDES_ECB is applicable
2025-12-26 12:05:16,277 [INFO] Rule:233 - rule Rename TDESCBC to CRYP_TDES_CBC is applicable
2025-12-26 12:05:16,277 [INFO] Rule:233 - rule Rename DESECB to CRYP_DES_ECB is applicable
2025-12-26 12:05:16,277 [INFO] Rule:233 - rule Rename DESCBC to CRYP_DES_CBC is applicable
2025-12-26 12:05:16,277 [INFO] Rule:233 - rule Rename AESECB to CRYP_AES_ECB is applicable
2025-12-26 12:05:16,277 [INFO] Rule:233 - rule Rename AESCBC to CRYP_AES_CBC is applicable
2025-12-26 12:05:16,277 [INFO] Rule:233 - rule Rename AESCTR to CRYP_AES_CTR is applicable
2025-12-26 12:05:16,277 [INFO] Rule:233 - rule Rename AESGCM to CRYP_AES_GCM is applicable
2025-12-26 12:05:16,277 [INFO] Rule:233 - rule Rename AESCCM to CRYP_AES_CCM is applicable
2025-12-26 12:05:16,277 [INFO] Rule:233 - rule Rename CAN TimeSeg1 to BS1 is applicable
2025-12-26 12:05:16,277 [INFO] Rule:233 - rule Rename CAN TimeSeg2 to BS2 is applicable
2025-12-26 12:05:16,277 [INFO] Rule:233 - rule Rename CAN SyncJumpWidth to SJW is applicable
2025-12-26 12:05:16,277 [INFO] Rule:233 - rule TimeTriggeredMode to TTCM is applicable
2025-12-26 12:05:16,277 [INFO] Rule:233 - rule Rename CAN AutoBusOff to ABOM is applicable
2025-12-26 12:05:16,277 [INFO] Rule:233 - rule Rename CAN AutoWakeUp to AWUM is applicable
2025-12-26 12:05:16,278 [INFO] Rule:233 - rule Rename CAN AutoRetransmission to NART is applicable
2025-12-26 12:05:16,278 [INFO] Rule:233 - rule Rename CAN ReceiveFifoLocked to RFLM is applicable
2025-12-26 12:05:16,278 [INFO] Rule:233 - rule Rename CAN TransmitFifoPriority to TXFP is applicable
2025-12-26 12:05:16,278 [INFO] Rule:233 - rule Rename HRTIMER HRTIM_OUTPUTFAULTLEVEL_HIGH in HRTIMER HRTIM_OUTPUTFAULTLEVEL_HIGHZ is applicable
2025-12-26 12:05:16,278 [INFO] Rule:233 - rule Rename TIMER TIM_CLEARINPUTSOURCE_OCREFCLR in  TIMER TIM_CLEARINPUTSOURCE_NONE for F7 family is applicable
2025-12-26 12:05:16,278 [INFO] Rule:233 - rule FDCAN_R1 - Rename FDCAN mode Master into Classic is applicable
2025-12-26 12:05:16,278 [INFO] Rule:233 - rule FDCAN_R2 - Rename FDCAN mode Slave into Classic is applicable
2025-12-26 12:05:16,278 [INFO] Rule:233 - rule FDCAN1_R3 - if PA10.Mode=FullDuplex, add Pin PA12 is applicable
2025-12-26 12:05:16,278 [INFO] Rule:233 - rule FDCAN1_R3 - if PA9.Mode=FullDuplex, add Pin PA11 is applicable
2025-12-26 12:05:16,278 [INFO] Rule:233 - rule FDCAN1_R3 - Alternatepin_1 - if PE1.Mode=FullDuplex, add Pin PB9 is applicable
2025-12-26 12:05:16,278 [INFO] Rule:233 - rule FDCAN1_R3 - Alternatepin_1 - if PE0.Mode=FullDuplex, add Pin PB8 is applicable
2025-12-26 12:05:16,278 [INFO] Rule:233 - rule FDCAN1_R3 - Alternatepin_2 - if PD5.Mode=FullDuplex, add Pin PD1 is applicable
2025-12-26 12:05:16,278 [INFO] Rule:233 - rule FDCAN1_R3 - Alternatepin_2 - if PD4.Mode=FullDuplex, add Pin PD0 is applicable
2025-12-26 12:05:16,278 [INFO] Rule:233 - rule FDCAN1_R4 - Rename Mode FullDuplex into Enable FDCAN_TXFD for pin PA10 is applicable
2025-12-26 12:05:16,278 [INFO] Rule:233 - rule FDCAN1_R4 - Rename Mode FullDuplex into Enable FDCAN_TXFD for pin PA9 is applicable
2025-12-26 12:05:16,278 [INFO] Rule:233 - rule FDCAN1_R4 - Alternatepin_1 - Rename Mode FullDuplex into Enable FDCAN_TXFD for pin PE1 is applicable
2025-12-26 12:05:16,278 [INFO] Rule:233 - rule FDCAN1_R4 - Alternatepin_1 - Rename Mode FullDuplex into Enable FDCAN_TXFD for pin PE0 is applicable
2025-12-26 12:05:16,278 [INFO] Rule:233 - rule FDCAN1_R4 - Alternatepin_2 - Rename Mode FullDuplex into Enable FDCAN_TXFD for pin PD5 is applicable
2025-12-26 12:05:16,278 [INFO] Rule:233 - rule FDCAN1_R4 - Alternatepin_2 - Rename Mode FullDuplex into Enable FDCAN_TXFD for pin PD4 is applicable
2025-12-26 12:05:16,278 [INFO] Rule:233 - rule FDCAN2_R3 - if PD10.Mode=FullDuplex, add Pin PB13 is applicable
2025-12-26 12:05:16,278 [INFO] Rule:233 - rule FDCAN2_R3 - if PD9.Mode=FullDuplex, add Pin PB12 is applicable
2025-12-26 12:05:16,278 [INFO] Rule:233 - rule FDCAN2_R3 - Alternatepin_1 - if PB7.Mode=FullDuplex, add Pin PB6 is applicable
2025-12-26 12:05:16,278 [INFO] Rule:233 - rule FDCAN2_R3 - Alternatepin_1 - if PD9.Mode=FullDuplex, add Pin PB12 is applicable
2025-12-26 12:05:16,278 [INFO] Rule:233 - rule FDCAN2_R4 - Rename Mode FullDuplex into Enable FDCAN_TXFD for pin PD10 is applicable
2025-12-26 12:05:16,278 [INFO] Rule:233 - rule FDCAN2_R4 - Rename Mode FullDuplex into Enable FDCAN_TXFD for pin PD9 is applicable
2025-12-26 12:05:16,278 [INFO] Rule:233 - rule FDCAN2_R4 - Alternatepin_1 - Rename Mode FullDuplex into Enable FDCAN_TXFD for pin PB7 is applicable
2025-12-26 12:05:16,278 [INFO] Rule:233 - rule FDCAN2_R4 - Alternatepin_1 - Rename Mode FullDuplex into Enable FDCAN_TXFD for pin PD6 is applicable
2025-12-26 12:05:16,278 [INFO] Rule:233 - rule USART TxPinLevelInvertParam Mode is applicable
2025-12-26 12:05:16,278 [INFO] Rule:233 - rule USART RxPinLevelInvertParam Mode is applicable
2025-12-26 12:05:16,278 [INFO] Rule:233 - rule USART DataInvertParam Mode is applicable
2025-12-26 12:05:16,278 [INFO] Rule:233 - rule USART SwapParam Mode is applicable
2025-12-26 12:05:16,278 [INFO] Rule:233 - rule USART OverrunDisableParam Mode is applicable
2025-12-26 12:05:16,278 [INFO] Rule:233 - rule USART DMADisableonRxErrorParam Mode is applicable
2025-12-26 12:05:16,278 [INFO] Rule:233 - rule USART MSBFirstParam Mode is applicable
2025-12-26 12:05:16,278 [INFO] Rule:233 - rule Update MwName for USB_DEVICE is applicable
2025-12-26 12:05:16,278 [INFO] Rule:233 - rule Change PWR_Regulator_Voltage_Scale Default Value for RCC  H7 family is applicable
2025-12-26 12:05:16,278 [INFO] Rule:233 - rule UART/USART IPParameter rename Prescaler parameter to ClockPrescaler is applicable
2025-12-26 12:05:16,278 [INFO] Rule:233 - rule UART/USART Prescaler rename Prescaler parameter to ClockPrescaler is applicable
2025-12-26 12:05:16,278 [INFO] Rule:233 - rule TIM1CLockSelection is applicable
2025-12-26 12:05:16,279 [INFO] Rule:233 - rule TIM15CLockSelection is applicable
2025-12-26 12:05:16,279 [INFO] Rule:233 - rule align RCC SDMMC3CLockSelection default value on MP1 is applicable
2025-12-26 12:05:16,279 [INFO] Rule:233 - rule align RCC SDMMC12CLockSelection default value on MP1 is applicable
2025-12-26 12:05:16,279 [INFO] Rule:233 - rule align RCC QSPICLockSelection default value on MP1 is applicable
2025-12-26 12:05:16,279 [INFO] Rule:233 - rule align RCC QSPICLockSelection default value on MP1 is applicable
2025-12-26 12:05:16,279 [INFO] Rule:233 - rule align RCC SPI6CLockSelection default value on MP1 is applicable
2025-12-26 12:05:16,279 [INFO] Rule:233 - rule align RCC LPTIM23CLockSelection default value on MP1 is applicable
2025-12-26 12:05:16,279 [INFO] Rule:233 - rule align RCC LPTIM1CLockSelection default value on MP1 is applicable
2025-12-26 12:05:16,279 [INFO] Rule:233 - rule align RCC USART1CLockSelection default value on MP1 is applicable
2025-12-26 12:05:16,279 [INFO] Rule:233 - rule align RCC USART24CLockSelection default value on MP1 is applicable
2025-12-26 12:05:16,279 [INFO] Rule:233 - rule align RCC USART6CLockSelection default value on MP1 is applicable
2025-12-26 12:05:16,279 [INFO] Rule:233 - rule align RCC UART78CLockSelection default value on MP1 is applicable
2025-12-26 12:05:16,279 [INFO] Rule:233 - rule align RCC USART35CLockSelection default value on MP1 is applicable
2025-12-26 12:05:16,279 [INFO] Rule:233 - rule align RCC SPI45CLockSelection default value on MP1 is applicable
2025-12-26 12:05:16,279 [INFO] Rule:233 - rule align RCC I2C46CLockSelection BCLK value on MP1 is applicable
2025-12-26 12:05:16,279 [INFO] Rule:233 - rule align RCC SPI45CLockSelection default value on MP1 is applicable
2025-12-26 12:05:16,279 [INFO] Rule:233 - rule align RCC I2C12CLockSelection default value on MP1 is applicable
2025-12-26 12:05:16,279 [INFO] Rule:233 - rule align RCC I2C35CLockSelection default value on MP1 is applicable
2025-12-26 12:05:16,279 [INFO] Rule:233 - rule align RCC LPTIM45CLockSelection default value on MP1 is applicable
2025-12-26 12:05:16,279 [INFO] Rule:233 - rule Rename DCMI PIXCK signal is applicable
2025-12-26 12:05:16,279 [INFO] Rule:233 - rule Change Default Value for I2C46CLockSelection MP1 family is applicable
2025-12-26 12:05:16,279 [INFO] Rule:233 - rule Change Default Value for UART for G4, G0 and WB families is applicable
2025-12-26 12:05:16,279 [INFO] Rule:233 - rule Change Default Value for USART for G4, G0 and WB families is applicable
2025-12-26 12:05:16,279 [INFO] Rule:233 - rule Change Default Value for USART for G4 family is applicable
2025-12-26 12:05:16,279 [INFO] Rule:233 - rule Change USART1CLockSelection refparam name for MP1 is applicable
2025-12-26 12:05:16,279 [INFO] Rule:233 - rule Change USART2CLockSelection refparam name for MP1 is applicable
2025-12-26 12:05:16,279 [INFO] Rule:233 - rule Change USART3CLockSelection refparam name for MP1 is applicable
2025-12-26 12:05:16,279 [INFO] Rule:233 - rule Change UART4CLockSelection refparam name for MP1 is applicable
2025-12-26 12:05:16,279 [INFO] Rule:233 - rule Change UART5CLockSelection refparam name for MP1 is applicable
2025-12-26 12:05:16,279 [INFO] Rule:233 - rule Change LPUART1CLockSelection refparam name for MP1 is applicable
2025-12-26 12:05:16,279 [INFO] Rule:233 - rule Change LPTIM1CLockSelection refparam name for MP1 is applicable
2025-12-26 12:05:16,279 [INFO] Rule:233 - rule Change LPTIM2CLockSelection refparam name for MP1 is applicable
2025-12-26 12:05:16,279 [INFO] Rule:233 - rule Change RCC_MCO1Source refparam name for MP1 is applicable
2025-12-26 12:05:16,279 [INFO] Rule:233 - rule Change LSCOSource1 refparam name for MP1 is applicable
2025-12-26 12:05:16,279 [INFO] Rule:233 - rule Change SMPSCLockSelection refparam name for MP1 is applicable
2025-12-26 12:05:16,279 [INFO] Rule:233 - rule Change LPTIM3CLockSelection refparam name for MP1 is applicable
2025-12-26 12:05:16,279 [INFO] Rule:233 - rule Change MPCBB* Default Template Mode to Parameters is applicable
2025-12-26 12:05:16,279 [INFO] Rule:233 - rule Change MPCWM* or MPCBB* Secure Mode to Parameters is applicable
2025-12-26 12:05:16,279 [INFO] Rule:233 - rule Change MPCWM* or MPCBB* No Secure Mode to Parameters is applicable
2025-12-26 12:05:16,279 [INFO] Rule:233 - rule Change TZSC IP Secure Mode to Parameters is applicable
2025-12-26 12:05:16,279 [INFO] Rule:233 - rule Change TZSC IP No Secure Mode to Parameters is applicable
2025-12-26 12:05:16,279 [INFO] Rule:233 - rule Change TZSC IP Privilege Mode to Parameters is applicable
2025-12-26 12:05:16,280 [INFO] Rule:233 - rule Change TZSC IP No Privilege Mode to Parameters is applicable
2025-12-26 12:05:16,280 [INFO] Rule:233 - rule Change TZIC IT Secure Mode to Parameters is applicable
2025-12-26 12:05:16,280 [INFO] Rule:233 - rule Change TZIC IT No Secure Mode to Parameters is applicable
2025-12-26 12:05:16,280 [INFO] Rule:233 - rule Add MPCBB1_NonSecureArea_Start_Address value with referenced to MPCBB1_NonSecureArea_Start value is applicable
2025-12-26 12:05:16,280 [INFO] Rule:233 - rule Add MPCBB2_NonSecureArea_Start_Address value with referenced to MPCBB2_NonSecureArea_Start value is applicable
2025-12-26 12:05:16,280 [INFO] Rule:233 - rule Add MPCWM1_NonSecureArea*_Start_Address value with referenced to MPCWM1_NonSecureArea*_Start value is applicable
2025-12-26 12:05:16,280 [INFO] Rule:233 - rule Add MPCWM2_NonSecureArea*_Start_Address value with referenced to MPCWM2_NonSecureArea*_Start value is applicable
2025-12-26 12:05:16,280 [INFO] Rule:233 - rule Add MPCWM3_NonSecureArea_Start_Address value with referenced to MPCWM3_NonSecureArea_Start value is applicable
2025-12-26 12:05:16,280 [INFO] Rule:233 - rule Change Default Value for PLL1UserDefinedConfig is applicable
2025-12-26 12:05:16,280 [INFO] Rule:233 - rule Change GPIO_PuPd Default Value for USART in async mode is applicable
2025-12-26 12:05:16,280 [INFO] Rule:233 - rule Change SMPSDivider Default Value is applicable
2025-12-26 12:05:16,280 [INFO] Rule:233 - rule OPAMP is applicable
2025-12-26 12:05:16,280 [INFO] Rule:233 - rule LPUART IPParameter rename Prescaler parameter to ClockPrescaler for STM32H7 is applicable
2025-12-26 12:05:16,280 [INFO] Rule:233 - rule LPUART IPParameter rename Prescaler parameter to ClockPrescaler for STM32H7 is applicable
2025-12-26 12:05:16,280 [INFO] Rule:233 - rule LPUART IPParameter rename Prescaler parameter to ClockPrescaler for STM32WB is applicable
2025-12-26 12:05:16,280 [INFO] Rule:233 - rule LPUART IPParameter rename Prescaler parameter to ClockPrescaler for STM32WB is applicable
2025-12-26 12:05:16,280 [INFO] Rule:233 - rule LPUART IPParameter rename Prescaler parameter to ClockPrescaler for STM32G4 is applicable
2025-12-26 12:05:16,280 [INFO] Rule:233 - rule LPUART IPParameter rename Prescaler parameter to ClockPrescaler for STM32G4 is applicable
2025-12-26 12:05:16,280 [INFO] Rule:233 - rule LPUART IPParameter rename Prescaler parameter to ClockPrescaler for STM32L5 is applicable
2025-12-26 12:05:16,280 [INFO] Rule:233 - rule LPUART IPParameter rename Prescaler parameter to ClockPrescaler for STM32L5 is applicable
2025-12-26 12:05:16,280 [INFO] Rule:233 - rule LPUART IPParameter rename Prescaler parameter to ClockPrescaler for STM32G4 is applicable
2025-12-26 12:05:16,280 [INFO] Rule:233 - rule LPUART IPParameter rename Prescaler parameter to ClockPrescaler for STM32G4 is applicable
2025-12-26 12:05:16,280 [INFO] Rule:233 - rule USB device lib V2.5.3 for L0 rename USBD_SUPPORT_USER_STRING parameter to USBD_SUPPORT_USER_STRING_DESC4 is applicable
2025-12-26 12:05:16,280 [INFO] Rule:233 - rule I2SCLockSelection clock entry align is applicable
2025-12-26 12:05:16,280 [INFO] Rule:233 - rule Assign TIMx context if used as SYS timebase is applicable
2025-12-26 12:05:16,280 [INFO] Rule:233 - rule Change GPIO_Pu Default Value for I2C is applicable
2025-12-26 12:05:16,280 [INFO] Rule:233 - rule Change GPIO_Pu Default Value for SMBus is applicable
2025-12-26 12:05:16,280 [INFO] Rule:233 - rule change FDCAN default value is applicable
2025-12-26 12:05:16,280 [INFO] Rule:233 - rule Change mode sai is applicable
2025-12-26 12:05:16,280 [INFO] Rule:233 - rule **Change sai mode is applicable
2025-12-26 12:05:16,280 [INFO] Rule:233 - rule Rename STM32WPAN CFG_BLE_IRK to CFG_BLE_IR is applicable
2025-12-26 12:05:16,280 [INFO] Rule:233 - rule Rename STM32WPAN CFG_BLE_ERK to CFG_BLE_ER is applicable
2025-12-26 12:05:16,280 [INFO] Rule:233 - rule Rename STM32WPAN CFG_BLE_IRK_HEX to CFG_BLE_IR_HEX is applicable
2025-12-26 12:05:16,280 [INFO] Rule:233 - rule Rename STM32WPAN CFG_BLE_ERK_HEX to CFG_BLE_ER_HEX is applicable
2025-12-26 12:05:16,280 [INFO] Rule:233 - rule Adapt Old IOC before rework replace old CORTEX_M33/CORTEX_M55 attributes by the new one. is applicable
2025-12-26 12:05:16,280 [INFO] Rule:233 - rule Rename parametre of RCC RCC_APBDBG_DIV2 to RCC_TIMPRES_DIV2 is applicable
2025-12-26 12:05:16,280 [INFO] Rule:233 - rule Rename DIE493 pin PA10 [PA12] -> PA10 is applicable
2025-12-26 12:05:16,280 [INFO] Rule:233 - rule Rename DIE493 pin PA9 [PA11] -> PA9 is applicable
2025-12-26 12:05:16,280 [INFO] Rule:233 - rule Rename DIE492 PartNumber CPN STM32WBA5MJGHx -> STM32WBA5MMGHx is applicable
2025-12-26 12:05:16,280 [INFO] Rule:233 - rule Rename DIE492 PartNumber  Name STM32WBA5MJGHx -> STM32WBA5MMGHx is applicable
2025-12-26 12:05:16,281 [INFO] Rule:233 - rule Rename DIE492 PartNumber UserName STM32WBA5MJGHx -> STM32WBA5MMGHx is applicable
2025-12-26 12:05:16,281 [INFO] Rule:233 - rule Rename DIE492 PartNumber DeviceId STM32WBA5MJGHx -> STM32WBA5MMGHx is applicable
2025-12-26 12:05:16,281 [INFO] Rule:233 - rule Adapt Old IOC CSI. is applicable
2025-12-26 12:05:16,281 [INFO] Rule:233 - rule Adapt Old IOC DCMIPP. is applicable
2025-12-26 12:05:16,281 [INFO] Rule:233 - rule Adapt Old IOC DCMIPP Mode Parallel. is applicable
2025-12-26 12:05:16,281 [INFO] Rule:233 - rule Adapt Old IOC LTDC. is applicable
2025-12-26 12:05:16,281 [INFO] Rule:233 - rule Rename STM32MP2 RIF Peripheral LTDC RIF.RISUP.LTDC_L0L1.Privilege -> RIF.RISUP.LTDC_L1L2.Privilege is applicable
2025-12-26 12:05:16,281 [INFO] Rule:233 - rule Rename STM32MP2 RIF Peripheral LTDC RIF.RISUP.LTDC_L0L1.Privilege -> RIF.RISUP.LTDC_L1L2.Privilege is applicable
2025-12-26 12:05:16,281 [INFO] Rule:233 - rule Rename STM32MP2 RIF Peripheral LTDC RIF.RISUP.LTDC_L0L1.Lock -> RIF.RISUP.LTDC_L1L2.Lock is applicable
2025-12-26 12:05:16,281 [INFO] Rule:233 - rule Rename STM32MP2 RIF Peripheral LTDC RIF.RISUP.LTDC_L2.Lock -> RIF.RISUP.LTDC_L3.Lock is applicable
2025-12-26 12:05:16,281 [INFO] Rule:233 - rule Adapt the old IOC example for updating the SYS when it is misconfigured. is applicable
2025-12-26 12:05:16,281 [INFO] Rule:233 - rule Rename STM32C09 Mcu.Package LQFP64 -> LQFP48 is applicable
2025-12-26 12:05:16,281 [INFO] Rule:233 - rule Adapt the old IOC example for updating the SYS when it is misconfigured. is applicable
2025-12-26 12:05:16,281 [INFO] Rule:233 - rule Adapt the old IOC example for updating the SYS when it is misconfigured. is applicable
2025-12-26 12:05:16,312 [INFO] DbConfProperties:307 - Apply Compatibility (54/282 Rules)
2025-12-26 12:05:16,330 [INFO] ImportTextPane:234 - (OptionalMessage_ERROR) Unable to find key (Mcu.ThirdPartyNb) in loaded IOC file
2025-12-26 12:05:16,331 [INFO] ImportTextPane:234 - (OptionalMessage_ERROR) Pin35 (VP_RIF_VS_RIF1) cannot be retrieved for this MCU
2025-12-26 12:05:16,468 [INFO] RtosManager:558 - Registered RTOS mode: class=CMSIS, group=RTOS, mode=CMSIS_V1, owner=FREERTOS
2025-12-26 12:05:16,468 [INFO] RtosManager:558 - Registered RTOS mode: class=CMSIS, group=RTOS2, mode=CMSIS_V2, owner=FREERTOS
2025-12-26 12:05:16,468 [INFO] RtosManager:558 - Registered RTOS mode: class=RTOS, group=Core, mode=CMSIS_V1, owner=FREERTOS
2025-12-26 12:05:16,468 [INFO] RtosManager:558 - Registered RTOS mode: class=RTOS, group=Core, mode=CMSIS_V2, owner=FREERTOS
2025-12-26 12:05:16,468 [WARN] ModelIntegratedComponent:184 - Missing modes for component STMicroelectronics:FreeRTOS:0.0.1:STMicroelectronics:RTOS:FreeRTOS:Core:::10.2.0:
2025-12-26 12:05:16,478 [WARN] ModelIntegratedComponent:63 - No mode defined for component null
2025-12-26 12:05:16,478 [WARN] ModelIntegratedComponent:63 - No mode defined for component null
2025-12-26 12:05:16,478 [WARN] ModelIntegratedComponent:63 - No mode defined for component null
2025-12-26 12:05:16,478 [WARN] ModelIntegratedComponent:63 - No mode defined for component null
2025-12-26 12:05:16,478 [WARN] ModelIntegratedComponent:63 - No mode defined for component null
2025-12-26 12:05:16,478 [WARN] ModelIntegratedComponent:63 - No mode defined for component null
2025-12-26 12:05:16,478 [WARN] ModelIntegratedComponent:63 - No mode defined for component null
2025-12-26 12:05:16,478 [WARN] ModelIntegratedComponent:63 - No mode defined for component null
2025-12-26 12:05:16,478 [WARN] ModelIntegratedComponent:63 - No mode defined for component null
2025-12-26 12:05:16,478 [WARN] ModelIntegratedComponent:63 - No mode defined for component null
2025-12-26 12:05:16,478 [WARN] ModelIntegratedComponent:63 - No mode defined for component null
2025-12-26 12:05:16,478 [WARN] ModelIntegratedComponent:63 - No mode defined for component null
2025-12-26 12:05:16,478 [WARN] ModelIntegratedComponent:63 - No mode defined for component null
2025-12-26 12:05:16,478 [WARN] ModelIntegratedComponent:63 - No mode defined for component null
2025-12-26 12:05:16,478 [WARN] ModelIntegratedComponent:63 - No mode defined for component null
2025-12-26 12:05:16,478 [WARN] ModelIntegratedComponent:63 - No mode defined for component null
2025-12-26 12:05:16,478 [WARN] ModelIntegratedComponent:63 - No mode defined for component null
2025-12-26 12:05:16,478 [WARN] ModelIntegratedComponent:63 - No mode defined for component null
2025-12-26 12:05:16,478 [WARN] ModelIntegratedComponent:63 - No mode defined for component null
2025-12-26 12:05:16,478 [WARN] ModelIntegratedComponent:63 - No mode defined for component null
2025-12-26 12:05:16,478 [WARN] ModelIntegratedComponent:63 - No mode defined for component null
2025-12-26 12:05:16,478 [WARN] ModelIntegratedComponent:63 - No mode defined for component null
2025-12-26 12:05:16,478 [WARN] ModelIntegratedComponent:63 - No mode defined for component null
2025-12-26 12:05:16,478 [WARN] ModelIntegratedComponent:63 - No mode defined for component null
2025-12-26 12:05:16,478 [WARN] ModelIntegratedComponent:63 - No mode defined for component null
2025-12-26 12:05:16,478 [WARN] ModelIntegratedComponent:63 - No mode defined for component null
2025-12-26 12:05:16,478 [WARN] ModelIntegratedComponent:63 - No mode defined for component null
2025-12-26 12:05:16,478 [WARN] ModelIntegratedComponent:63 - No mode defined for component null
2025-12-26 12:05:16,478 [WARN] ModelIntegratedComponent:63 - No mode defined for component null
2025-12-26 12:05:16,478 [WARN] ModelIntegratedComponent:63 - No mode defined for component null
2025-12-26 12:05:16,478 [WARN] ModelIntegratedComponent:63 - No mode defined for component null
2025-12-26 12:05:16,478 [WARN] ModelIntegratedComponent:63 - No mode defined for component null
2025-12-26 12:05:16,479 [WARN] ModelIntegratedComponent:63 - No mode defined for component null
2025-12-26 12:05:16,479 [WARN] ModelIntegratedComponent:63 - No mode defined for component null
2025-12-26 12:05:16,479 [WARN] ModelIntegratedComponent:63 - No mode defined for component null
2025-12-26 12:05:16,479 [WARN] ModelPack:524 - Component already loaded: STMicroelectronics:HAL Drivers:0.0.0:STMicroelectronics:Device:STMicro_Driver:XSPI:HAL::0.0.1:HAL_XSPI
2025-12-26 12:05:16,505 [INFO] ThirdPartyModel:298 - Start build external matchings
2025-12-26 12:05:16,960 [INFO] ThirdPartyModel:316 - End build external matchings
2025-12-26 12:05:16,971 [INFO] ImportTextPane:234 - (OptionalMessage_ERROR) IP (RCC) : Parameter (RTCHSEDivFreq_Value) has invalid value (4000000)
2025-12-26 12:05:17,308 [INFO] UtilMem:75 - End LoadConfig() Used Memory: 900550328 Bytes (1073741824)
2025-12-26 12:05:17,336 [WARN] ThirdParty:833 - waiting for thirdparty lock release [change project]
2025-12-26 12:05:17,336 [INFO] ThirdParty:835 - entering critical section [change project]
2025-12-26 12:05:17,336 [INFO] ThirdParty:1030 - CMSIS Pack Vendor :STMicroelectronics X-CUBE-PM33A1 1.0.0
2025-12-26 12:05:17,336 [INFO] ThirdParty:1030 - CMSIS Pack Vendor :STMicroelectronics USBPD 4.1
2025-12-26 12:05:17,336 [INFO] ThirdParty:1030 - CMSIS Pack Vendor :STMicroelectronics X-CUBE-NFC9 1.0.0
2025-12-26 12:05:17,336 [INFO] ThirdParty:1030 - CMSIS Pack Vendor :STMicroelectronics USB_HOST 2.0.0
2025-12-26 12:05:17,336 [INFO] ThirdParty:1030 - CMSIS Pack Vendor :STMicroelectronics FP-SNS-MOTENVWB1 1.4.0
2025-12-26 12:05:17,336 [INFO] ThirdParty:1030 - CMSIS Pack Vendor :STMicroelectronics X-CUBE-AZRTOS-F4 1.1.0
2025-12-26 12:05:17,336 [INFO] ThirdParty:1030 - CMSIS Pack Vendor :STMicroelectronics LIBJPEG 8.0.0
2025-12-26 12:05:17,336 [INFO] ThirdParty:1030 - CMSIS Pack Vendor :STMicroelectronics FP-ATR-ASTRA1 2.0.2
2025-12-26 12:05:17,337 [INFO] ThirdParty:1030 - CMSIS Pack Vendor :STMicroelectronics X-CUBE-BLE1 7.1.0
2025-12-26 12:05:17,337 [INFO] ThirdParty:1030 - CMSIS Pack Vendor :STMicroelectronics X-CUBE-SMBUS 2.1.0
2025-12-26 12:05:17,337 [INFO] ThirdParty:1030 - CMSIS Pack Vendor :STMicroelectronics USB_DEVICE 3.0.0
2025-12-26 12:05:17,337 [INFO] ThirdParty:1030 - CMSIS Pack Vendor :STMicroelectronics X-CUBE-ISPU 2.1.0
2025-12-26 12:05:17,337 [INFO] ThirdParty:1030 - CMSIS Pack Vendor :STMicroelectronics X-CUBE-FREERTOS 1.4.0
2025-12-26 12:05:17,337 [INFO] ThirdParty:1030 - CMSIS Pack Vendor :STMicroelectronics X-CUBE-EEPRMA1 5.2.0
2025-12-26 12:05:17,337 [INFO] ThirdParty:1030 - CMSIS Pack Vendor :STMicroelectronics X-CUBE-IPS 3.2.0
2025-12-26 12:05:17,337 [INFO] ThirdParty:1030 - CMSIS Pack Vendor :STMicroelectronics X-CUBE-BLEMGR 4.1.0
2025-12-26 12:05:17,337 [INFO] ThirdParty:1030 - CMSIS Pack Vendor :STMicroelectronics X-CUBE-AZRTOS-WB 2.0.0
2025-12-26 12:05:17,337 [INFO] ThirdParty:1030 - CMSIS Pack Vendor :Cesanta I-CUBE-Mongoose 7.20.0
2025-12-26 12:05:17,337 [INFO] ThirdParty:1030 - CMSIS Pack Vendor :STMicroelectronics X-CUBE-NFC12 1.0.0
2025-12-26 12:05:17,337 [INFO] ThirdParty:1030 - CMSIS Pack Vendor :STMicroelectronics X-CUBE-AZRTOS-F7 1.1.0
2025-12-26 12:05:17,337 [INFO] ThirdParty:1030 - CMSIS Pack Vendor :STMicroelectronics X-CUBE-AZRTOS-L5 2.0.0
2025-12-26 12:05:17,337 [INFO] ThirdParty:1030 - CMSIS Pack Vendor :STMicroelectronics USB_DEVICE 2.0.0
2025-12-26 12:05:17,337 [INFO] ThirdParty:1030 - CMSIS Pack Vendor :STMicroelectronics X-CUBE-NFC6 3.1.0
2025-12-26 12:05:17,337 [INFO] ThirdParty:1030 - CMSIS Pack Vendor :STMicroelectronics X-CUBE-ST67W61 1.1.0
2025-12-26 12:05:17,337 [INFO] ThirdParty:1030 - CMSIS Pack Vendor :quantropi X-CUBE-qispace-sdk-base 2.1.0
2025-12-26 12:05:17,337 [INFO] ThirdParty:1030 - CMSIS Pack Vendor :STMicroelectronics X-CUBE-MEMS1 12.0.0
2025-12-26 12:05:17,337 [INFO] ThirdParty:1030 - CMSIS Pack Vendor :STMicroelectronics FP-SNS-MOTENV1 5.1.0
2025-12-26 12:05:17,337 [INFO] ThirdParty:1030 - CMSIS Pack Vendor :STMicroelectronics FreeRTOS 0.0.1
2025-12-26 12:05:17,337 [INFO] ThirdParty:1030 - CMSIS Pack Vendor :STMicroelectronics X-CUBE-AZRTOS-G0 1.1.0
2025-12-26 12:05:17,337 [INFO] ThirdParty:1030 - CMSIS Pack Vendor :STMicroelectronics X-CUBE-NFC4 3.0.0
2025-12-26 12:05:17,337 [INFO] ThirdParty:1030 - CMSIS Pack Vendor :STMicroelectronics X-CUBE-SUBG2 5.0.0
2025-12-26 12:05:17,338 [INFO] ThirdParty:1030 - CMSIS Pack Vendor :STMicroelectronics STM32_WPAN 1.0.0
2025-12-26 12:05:17,338 [INFO] ThirdParty:1030 - CMSIS Pack Vendor :EmbeddedOffice I-CUBE-FS-RTOS 1.0.1
2025-12-26 12:05:17,338 [INFO] ThirdParty:1030 - CMSIS Pack Vendor :STMicroelectronics lwIP 2.0.3
2025-12-26 12:05:17,338 [INFO] ThirdParty:1030 - CMSIS Pack Vendor :WES I-CUBE-Cesium 1.4.0
2025-12-26 12:05:17,338 [INFO] ThirdParty:1030 - CMSIS Pack Vendor :STMicroelectronics USB_HOST 1.0.0
2025-12-26 12:05:17,338 [INFO] ThirdParty:1030 - CMSIS Pack Vendor :STMicroelectronics X-CUBE-AZRTOS-G4 2.0.0
2025-12-26 12:05:17,338 [INFO] ThirdParty:1030 - CMSIS Pack Vendor :STMicroelectronics X-CUBE-WB05N 2.0.0
2025-12-26 12:05:17,339 [INFO] ThirdParty:1030 - CMSIS Pack Vendor :STMicroelectronics PDM2PCM 3.1.0
2025-12-26 12:05:17,339 [INFO] ThirdParty:1030 - CMSIS Pack Vendor :STMicroelectronics PDM2PCM 3.3.0
2025-12-26 12:05:17,339 [INFO] ThirdParty:1030 - CMSIS Pack Vendor :STMicroelectronics X-CUBE-AZRTOS-H7 3.4.0
2025-12-26 12:05:17,339 [INFO] ThirdParty:1030 - CMSIS Pack Vendor :STMicroelectronics X-CUBE-DISPLAY 3.0.0
2025-12-26 12:05:17,339 [INFO] ThirdParty:1030 - CMSIS Pack Vendor :STMicroelectronics X-CUBE-NFC7 2.0.0
2025-12-26 12:05:17,339 [INFO] ThirdParty:1030 - CMSIS Pack Vendor :STMicroelectronics X-CUBE-TCPP 4.2.0
2025-12-26 12:05:17,339 [INFO] ThirdParty:1030 - CMSIS Pack Vendor :RealThread X-CUBE-RT-Thread_Nano 4.1.1
2025-12-26 12:05:17,339 [INFO] ThirdParty:1030 - CMSIS Pack Vendor :STMicroelectronics FP-ATR-SIGFOX1 3.2.0
2025-12-26 12:05:17,339 [INFO] ThirdParty:1030 - CMSIS Pack Vendor :STMicroelectronics X-CUBE-NFC10 1.0.0
2025-12-26 12:05:17,339 [INFO] ThirdParty:1030 - CMSIS Pack Vendor :STMicroelectronics HAL Drivers 0.0.0
2025-12-26 12:05:17,339 [INFO] ThirdParty:1030 - CMSIS Pack Vendor :STMicroelectronics MBEDTLS 2.16.2
2025-12-26 12:05:17,339 [INFO] ThirdParty:1030 - CMSIS Pack Vendor :STMicroelectronics X-CUBE-ST60 1.1.0
2025-12-26 12:05:17,339 [INFO] ThirdParty:1030 - CMSIS Pack Vendor :STMicroelectronics X-CUBE-ALS 1.0.2
2025-12-26 12:05:17,339 [INFO] ThirdParty:1030 - CMSIS Pack Vendor :emotas I-CUBE-CANOPEN 1.3.0
2025-12-26 12:05:17,339 [INFO] ThirdParty:1030 - CMSIS Pack Vendor :STMicroelectronics MBEDTLS 2.14.1
2025-12-26 12:05:17,339 [INFO] ThirdParty:1030 - CMSIS Pack Vendor :STMicroelectronics X-CUBE-GNSS1 7.1.0
2025-12-26 12:05:17,339 [INFO] ThirdParty:1030 - CMSIS Pack Vendor :ITTIA_DB I-CUBE-ITTIADB 8.9.0
2025-12-26 12:05:17,339 [INFO] ThirdParty:1030 - CMSIS Pack Vendor :STMicroelectronics X-CUBE-TOUCHGFX 4.26.0
2025-12-26 12:05:17,340 [INFO] ThirdParty:1030 - CMSIS Pack Vendor :STMicroelectronics X-CUBE-STSE01 1.0.0
2025-12-26 12:05:17,340 [INFO] ThirdParty:1030 - CMSIS Pack Vendor :STMicroelectronics FP-SNS-STBOX1 2.1.0
2025-12-26 12:05:17,340 [INFO] ThirdParty:1030 - CMSIS Pack Vendor :STMicroelectronics X-CUBE-AI 10.2.0
2025-12-26 12:05:17,340 [INFO] ThirdParty:1030 - CMSIS Pack Vendor :STMicroelectronics FP-SNS-STAIOTCFT 1.0.0
2025-12-26 12:05:17,340 [INFO] ThirdParty:1030 - CMSIS Pack Vendor :STMicroelectronics ThreadX 1.0.0
2025-12-26 12:05:17,340 [INFO] ThirdParty:1030 - CMSIS Pack Vendor :STMicroelectronics FP-SNS-SMARTAG2 1.2.0
2025-12-26 12:05:17,341 [INFO] ThirdParty:1030 - CMSIS Pack Vendor :STMicroelectronics FP-SNS-FLIGHT1 5.1.0
2025-12-26 12:05:17,341 [INFO] ThirdParty:1030 - CMSIS Pack Vendor :STMicroelectronics X-CUBE-AZRTOS-WL 2.0.0
2025-12-26 12:05:17,341 [INFO] ThirdParty:1030 - CMSIS Pack Vendor :SEGGER I-CUBE-embOS 1.3.1
2025-12-26 12:05:17,341 [INFO] ThirdParty:1030 - CMSIS Pack Vendor :STMicroelectronics X-CUBE-ALGOBUILD 1.4.0
2025-12-26 12:05:17,341 [INFO] ThirdParty:1030 - CMSIS Pack Vendor :STMicroelectronics X-CUBE-DPower 1.3.0
2025-12-26 12:05:17,341 [INFO] ThirdParty:1030 - CMSIS Pack Vendor :STMicroelectronics USB_DEVICE 1.0.0
2025-12-26 12:05:17,341 [INFO] ThirdParty:1030 - CMSIS Pack Vendor :STMicroelectronics X-CUBE-AZRTOS-H7RS 1.2.0
2025-12-26 12:05:17,341 [INFO] ThirdParty:1030 - CMSIS Pack Vendor :STMicroelectronics X-CUBE-AZRTOS-L4 2.0.0
2025-12-26 12:05:17,341 [INFO] ThirdParty:1030 - CMSIS Pack Vendor :STMicroelectronics ThreadX 0.0.2
2025-12-26 12:05:17,341 [INFO] ThirdParty:1030 - CMSIS Pack Vendor :STMicroelectronics lwIP 2.1.2
2025-12-26 12:05:17,341 [INFO] ThirdParty:1030 - CMSIS Pack Vendor :STMicroelectronics X-CUBE-SFXS2LP1 4.0.0
2025-12-26 12:05:17,341 [INFO] ThirdParty:1030 - CMSIS Pack Vendor :STMicroelectronics X-CUBE-BLE2 3.3.0
2025-12-26 12:05:17,342 [INFO] ThirdParty:1030 - CMSIS Pack Vendor :STMicroelectronics X-CUBE-TOF1 3.4.3
2025-12-26 12:05:17,342 [INFO] ThirdParty:1030 - CMSIS Pack Vendor :Infineon AIROC-Wi-Fi-Bluetooth-STM32 1.8.0
2025-12-26 12:05:17,342 [INFO] ThirdParty:1030 - CMSIS Pack Vendor :STMicroelectronics PDM2PCM 3.2.0
2025-12-26 12:05:17,342 [INFO] ThirdParty:841 - exiting critical section [change project]
2025-12-26 12:05:17,771 [INFO] PinOutPanel:1589 - setPackage(No Configuration,No Configuration)
2025-12-26 12:05:17,772 [INFO] PinOutPanel:1589 - setPackage(STM32F407VGTx,LQFP100)
2025-12-26 12:05:18,208 [INFO] UtilMem:75 - Before build in PCC Used Memory: 844384632 Bytes (1073741824)
2025-12-26 12:05:18,501 [INFO] UtilMem:75 - After build in PCC Used Memory: 889999736 Bytes (1073741824)
2025-12-26 12:05:18,508 [INFO] ApiDbMcu:532 - Load IP Config File for USB_HOST
2025-12-26 12:05:18,508 [WARN] BspModel:444 - BSP dependency skipped because of component: name='IOExpander', api='Unknown'
2025-12-26 12:05:18,539 [INFO] IPUIPlugin:80 - create IPUIPlugin
2025-12-26 12:05:18,540 [INFO] IPUIPlugin:80 - create IPUIPlugin
2025-12-26 12:05:18,540 [INFO] IPUIPlugin:80 - create IPUIPlugin
2025-12-26 12:05:18,540 [INFO] IPUIPlugin:80 - create IPUIPlugin
2025-12-26 12:05:18,541 [INFO] IPUIPlugin:80 - create IPUIPlugin
2025-12-26 12:05:18,541 [INFO] IPUIPlugin:80 - create IPUIPlugin
2025-12-26 12:05:18,542 [INFO] IPUIPlugin:80 - create IPUIPlugin
2025-12-26 12:05:18,542 [INFO] IPUIPlugin:80 - create IPUIPlugin
2025-12-26 12:05:18,542 [INFO] IPUIPlugin:80 - create IPUIPlugin
2025-12-26 12:05:18,542 [INFO] IPUIPlugin:80 - create IPUIPlugin
2025-12-26 12:05:18,542 [INFO] IPUIPlugin:80 - create IPUIPlugin
2025-12-26 12:05:18,542 [INFO] IPUIPlugin:80 - create IPUIPlugin
2025-12-26 12:05:18,542 [INFO] IPUIPlugin:80 - create IPUIPlugin
2025-12-26 12:05:18,542 [INFO] IPUIPlugin:80 - create IPUIPlugin
2025-12-26 12:05:18,542 [INFO] IPUIPlugin:80 - create IPUIPlugin
2025-12-26 12:05:18,542 [INFO] IPUIPlugin:80 - create IPUIPlugin
2025-12-26 12:05:18,542 [INFO] IPUIPlugin:80 - create IPUIPlugin
2025-12-26 12:05:18,542 [INFO] IPUIPlugin:80 - create IPUIPlugin
2025-12-26 12:05:18,542 [INFO] IPUIPlugin:80 - create IPUIPlugin
2025-12-26 12:05:18,543 [INFO] IPUIPlugin:80 - create IPUIPlugin
2025-12-26 12:05:18,543 [INFO] IPUIPlugin:80 - create IPUIPlugin
2025-12-26 12:05:18,543 [INFO] IPUIPlugin:80 - create IPUIPlugin
2025-12-26 12:05:18,544 [INFO] IPUIPlugin:80 - create IPUIPlugin
2025-12-26 12:05:18,544 [INFO] IPUIPlugin:80 - create IPUIPlugin
2025-12-26 12:05:18,544 [INFO] IPUIPlugin:80 - create IPUIPlugin
2025-12-26 12:05:18,544 [INFO] IPUIPlugin:80 - create IPUIPlugin
2025-12-26 12:05:18,544 [INFO] IPUIPlugin:80 - create IPUIPlugin
2025-12-26 12:05:18,544 [INFO] IPUIPlugin:80 - create IPUIPlugin
2025-12-26 12:05:18,544 [INFO] IPUIPlugin:80 - create IPUIPlugin
2025-12-26 12:05:18,544 [INFO] IPUIPlugin:80 - create IPUIPlugin
2025-12-26 12:05:18,545 [INFO] IPUIPlugin:80 - create IPUIPlugin
2025-12-26 12:05:18,545 [INFO] IPUIPlugin:80 - create IPUIPlugin
2025-12-26 12:05:18,545 [INFO] IPUIPlugin:80 - create IPUIPlugin
2025-12-26 12:05:18,545 [INFO] IPUIPlugin:80 - create IPUIPlugin
2025-12-26 12:05:18,545 [INFO] IPUIPlugin:80 - create IPUIPlugin
2025-12-26 12:05:18,545 [INFO] IPUIPlugin:80 - create IPUIPlugin
2025-12-26 12:05:18,545 [INFO] IPUIPlugin:80 - create IPUIPlugin
2025-12-26 12:05:18,546 [INFO] IPUIPlugin:80 - create IPUIPlugin
2025-12-26 12:05:18,546 [INFO] IPUIPlugin:80 - create IPUIPlugin
2025-12-26 12:05:18,546 [INFO] IPUIPlugin:80 - create IPUIPlugin
2025-12-26 12:05:18,546 [INFO] IPUIPlugin:80 - create IPUIPlugin
2025-12-26 12:05:18,546 [INFO] IPUIPlugin:80 - create IPUIPlugin
2025-12-26 12:05:18,546 [INFO] IPUIPlugin:80 - create IPUIPlugin
2025-12-26 12:05:18,547 [INFO] IPUIPlugin:80 - create IPUIPlugin
2025-12-26 12:05:18,547 [INFO] IPUIPlugin:80 - create IPUIPlugin
2025-12-26 12:05:18,547 [INFO] IPUIPlugin:80 - create IPUIPlugin
2025-12-26 12:05:18,547 [INFO] IPUIPlugin:80 - create IPUIPlugin
2025-12-26 12:05:18,548 [INFO] IPUIPlugin:80 - create IPUIPlugin
2025-12-26 12:05:18,548 [INFO] IPUIPlugin:80 - create IPUIPlugin
2025-12-26 12:05:18,548 [INFO] IPUIPlugin:80 - create IPUIPlugin
2025-12-26 12:05:18,548 [INFO] IPUIPlugin:80 - create IPUIPlugin
2025-12-26 12:05:18,549 [INFO] IPUIPlugin:80 - create IPUIPlugin
2025-12-26 12:05:18,549 [INFO] IPUIPlugin:80 - create IPUIPlugin
2025-12-26 12:05:18,549 [INFO] IPUIPlugin:80 - create IPUIPlugin
2025-12-26 12:05:18,550 [INFO] IPUIPlugin:80 - create IPUIPlugin
2025-12-26 12:05:18,551 [INFO] IPUIPlugin:80 - create IPUIPlugin
2025-12-26 12:05:18,551 [INFO] IPUIPlugin:80 - create IPUIPlugin
2025-12-26 12:05:18,551 [INFO] IPUIPlugin:80 - create IPUIPlugin
2025-12-26 12:05:18,555 [INFO] ApiDbMcu:532 - Load IP Config File for PDM2PCM
2025-12-26 12:05:18,556 [WARN] IP:2250 - I2C_Coeff_DF not found: check if there is a RefParameter without a condition.
2025-12-26 12:05:18,556 [WARN] IP:2250 - Analog_Filter not found: check if there is a RefParameter without a condition.
2025-12-26 12:05:18,560 [INFO] I2sManager:658 - 9.6E7
2025-12-26 12:05:18,560 [INFO] I2sManager:195 - I2S Clock Value : 9.6E7
2025-12-26 12:05:18,560 [INFO] I2sManager:553 - AudioClock : 93750Divider : 2Odd : 0
2025-12-26 12:05:18,620 [INFO] CADModel:165 - CPN selected for project levelSTM32F407VGT6
2025-12-26 12:05:18,620 [INFO] CADModel:114 - Register for checkConnection events
2025-12-26 12:05:18,668 [INFO] OpenFileManager:386 - Restore cursor
2025-12-26 12:05:18,886 [WARN] IP:2250 - I2C_Coeff_DF not found: check if there is a RefParameter without a condition.
2025-12-26 12:05:18,887 [WARN] IP:2250 - Analog_Filter not found: check if there is a RefParameter without a condition.
2025-12-26 12:05:18,887 [WARN] IP:2250 - I2C_Coeff_DF not found: check if there is a RefParameter without a condition.
2025-12-26 12:05:18,887 [WARN] IP:2250 - Analog_Filter not found: check if there is a RefParameter without a condition.
2025-12-26 12:05:19,179 [INFO] UtilMem:75 - End SaveConfig() Used Memory: 776896520 Bytes (1073741824)
2025-12-26 12:05:19,297 [INFO] UtilMem:75 - End SaveConfig() Used Memory: 798334832 Bytes (1073741824)
2025-12-26 12:05:19,467 [INFO] BlockDiagram:2775 - set Specific Code input for plugin: SPI
2025-12-26 12:05:19,468 [INFO] BlockDiagram:2775 - set Specific Code input for plugin: I2S
2025-12-26 12:05:19,468 [INFO] BlockDiagram:2775 - set Specific Code input for plugin: SYS
2025-12-26 12:05:19,468 [INFO] BlockDiagram:2775 - set Specific Code input for plugin: RCC
2025-12-26 12:05:19,468 [INFO] BlockDiagram:2775 - set Specific Code input for plugin: I2C
2025-12-26 12:05:19,468 [INFO] BlockDiagram:2775 - set Specific Code input for plugin: USB_OTG_FS
2025-12-26 12:05:19,468 [INFO] BlockDiagram:2775 - set Specific Code input for plugin: NVIC
2025-12-26 12:05:19,468 [INFO] BlockDiagram:2775 - set Specific Code input for plugin: USB_HOST
2025-12-26 12:05:19,468 [INFO] BlockDiagram:2775 - set Specific Code input for plugin: GPIO
2025-12-26 12:05:19,469 [INFO] CodeGenerator:892 - code generatio: config db path: C:\ST\STM32CubeIDE_1.19.0\STM32CubeIDE\plugins\com.st.stm32cube.common.mx_6.15.0.202507011659\\db\
2025-12-26 12:05:19,474 [WARN] IP:2250 - I2C_Coeff_DF not found: check if there is a RefParameter without a condition.
2025-12-26 12:05:19,474 [WARN] IP:2250 - Analog_Filter not found: check if there is a RefParameter without a condition.
2025-12-26 12:05:19,588 [INFO] CodeEngine:265 - oldGeneratedFile, D:\I2C_PROGRAM\Assign8_Q2\MXTmpFiles\license.tmp_save
2025-12-26 12:05:19,968 [INFO] CodeEngine:289 - Generated code: D:\I2C_PROGRAM\Assign8_Q2\MXTmpFiles\license.tmp
2025-12-26 12:05:20,034 [INFO] CodeEngine:265 - oldGeneratedFile, D:\I2C_PROGRAM\Assign8_Q2\MXTmpFiles\gpio.tmp_save
2025-12-26 12:05:20,306 [INFO] CodeEngine:289 - Generated code: D:\I2C_PROGRAM\Assign8_Q2\MXTmpFiles\gpio.tmp
2025-12-26 12:05:20,396 [WARN] IPConfigManager:3238 - Warning: the RefConfig PWREx_EnableUSBVoltageDetector is not available in your config.xml file
2025-12-26 12:05:20,406 [INFO] CodeEngine:265 - oldGeneratedFile, D:\I2C_PROGRAM\Assign8_Q2\MXTmpFiles\usb_otg_fs_vars.tmp_save
2025-12-26 12:05:20,607 [INFO] CodeEngine:289 - Generated code: D:\I2C_PROGRAM\Assign8_Q2\MXTmpFiles\usb_otg_fs_vars.tmp
2025-12-26 12:05:20,613 [INFO] CodeEngine:265 - oldGeneratedFile, D:\I2C_PROGRAM\Assign8_Q2\MXTmpFiles\usb_otg_fs_inc.tmp_save
2025-12-26 12:05:20,713 [INFO] CodeEngine:289 - Generated code: D:\I2C_PROGRAM\Assign8_Q2\MXTmpFiles\usb_otg_fs_inc.tmp
2025-12-26 12:05:20,719 [INFO] CodeEngine:265 - oldGeneratedFile, D:\I2C_PROGRAM\Assign8_Q2\MXTmpFiles\usb_otg_fs_HalInit.tmp_save
2025-12-26 12:05:20,848 [INFO] CodeEngine:289 - Generated code: D:\I2C_PROGRAM\Assign8_Q2\MXTmpFiles\usb_otg_fs_HalInit.tmp
2025-12-26 12:05:20,855 [INFO] CodeEngine:265 - oldGeneratedFile, D:\I2C_PROGRAM\Assign8_Q2\MXTmpFiles\usb_otg_fs_Msp.tmp_save
2025-12-26 12:05:20,968 [INFO] CodeEngine:289 - Generated code: D:\I2C_PROGRAM\Assign8_Q2\MXTmpFiles\usb_otg_fs_Msp.tmp
2025-12-26 12:05:21,167 [INFO] CodeEngine:265 - oldGeneratedFile, D:\I2C_PROGRAM\Assign8_Q2\USB_HOST\App\usb_host.c_save
2025-12-26 12:05:21,332 [INFO] CodeEngine:289 - Generated code: D:\I2C_PROGRAM\Assign8_Q2\USB_HOST\App\usb_host.c
2025-12-26 12:05:21,350 [INFO] CodeEngine:265 - oldGeneratedFile, D:\I2C_PROGRAM\Assign8_Q2\USB_HOST\App\usb_host.h_save
2025-12-26 12:05:21,434 [INFO] CodeEngine:289 - Generated code: D:\I2C_PROGRAM\Assign8_Q2\USB_HOST\App\usb_host.h
2025-12-26 12:05:21,449 [INFO] CodeEngine:265 - oldGeneratedFile, D:\I2C_PROGRAM\Assign8_Q2\USB_HOST\Target\usbh_conf.h_save
2025-12-26 12:05:21,529 [INFO] CodeEngine:289 - Generated code: D:\I2C_PROGRAM\Assign8_Q2\USB_HOST\Target\usbh_conf.h
2025-12-26 12:05:21,534 [INFO] CodeEngine:265 - oldGeneratedFile, D:\I2C_PROGRAM\Assign8_Q2\USB_HOST\Target\usbh_conf.c_save
2025-12-26 12:05:21,646 [INFO] CodeEngine:289 - Generated code: D:\I2C_PROGRAM\Assign8_Q2\USB_HOST\Target\usbh_conf.c
2025-12-26 12:05:21,668 [INFO] CodeEngine:265 - oldGeneratedFile, D:\I2C_PROGRAM\Assign8_Q2\USB_HOST\Target\usbh_platform.c_save
2025-12-26 12:05:21,734 [INFO] CodeEngine:289 - Generated code: D:\I2C_PROGRAM\Assign8_Q2\USB_HOST\Target\usbh_platform.c
2025-12-26 12:05:21,751 [INFO] CodeEngine:265 - oldGeneratedFile, D:\I2C_PROGRAM\Assign8_Q2\USB_HOST\Target\usbh_platform.h_save
2025-12-26 12:05:21,817 [INFO] CodeEngine:289 - Generated code: D:\I2C_PROGRAM\Assign8_Q2\USB_HOST\Target\usbh_platform.h
2025-12-26 12:05:21,834 [INFO] CodeEngine:265 - oldGeneratedFile, D:\I2C_PROGRAM\Assign8_Q2\Core\Src\stm32f4xx_it.c_save
2025-12-26 12:05:22,123 [INFO] CodeEngine:289 - Generated code: D:\I2C_PROGRAM\Assign8_Q2\Core\Src\stm32f4xx_it.c
2025-12-26 12:05:22,129 [INFO] CodeEngine:265 - oldGeneratedFile, D:\I2C_PROGRAM\Assign8_Q2\Core\Inc\stm32f4xx_it.h_save
2025-12-26 12:05:22,219 [INFO] CodeEngine:289 - Generated code: D:\I2C_PROGRAM\Assign8_Q2\Core\Inc\stm32f4xx_it.h
2025-12-26 12:05:22,240 [INFO] CodeEngine:265 - oldGeneratedFile, D:\I2C_PROGRAM\Assign8_Q2\Core\Src\stm32f4xx_hal_msp.c_save
2025-12-26 12:05:22,490 [INFO] CodeEngine:289 - Generated code: D:\I2C_PROGRAM\Assign8_Q2\Core\Src\stm32f4xx_hal_msp.c
2025-12-26 12:05:22,512 [INFO] CodeEngine:265 - oldGeneratedFile, D:\I2C_PROGRAM\Assign8_Q2\MXTmpFiles\system.tmp_save
2025-12-26 12:05:22,603 [INFO] CodeEngine:289 - Generated code: D:\I2C_PROGRAM\Assign8_Q2\MXTmpFiles\system.tmp
2025-12-26 12:05:22,617 [INFO] CodeEngine:321 - oldGeneratedFile, D:\I2C_PROGRAM\Assign8_Q2\Core\Inc\stm32f4xx_hal_conf.h_save
2025-12-26 12:05:22,865 [INFO] CodeEngine:345 - Generated code: D:\I2C_PROGRAM\Assign8_Q2\Core\Inc\stm32f4xx_hal_conf.h
2025-12-26 12:05:22,933 [INFO] ApiDbMcu:532 - Load IP Config File for I2C1
2025-12-26 12:05:22,936 [INFO] ApiDbMcu:532 - Load IP Config File for I2S3
2025-12-26 12:05:22,941 [INFO] ApiDbMcu:532 - Load IP Config File for SPI1
2025-12-26 12:05:22,945 [INFO] ApiDbMcu:532 - Load IP Config File for RCC
2025-12-26 12:05:22,956 [INFO] CodeEngine:265 - oldGeneratedFile, D:\I2C_PROGRAM\Assign8_Q2\Core\Inc\main.h_save
2025-12-26 12:05:23,107 [INFO] CodeEngine:289 - Generated code: D:\I2C_PROGRAM\Assign8_Q2\Core\Inc\main.h
2025-12-26 12:05:23,111 [INFO] CodeEngine:265 - oldGeneratedFile, D:\I2C_PROGRAM\Assign8_Q2\Core\Src\main.c_save
2025-12-26 12:05:23,238 [INFO] CodeEngine:289 - Generated code: D:\I2C_PROGRAM\Assign8_Q2\Core\Src\main.c
2025-12-26 12:05:23,558 [INFO] ProjectBuilder:3606 - Time for Copy HAL[1] : 133mS.
2025-12-26 12:05:23,562 [INFO] ProjectBuilder:5216 - Project Generator version: 4.7.0-B52
2025-12-26 12:05:23,635 [INFO] ConfigFileManager:1595 - The Die is : DIE413
2025-12-26 12:05:23,639 [INFO] ApiDbMcu:532 - Load IP Config File for FATFS
2025-12-26 12:05:23,642 [INFO] ApiDbMcu:532 - Load IP Config File for FREERTOS
2025-12-26 12:05:23,644 [INFO] ApiDbMcu:532 - Load IP Config File for LIBJPEG
2025-12-26 12:05:23,649 [INFO] ApiDbMcu:532 - Load IP Config File for LWIP
2025-12-26 12:05:23,653 [INFO] ApiDbMcu:532 - Load IP Config File for MBEDTLS
2025-12-26 12:05:23,661 [INFO] ApiDbMcu:532 - Load IP Config File for USB_DEVICE
2025-12-26 12:05:25,868 [INFO] ProjectBuilder:5496 - Time for Generating toolchain IDE Files: 2306mS.
2025-12-26 12:05:25,869 [INFO] ProjectBuilder:3463 - Time for Copy CMSIS : 0mS.
2025-12-26 12:05:25,872 [INFO] ProjectBuilder:3463 - Time for Copy CMSIS : 0mS.
2025-12-26 12:05:26,586 [INFO] McuFinderGlobals:76 - Set McuFinderConnectedMode to true
2025-12-26 12:05:26,590 [INFO] ApiDb:448 - Save user favorites file C:\Users\Admin/.stm32cubeide/favorites.mcus.txt: 0 item(s)
2025-12-26 12:05:26,590 [INFO] ApiDb:452 - User favorites MCUs=[]
2025-12-26 12:05:26,593 [INFO] ApiDb:448 - Save user favorites file C:\Users\Admin/.stm32cubeide/favorites.boards.txt: 1 item(s)
2025-12-26 12:05:26,593 [INFO] ApiDb:452 - User favorites Boards=[STM32F407G-DISC1]
2025-12-26 12:05:40,712 [ERROR] LogOutputStream:75 - [STDERR_REDIRECT] Exception in thread "AWT-EventQueue-0" java.lang.ClassCastException: class sun.awt.windows.WEmbeddedFrame cannot be cast to class javax.swing.JFrame (sun.awt.windows.WEmbeddedFrame and javax.swing.JFrame are in module java.desktop of loader 'bootstrap')
2025-12-26 12:05:40,716 [ERROR] LogOutputStream:75 - [STDERR_REDIRECT] 	at com.st.microxplorer.plugins.clock.ClockConfigurationView.activatePlugin(ClockConfigurationView.java:424)
2025-12-26 12:05:40,718 [ERROR] LogOutputStream:75 - [STDERR_REDIRECT] 	at com.st.microxplorer.maingui.MainPanel$1.stateChanged(MainPanel.java:385)
2025-12-26 12:05:40,720 [ERROR] LogOutputStream:75 - [STDERR_REDIRECT] 	at java.desktop/javax.swing.JTabbedPane.fireStateChanged(JTabbedPane.java:446)
2025-12-26 12:05:40,721 [ERROR] LogOutputStream:75 - [STDERR_REDIRECT] 	at java.desktop/javax.swing.JTabbedPane$ModelListener.stateChanged(JTabbedPane.java:297)
2025-12-26 12:05:40,722 [ERROR] LogOutputStream:75 - [STDERR_REDIRECT] 	at java.desktop/javax.swing.DefaultSingleSelectionModel.fireStateChanged(DefaultSingleSelectionModel.java:148)
2025-12-26 12:05:40,723 [ERROR] LogOutputStream:75 - [STDERR_REDIRECT] 	at java.desktop/javax.swing.DefaultSingleSelectionModel.setSelectedIndex(DefaultSingleSelectionModel.java:79)
2025-12-26 12:05:40,724 [ERROR] LogOutputStream:75 - [STDERR_REDIRECT] 	at java.desktop/javax.swing.JTabbedPane.setSelectedIndexImpl(JTabbedPane.java:650)
2025-12-26 12:05:40,724 [ERROR] LogOutputStream:75 - [STDERR_REDIRECT] 	at java.desktop/javax.swing.JTabbedPane.setSelectedIndex(JTabbedPane.java:625)
2025-12-26 12:05:40,726 [ERROR] LogOutputStream:75 - [STDERR_REDIRECT] 	at java.desktop/javax.swing.plaf.basic.BasicTabbedPaneUI$Handler.mousePressed(BasicTabbedPaneUI.java:4140)
2025-12-26 12:05:40,727 [ERROR] LogOutputStream:75 - [STDERR_REDIRECT] 	at java.desktop/java.awt.Component.processMouseEvent(Component.java:6618)
2025-12-26 12:05:40,727 [ERROR] LogOutputStream:75 - [STDERR_REDIRECT] 	at java.desktop/javax.swing.JComponent.processMouseEvent(JComponent.java:3398)
2025-12-26 12:05:40,728 [ERROR] LogOutputStream:75 - [STDERR_REDIRECT] 	at java.desktop/java.awt.Component.processEvent(Component.java:6386)
2025-12-26 12:05:40,730 [ERROR] LogOutputStream:75 - [STDERR_REDIRECT] 	at java.desktop/java.awt.Container.processEvent(Container.java:2266)
2025-12-26 12:05:40,732 [ERROR] LogOutputStream:75 - [STDERR_REDIRECT] 	at java.desktop/java.awt.Component.dispatchEventImpl(Component.java:4996)
2025-12-26 12:05:40,734 [ERROR] LogOutputStream:75 - [STDERR_REDIRECT] 	at java.desktop/java.awt.Container.dispatchEventImpl(Container.java:2324)
2025-12-26 12:05:40,734 [ERROR] LogOutputStream:75 - [STDERR_REDIRECT] 	at java.desktop/java.awt.Component.dispatchEvent(Component.java:4828)
2025-12-26 12:05:40,735 [ERROR] LogOutputStream:75 - [STDERR_REDIRECT] 	at java.desktop/java.awt.LightweightDispatcher.retargetMouseEvent(Container.java:4948)
2025-12-26 12:05:40,736 [ERROR] LogOutputStream:75 - [STDERR_REDIRECT] 	at java.desktop/java.awt.LightweightDispatcher.processMouseEvent(Container.java:4572)
2025-12-26 12:05:40,737 [ERROR] LogOutputStream:75 - [STDERR_REDIRECT] 	at java.desktop/java.awt.LightweightDispatcher.dispatchEvent(Container.java:4516)
2025-12-26 12:05:40,737 [ERROR] LogOutputStream:75 - [STDERR_REDIRECT] 	at java.desktop/java.awt.Container.dispatchEventImpl(Container.java:2310)
2025-12-26 12:05:40,738 [ERROR] LogOutputStream:75 - [STDERR_REDIRECT] 	at java.desktop/java.awt.Component.dispatchEvent(Component.java:4828)
2025-12-26 12:05:40,739 [ERROR] LogOutputStream:75 - [STDERR_REDIRECT] 	at java.desktop/java.awt.EventQueue.dispatchEventImpl(EventQueue.java:775)
2025-12-26 12:05:40,740 [ERROR] LogOutputStream:75 - [STDERR_REDIRECT] 	at java.desktop/java.awt.EventQueue$4.run(EventQueue.java:720)
2025-12-26 12:05:40,741 [ERROR] LogOutputStream:75 - [STDERR_REDIRECT] 	at java.desktop/java.awt.EventQueue$4.run(EventQueue.java:714)
2025-12-26 12:05:40,742 [ERROR] LogOutputStream:75 - [STDERR_REDIRECT] 	at java.base/java.security.AccessController.doPrivileged(AccessController.java:400)
2025-12-26 12:05:40,743 [ERROR] LogOutputStream:75 - [STDERR_REDIRECT] 	at java.base/java.security.ProtectionDomain$JavaSecurityAccessImpl.doIntersectionPrivilege(ProtectionDomain.java:87)
2025-12-26 12:05:40,744 [ERROR] LogOutputStream:75 - [STDERR_REDIRECT] 	at java.base/java.security.ProtectionDomain$JavaSecurityAccessImpl.doIntersectionPrivilege(ProtectionDomain.java:98)
2025-12-26 12:05:40,745 [ERROR] LogOutputStream:75 - [STDERR_REDIRECT] 	at java.desktop/java.awt.EventQueue$5.run(EventQueue.java:747)
2025-12-26 12:05:40,747 [ERROR] LogOutputStream:75 - [STDERR_REDIRECT] 	at java.desktop/java.awt.EventQueue$5.run(EventQueue.java:745)
2025-12-26 12:05:40,750 [ERROR] LogOutputStream:75 - [STDERR_REDIRECT] 	at java.base/java.security.AccessController.doPrivileged(AccessController.java:400)
2025-12-26 12:05:40,750 [ERROR] LogOutputStream:75 - [STDERR_REDIRECT] 	at java.base/java.security.ProtectionDomain$JavaSecurityAccessImpl.doIntersectionPrivilege(ProtectionDomain.java:87)
2025-12-26 12:05:40,752 [ERROR] LogOutputStream:75 - [STDERR_REDIRECT] 	at java.desktop/java.awt.EventQueue.dispatchEvent(EventQueue.java:744)
2025-12-26 12:05:40,752 [ERROR] LogOutputStream:75 - [STDERR_REDIRECT] 	at java.desktop/java.awt.EventDispatchThread.pumpOneEventForFilters(EventDispatchThread.java:203)
2025-12-26 12:05:40,754 [ERROR] LogOutputStream:75 - [STDERR_REDIRECT] 	at java.desktop/java.awt.EventDispatchThread.pumpEventsForFilter(EventDispatchThread.java:124)
2025-12-26 12:05:40,754 [ERROR] LogOutputStream:75 - [STDERR_REDIRECT] 	at java.desktop/java.awt.EventDispatchThread.pumpEventsForHierarchy(EventDispatchThread.java:113)
2025-12-26 12:05:40,756 [ERROR] LogOutputStream:75 - [STDERR_REDIRECT] 	at java.desktop/java.awt.EventDispatchThread.pumpEvents(EventDispatchThread.java:109)
2025-12-26 12:05:40,756 [ERROR] LogOutputStream:75 - [STDERR_REDIRECT] 	at java.desktop/java.awt.EventDispatchThread.pumpEvents(EventDispatchThread.java:101)
2025-12-26 12:05:40,758 [ERROR] LogOutputStream:75 - [STDERR_REDIRECT] 	at java.desktop/java.awt.EventDispatchThread.run(EventDispatchThread.java:90)
2025-12-26 12:05:52,735 [WARN] IP:2250 - I2C_Coeff_DF not found: check if there is a RefParameter without a condition.
2025-12-26 12:05:52,735 [WARN] IP:2250 - Analog_Filter not found: check if there is a RefParameter without a condition.
2025-12-26 12:05:52,735 [WARN] IP:2250 - I2C_Coeff_DF not found: check if there is a RefParameter without a condition.
2025-12-26 12:05:52,735 [WARN] IP:2250 - Analog_Filter not found: check if there is a RefParameter without a condition.
2025-12-26 12:05:52,803 [WARN] IP:2250 - I2C_Coeff_DF not found: check if there is a RefParameter without a condition.
2025-12-26 12:05:52,803 [WARN] IP:2250 - Analog_Filter not found: check if there is a RefParameter without a condition.
2025-12-26 12:05:54,679 [INFO] UtilMem:75 - End SaveConfig() Used Memory: 722129344 Bytes (1073741824)
2025-12-26 12:05:56,824 [INFO] UtilMem:75 - End SaveConfig() Used Memory: 787663296 Bytes (1073741824)
2025-12-26 12:05:58,695 [INFO] UtilMem:75 - End SaveConfig() Used Memory: 833800640 Bytes (1073741824)
2025-12-26 12:05:58,883 [INFO] BlockDiagram:2775 - set Specific Code input for plugin: SYS
2025-12-26 12:05:58,883 [INFO] BlockDiagram:2775 - set Specific Code input for plugin: RCC
2025-12-26 12:05:58,883 [INFO] BlockDiagram:2775 - set Specific Code input for plugin: I2C
2025-12-26 12:05:58,883 [INFO] BlockDiagram:2775 - set Specific Code input for plugin: NVIC
2025-12-26 12:05:58,883 [INFO] BlockDiagram:2775 - set Specific Code input for plugin: GPIO
2025-12-26 12:05:58,884 [INFO] CodeGenerator:892 - code generatio: config db path: C:\ST\STM32CubeIDE_1.19.0\STM32CubeIDE\plugins\com.st.stm32cube.common.mx_6.15.0.202507011659\\db\
2025-12-26 12:05:58,886 [WARN] IP:2250 - I2C_Coeff_DF not found: check if there is a RefParameter without a condition.
2025-12-26 12:05:58,886 [WARN] IP:2250 - Analog_Filter not found: check if there is a RefParameter without a condition.
2025-12-26 12:05:59,017 [INFO] CodeEngine:265 - oldGeneratedFile, D:\I2C_PROGRAM\Assign8_Q2\MXTmpFiles\license.tmp_save
2025-12-26 12:05:59,292 [INFO] CodeEngine:289 - Generated code: D:\I2C_PROGRAM\Assign8_Q2\MXTmpFiles\license.tmp
2025-12-26 12:05:59,326 [INFO] CodeEngine:265 - oldGeneratedFile, D:\I2C_PROGRAM\Assign8_Q2\MXTmpFiles\gpio.tmp_save
2025-12-26 12:05:59,491 [INFO] CodeEngine:289 - Generated code: D:\I2C_PROGRAM\Assign8_Q2\MXTmpFiles\gpio.tmp
2025-12-26 12:05:59,579 [INFO] CodeEngine:265 - oldGeneratedFile, D:\I2C_PROGRAM\Assign8_Q2\Core\Src\stm32f4xx_it.c_save
2025-12-26 12:05:59,797 [INFO] CodeEngine:289 - Generated code: D:\I2C_PROGRAM\Assign8_Q2\Core\Src\stm32f4xx_it.c
2025-12-26 12:05:59,802 [INFO] CodeEngine:265 - oldGeneratedFile, D:\I2C_PROGRAM\Assign8_Q2\Core\Inc\stm32f4xx_it.h_save
2025-12-26 12:05:59,887 [INFO] CodeEngine:289 - Generated code: D:\I2C_PROGRAM\Assign8_Q2\Core\Inc\stm32f4xx_it.h
2025-12-26 12:05:59,901 [INFO] CodeEngine:265 - oldGeneratedFile, D:\I2C_PROGRAM\Assign8_Q2\Core\Src\stm32f4xx_hal_msp.c_save
2025-12-26 12:06:00,116 [INFO] CodeEngine:289 - Generated code: D:\I2C_PROGRAM\Assign8_Q2\Core\Src\stm32f4xx_hal_msp.c
2025-12-26 12:06:00,123 [INFO] CodeEngine:265 - oldGeneratedFile, D:\I2C_PROGRAM\Assign8_Q2\MXTmpFiles\system.tmp_save
2025-12-26 12:06:00,226 [INFO] CodeEngine:289 - Generated code: D:\I2C_PROGRAM\Assign8_Q2\MXTmpFiles\system.tmp
2025-12-26 12:06:00,241 [INFO] CodeEngine:321 - oldGeneratedFile, D:\I2C_PROGRAM\Assign8_Q2\Core\Inc\stm32f4xx_hal_conf.h_save
2025-12-26 12:06:00,439 [INFO] CodeEngine:345 - Generated code: D:\I2C_PROGRAM\Assign8_Q2\Core\Inc\stm32f4xx_hal_conf.h
2025-12-26 12:06:00,502 [INFO] CodeEngine:265 - oldGeneratedFile, D:\I2C_PROGRAM\Assign8_Q2\Core\Inc\main.h_save
2025-12-26 12:06:00,672 [INFO] CodeEngine:289 - Generated code: D:\I2C_PROGRAM\Assign8_Q2\Core\Inc\main.h
2025-12-26 12:06:00,678 [INFO] CodeEngine:265 - oldGeneratedFile, D:\I2C_PROGRAM\Assign8_Q2\Core\Src\main.c_save
2025-12-26 12:06:00,845 [INFO] CodeEngine:289 - Generated code: D:\I2C_PROGRAM\Assign8_Q2\Core\Src\main.c
2025-12-26 12:06:01,220 [INFO] ProjectBuilder:3606 - Time for Copy HAL[1] : 178mS.
2025-12-26 12:06:01,223 [INFO] ProjectBuilder:5216 - Project Generator version: 4.7.0-B52
2025-12-26 12:06:01,314 [INFO] ConfigFileManager:1595 - The Die is : DIE413
2025-12-26 12:06:02,396 [INFO] ProjectBuilder:5496 - Time for Generating toolchain IDE Files: 1173mS.
2025-12-26 12:06:02,397 [INFO] ProjectBuilder:3463 - Time for Copy CMSIS : 1mS.
2025-12-26 12:06:02,398 [INFO] ProjectBuilder:3463 - Time for Copy CMSIS : 0mS.
2025-12-26 12:24:07,218 [INFO] WebApp:194 - Connection lost
2025-12-26 12:24:07,461 [INFO] WebApp:191 - Connection restablished
2025-12-26 13:14:12,577 [ERROR] LogOutputStream:75 - [STDERR_REDIRECT] 
